{
  "_num_components": 2,
  "_largest_component_fraction": 0.9998588857102538,
  "_clustering_coefficient": 0.09801092946826868,
  "_degree_assortativity": -0.17819478317966392,
  "_shortest_path_skew": {
    "__sig_type__": "tuple",
    "data": [
      2.3702594836547326,
      0.9034802814423681,
      1.4905123218911278,
      2.0,
      5.0
    ]
  },
  "_pair_dists_finite": {
    "__sig_type__": "ndarray",
    "dtype": "float64",
    "data": [
      3.0,
      3.0,
      2.0,
      3.0,
      4.0,
      3.0,
      3.0,
      2.0,
      2.0,
      2.0,
      3.0,
      4.0,
      3.0,
      3.0,
      2.0,
      3.0,
      4.0,
      3.0,
      2.0,
      2.0,
      3.0,
      3.0,
      2.0,
      4.0,
      3.0,
      3.0,
      3.0,
      3.0,
      3.0,
      3.0,
      3.0,
      3.0,
      3.0,
      3.0,
      3.0,
      3.0,
      3.0,
      3.0,
      3.0,
      3.0,
      2.0,
      2.0,
      3.0,
      2.0,
      3.0,
      3.0,
      4.0,
      2.0,
      4.0,
      3.0,
      3.0,
      2.0,
      3.0,
      3.0,
      3.0,
      3.0,
      3.0,
      3.0,
      3.0,
      3.0,
      4.0,
      4.0,
      2.0,
      3.0,
      3.0,
      4.0,
      3.0,
      3.0,
      2.0,
      3.0,
      5.0,
      3.0,
      4.0,
      2.0,
      2.0,
      3.0,
      3.0,
      3.0,
      2.0,
      3.0,
      4.0,
      3.0,
      3.0,
      2.0,
      3.0,
      3.0,
      3.0,
      4.0,
      2.0,
      4.0,
      5.0,
      3.0,
      3.0,
      3.0,
      4.0,
      2.0,
      3.0,
      3.0,
      2.0,
      2.0,
      3.0,
      2.0,
      2.0,
      4.0,
      3.0,
      3.0,
      2.0,
      4.0,
      3.0,
      3.0,
      2.0,
      3.0,
      4.0,
      3.0,
      3.0,
      3.0,
      3.0,
      4.0,
      3.0,
      3.0,
      3.0,
      2.0,
      3.0,
      3.0,
      3.0,
      3.0,
      2.0,
      3.0,
      3.0,
      2.0,
      4.0,
      3.0,
      3.0,
      3.0,
      3.0,
      3.0,
      4.0,
      3.0,
      3.0,
      4.0,
      3.0,
      3.0,
      3.0,
      4.0,
      3.0,
      3.0,
      3.0,
      4.0,
      2.0,
      3.0,
      4.0,
      3.0,
      3.0,
      2.0,
      4.0,
      3.0,
      3.0,
      3.0,
      3.0,
      4.0,
      3.0,
      3.0,
      4.0,
      2.0,
      3.0,
      3.0,
      3.0,
      2.0,
      4.0,
      2.0,
      2.0,
      2.0,
      2.0,
      3.0,
      2.0,
      3.0,
      3.0,
      2.0,
      2.0,
      2.0,
      4.0,
      2.0,
      2.0,
      3.0,
      3.0,
      3.0,
      3.0,
      3.0,
      4.0,
      4.0,
      4.0,
      3.0,
      3.0,
      3.0,
      3.0,
      3.0,
      2.0,
      3.0,
      3.0,
      3.0,
      2.0,
      3.0,
      3.0,
      3.0,
      3.0,
      3.0,
      3.0,
      3.0,
      4.0,
      3.0,
      4.0,
      3.0,
      3.0,
      3.0,
      4.0,
      3.0,
      4.0,
      4.0,
      4.0,
      3.0,
      3.0,
      2.0,
      4.0,
      3.0,
      4.0,
      3.0,
      3.0,
      3.0,
      4.0,
      4.0,
      3.0,
      3.0,
      3.0,
      3.0,
      3.0,
      4.0,
      3.0,
      3.0,
      4.0,
      2.0,
      3.0,
      2.0,
      2.0,
      2.0,
      3.0,
      3.0,
      3.0,
      3.0,
      3.0,
      2.0,
      3.0,
      2.0,
      2.0,
      4.0,
      5.0,
      3.0,
      2.0,
      2.0,
      4.0,
      3.0,
      3.0,
      4.0,
      2.0,
      3.0,
      2.0,
      4.0,
      2.0,
      3.0,
      2.0,
      4.0,
      3.0,
      3.0,
      2.0,
      2.0,
      3.0,
      2.0,
      2.0,
      3.0,
      3.0,
      4.0,
      2.0,
      3.0,
      2.0,
      2.0,
      3.0,
      3.0,
      4.0,
      2.0,
      4.0,
      2.0,
      3.0,
      2.0,
      3.0,
      3.0,
      2.0,
      3.0,
      3.0,
      2.0,
      3.0,
      3.0,
      2.0,
      3.0,
      3.0,
      3.0,
      2.0,
      3.0,
      3.0,
      3.0,
      4.0,
      2.0,
      3.0,
      2.0,
      2.0,
      3.0,
      4.0,
      3.0,
      4.0,
      3.0,
      3.0,
      2.0,
      2.0,
      3.0,
      2.0,
      3.0,
      3.0,
      2.0,
      4.0,
      4.0,
      3.0,
      4.0,
      3.0,
      3.0,
      3.0,
      3.0,
      3.0,
      3.0,
      3.0,
      3.0,
      3.0,
      2.0,
      3.0,
      3.0,
      3.0,
      3.0,
      3.0,
      3.0,
      3.0,
      3.0,
      3.0,
      3.0,
      2.0,
      2.0,
      4.0,
      3.0,
      4.0,
      3.0,
      3.0,
      3.0,
      2.0,
      3.0,
      3.0,
      2.0,
      3.0,
      2.0,
      3.0,
      3.0,
      2.0,
      3.0,
      3.0,
      3.0,
      4.0,
      3.0,
      4.0,
      3.0,
      4.0,
      3.0,
      4.0,
      3.0,
      3.0,
      3.0,
      3.0,
      4.0,
      4.0,
      2.0,
      2.0,
      3.0,
      4.0,
      2.0,
      2.0,
      4.0,
      3.0,
      3.0,
      4.0,
      2.0,
      3.0,
      3.0,
      3.0,
      5.0,
      3.0,
      2.0,
      4.0,
      3.0,
      3.0,
      3.0,
      3.0,
      5.0,
      2.0,
      2.0,
      3.0,
      3.0,
      2.0,
      3.0,
      3.0,
      3.0,
      3.0,
      2.0,
      3.0,
      2.0,
      3.0,
      4.0,
      3.0,
      3.0,
      3.0,
      3.0,
      3.0,
      3.0,
      2.0,
      2.0,
      3.0,
      3.0,
      3.0,
      3.0,
      3.0,
      3.0,
      3.0,
      3.0,
      3.0,
      5.0,
      3.0,
      3.0,
      2.0,
      2.0,
      3.0,
      3.0,
      4.0,
      3.0,
      2.0,
      4.0,
      2.0,
      3.0,
      3.0,
      3.0,
      2.0,
      2.0,
      3.0,
      2.0,
      4.0,
      3.0,
      2.0,
      3.0,
      3.0,
      3.0,
      4.0,
      2.0,
      2.0,
      3.0,
      3.0,
      4.0,
      4.0,
      3.0,
      4.0,
      3.0,
      3.0,
      2.0,
      3.0,
      3.0,
      3.0,
      3.0,
      2.0,
      2.0,
      3.0,
      3.0,
      3.0,
      3.0,
      2.0,
      2.0,
      3.0,
      3.0,
      3.0,
      3.0,
      3.0,
      2.0,
      3.0,
      2.0,
      3.0,
      3.0,
      3.0,
      3.0,
      2.0,
      3.0,
      3.0,
      4.0,
      3.0,
      4.0,
      3.0,
      2.0,
      2.0,
      3.0,
      3.0,
      3.0,
      2.0,
      3.0,
      3.0,
      3.0,
      3.0,
      3.0,
      4.0,
      4.0,
      3.0,
      3.0,
      4.0,
      3.0,
      2.0,
      3.0,
      3.0,
      3.0,
      3.0,
      3.0,
      3.0,
      3.0,
      3.0,
      3.0,
      2.0,
      3.0,
      3.0,
      3.0,
      3.0,
      2.0,
      3.0,
      3.0,
      3.0,
      3.0,
      3.0,
      3.0,
      2.0,
      3.0,
      3.0,
      2.0,
      2.0,
      4.0,
      3.0,
      3.0,
      3.0,
      3.0,
      3.0,
      2.0,
      2.0,
      2.0,
      5.0,
      4.0,
      3.0,
      4.0,
      2.0,
      2.0,
      3.0,
      3.0,
      3.0,
      4.0,
      4.0,
      3.0,
      4.0,
      3.0,
      3.0,
      4.0,
      3.0,
      3.0,
      4.0,
      2.0,
      3.0,
      3.0,
      3.0,
      3.0,
      4.0,
      3.0,
      3.0,
      2.0,
      5.0,
      2.0,
      3.0,
      4.0,
      3.0,
      4.0,
      2.0,
      3.0,
      4.0,
      3.0,
      3.0,
      2.0,
      3.0,
      2.0,
      2.0,
      3.0,
      3.0,
      3.0,
      2.0,
      3.0,
      2.0,
      3.0,
      3.0,
      2.0,
      3.0,
      2.0,
      2.0,
      2.0,
      3.0,
      3.0,
      4.0,
      5.0,
      2.0,
      3.0,
      2.0,
      2.0,
      3.0,
      2.0,
      2.0,
      3.0,
      3.0,
      2.0,
      4.0,
      3.0,
      3.0,
      3.0,
      2.0,
      3.0,
      3.0,
      2.0,
      3.0,
      2.0,
      2.0,
      2.0,
      3.0,
      3.0,
      3.0,
      3.0,
      3.0,
      4.0,
      5.0,
      3.0,
      3.0,
      3.0,
      4.0,
      2.0,
      3.0,
      3.0,
      3.0,
      2.0,
      4.0,
      3.0,
      2.0,
      3.0,
      3.0,
      4.0,
      2.0,
      2.0,
      2.0,
      4.0,
      3.0,
      3.0,
      3.0,
      3.0,
      4.0,
      3.0,
      3.0,
      3.0,
      2.0,
      3.0,
      2.0,
      4.0,
      3.0,
      4.0,
      3.0,
      4.0,
      3.0,
      3.0,
      3.0,
      3.0,
