{
  "_num_entities": 254207,
  "_num_triples": 802066,
  "_num_relations": 5,
  "_density": 1.2411809348727547e-05,
  "_triples_per_entity": 3.1551688191119833,
  "_relation_reuse": 160413.2
}