{
  "_num_components": 4,
  "_largest_component_fraction": 0.9996223550098935,
  "_avg_shortest_path_length": 2.544,
  "_avg_shortest_path_length_se": 0.020519042112278008,
  "_clustering_coefficient": 0.3729861276689193,
  "_degree_assortativity": -0.23796754981122656,
  "_pair_dists_finite": {
    "__sig_type__": "ndarray",
    "dtype": "float64",
    "data": [
      2.0,
      2.0,
      3.0,
      3.0,
      3.0,
      2.0,
      2.0,
      4.0,
      2.0,
      3.0,
      3.0,
      3.0,
      3.0,
      3.0,
      2.0,
      3.0,
      2.0,
      2.0,
      2.0,
      3.0,
      2.0,
      3.0,
      3.0,
      2.0,
      2.0,
      3.0,
      3.0,
      3.0,
      4.0,
      2.0,
      3.0,
      3.0,
      2.0,
      2.0,
      2.0,
      2.0,
      3.0,
      2.0,
      2.0,
      3.0,
      4.0,
      3.0,
      2.0,
      3.0,
      2.0,
      3.0,
      3.0,
      2.0,
      3.0,
      3.0,
      2.0,
      3.0,
      3.0,
      2.0,
      3.0,
      3.0,
      3.0,
      2.0,
      2.0,
      3.0,
      4.0,
      3.0,
      2.0,
      3.0,
      2.0,
      3.0,
      2.0,
      2.0,
      3.0,
      2.0,
      3.0,
      2.0,
      2.0,
      2.0,
      2.0,
      3.0,
      4.0,
      2.0,
      3.0,
      2.0,
      2.0,
      3.0,
      3.0,
      3.0,
      3.0,
      3.0,
      2.0,
      3.0,
      4.0,
      3.0,
      2.0,
      2.0,
      2.0,
      2.0,
      3.0,
      4.0,
      2.0,
      3.0,
      2.0,
      2.0,
      3.0,
      2.0,
      3.0,
      4.0,
      2.0,
      3.0,
      2.0,
      4.0,
      2.0,
      2.0,
      2.0,
      2.0,
      2.0,
      3.0,
      2.0,
      2.0,
      2.0,
      2.0,
      3.0,
      2.0,
      2.0,
      2.0,
      2.0,
      4.0,
      3.0,
      2.0,
      2.0,
      3.0,
      2.0,
      2.0,
      2.0,
      2.0,
      3.0,
      4.0,
      2.0,
      2.0,
      4.0,
      2.0,
      2.0,
      4.0,
      2.0,
      3.0,
      2.0,
      2.0,
      2.0,
      2.0,
      2.0,
      2.0,
      3.0,
      3.0,
      4.0,
      2.0,
      2.0,
      3.0,
      2.0,
      2.0,
      3.0,
      2.0,
      3.0,
      2.0,
      3.0,
      4.0,
      2.0,
      2.0,
      2.0,
      3.0,
      3.0,
      2.0,
      2.0,
      3.0,
      3.0,
      2.0,
      2.0,
      3.0,
      2.0,
      2.0,
      3.0,
      2.0,
      2.0,
      3.0,
      2.0,
      2.0,
      3.0,
      2.0,
      2.0,
      3.0,
      3.0,
      2.0,
      3.0,
      4.0,
      3.0,
      2.0,
      3.0,
      2.0,
      3.0,
      2.0,
      3.0,
      2.0,
      2.0,
      3.0,
      4.0,
      3.0,
      2.0,
      2.0,
      2.0,
      2.0,
      2.0,
      3.0,
      4.0,
      2.0,
      2.0,
      2.0,
      3.0,
      4.0,
      2.0,
      2.0,
      2.0,
      2.0,
      3.0,
      2.0,
      3.0,
      2.0,
      3.0,
      3.0,
      3.0,
      2.0,
      2.0,
      3.0,
      3.0,
      2.0,
      3.0,
      2.0,
      2.0,
      2.0,
      3.0,
      3.0,
      3.0,
      2.0,
      2.0,
      3.0,
      2.0,
      3.0,
      3.0,
      3.0,
      2.0,
      2.0,
      2.0,
      3.0,
      2.0,
      3.0,
      3.0,
      2.0,
      2.0,
      4.0,
      2.0,
      2.0,
      2.0,
      3.0,
      4.0,
      4.0,
      4.0,
      2.0,
      2.0,
      2.0,
      4.0,
      2.0,
      3.0,
      2.0,
      2.0,
      4.0,
      3.0,
      3.0,
      2.0,
      3.0,
      2.0,
      2.0,
      3.0,
      3.0,
      2.0,
      3.0,
      2.0,
      3.0,
      3.0,
      2.0,
      2.0,
      4.0,
      3.0,
      2.0,
      2.0,
      2.0,
      4.0,
      2.0,
      2.0,
      3.0,
      4.0,
      3.0,
      2.0,
      3.0,
      2.0,
      2.0,
      2.0,
      3.0,
      2.0,
      3.0,
      4.0,
      2.0,
      3.0,
      3.0,
      2.0,
      2.0,
      2.0,
      2.0,
      3.0,
      2.0,
      4.0,
      3.0,
      2.0,
      2.0,
      3.0,
      3.0,
      2.0,
      3.0,
      3.0,
      3.0,
      3.0,
      2.0,
      2.0,
      3.0,
      2.0,
      3.0,
      3.0,
      2.0,
      3.0,
      3.0,
      3.0,
      4.0,
      3.0,
      3.0,
      3.0,
      3.0,
      2.0,
      3.0,
      2.0,
      2.0,
      3.0,
      2.0,
      3.0,
      3.0,
      2.0,
      3.0,
      2.0,
      2.0,
      2.0,
      3.0,
      2.0,
      2.0,
      2.0,
      2.0,
      2.0,
      2.0,
      3.0,
      3.0,
      2.0,
      2.0,
      2.0,
      3.0,
      2.0,
      2.0,
      2.0,
      2.0,
      2.0,
      2.0,
      2.0,
      4.0,
      3.0,
      3.0,
      2.0,
      3.0,
      4.0,
      3.0,
      3.0,
      2.0,
      3.0,
      4.0,
      2.0,
      3.0,
      2.0,
      3.0,
      3.0,
      2.0,
      2.0,
      2.0,
      3.0,
      2.0,
      3.0,
      2.0,
      2.0,
      3.0,
      3.0,
      3.0,
      3.0,
      2.0,
      2.0,
      3.0,
      3.0,
      3.0,
      3.0,
      2.0,
      3.0,
      2.0,
      3.0,
      3.0,
      3.0,
      3.0,
      2.0,
      2.0,
      3.0,
      3.0,
      2.0,
      2.0,
      2.0,
      2.0,
      2.0,
      3.0,
      2.0,
      2.0,
      3.0,
      2.0,
      2.0,
      2.0,
      2.0,
      3.0,
      2.0,
      3.0,
      2.0,
      3.0,
      3.0,
      2.0,
      3.0,
      2.0,
      2.0,
      3.0,
      2.0,
      2.0,
      2.0,
      2.0,
      3.0,
      2.0,
      2.0,
      2.0,
      3.0,
      2.0,
      2.0,
      3.0,
      3.0,
      2.0,
      2.0,
      2.0,
      3.0,
      2.0,
      3.0,
      2.0,
      2.0,
      2.0,
      2.0,
      2.0,
      2.0,
      2.0,
      2.0,
      3.0,
      2.0,
      3.0,
      2.0,
      4.0,
      2.0,
      2.0,
      2.0,
      2.0,
      2.0,
      2.0,
      3.0,
      2.0,
      3.0,
      2.0,
      2.0,
      3.0,
      3.0,
      3.0,
      3.0,
      2.0,
      2.0,
      2.0,
      2.0,
      4.0,
      4.0,
      3.0,
      2.0,
      2.0,
      2.0,
      2.0,
      2.0,
      2.0,
      2.0,
      3.0,
      4.0,
      3.0,
      2.0,
      3.0,
      2.0,
      4.0,
      3.0,
      2.0,
      2.0,
      2.0,
      4.0,
      5.0,
      3.0,
      2.0,
      3.0,
      3.0,
      2.0,
      2.0,
      4.0,
      4.0,
      3.0,
      3.0,
      3.0,
      3.0,
      2.0,
      2.0,
      2.0,
      2.0,
      2.0,
      2.0,
      2.0,
      2.0,
      2.0,
      2.0,
      2.0,
      2.0,
      2.0,
      2.0,
      3.0,
      3.0,
      2.0,
      2.0,
      2.0,
      3.0,
      2.0,
      2.0,
      2.0,
      3.0,
      2.0,
      4.0,
      4.0,
      4.0,
      2.0,
      2.0,
      2.0,
      2.0,
      4.0,
      2.0,
      3.0,
      4.0,
      4.0,
      2.0,
      2.0,
      2.0,
      2.0,
      3.0,
      2.0,
      2.0,
      2.0,
      2.0,
      3.0,
      2.0,
      2.0,
      2.0,
      3.0,
      2.0,
      2.0,
      2.0,
      3.0,
      3.0,
      2.0,
      2.0,
      3.0,
      3.0,
      3.0,
      2.0,
      5.0,
      3.0,
      2.0,
      2.0,
      2.0,
      2.0,
      3.0,
      3.0,
      3.0,
      2.0,
      2.0,
      2.0,
      3.0,
      3.0,
      2.0,
      2.0,
      3.0,
      2.0,
      2.0,
      2.0,
      2.0,
      3.0,
      3.0,
      3.0,
      2.0,
      2.0,
      3.0,
      2.0,
      2.0,
      4.0,
      3.0,
      3.0,
      3.0,
      2.0,
      2.0,
      2.0,
      3.0,
      3.0,
      2.0,
      3.0,
      2.0,
      4.0,
      3.0,
      4.0,
      2.0,
      3.0,
      2.0,
      3.0,
      3.0,
      3.0,
      2.0,
      3.0,
      4.0,
      4.0,
      2.0,
      2.0,
      2.0,
      2.0,
      2.0,
      2.0,
      2.0,
      2.0,
      2.0,
      4.0,
      3.0,
      2.0,
      3.0,
      3.0,
      3.0,
      2.0,
      3.0,
      3.0,
      3.0,
      2.0,
      2.0,
      3.0,
      2.0,
      3.0,
      2.0,
      3.0,
      4.0,
      2.0,
      2.0,
      2.0,
      4.0,
      3.0,
      2.0,
      2.0,
      2.0,
      3.0,
      4.0,
      2.0,
      2.0,
      3.0,
      3.0,
      2.0,
      2.0,
      2.0,
      3.0,
      3.0,
      2.0,
      3.0,
      3.0,
      2.0,
