{
  "_triangle_count": 597605,
  "_four_cycle_count": 0,
  "_five_cycle_count": 0,
  "_six_cycle_count": 0,
  "_diamond_count": 0,
  "_k4_count": 0,
  "_tailed_triangle_count": 30667039950,
  "_star_counts": {
    "__sig_type__": "dict",
    "items": [
      [
        2,
        17995691964
      ],
      [
        3,
        1056680233133152
      ],
      [
        4,
        48346853489807720448
      ],
      [
        5,
        1775811736770939988213760
      ],
      [
        6,
        55094042826308656589573193728
      ],
      [
        7,
        1445422139556310206536712378646528
      ],
      [
        8,
        32892634662676713863918747853504118784
      ],
      [
        9,
        691113781046775473257965962590042649001984
      ],
      [
        10,
        12603465305501455137248866810258036616010399744
      ]
    ]
  },
  "_path_template_zipf": {
    "__sig_type__": "dict",
    "items": [
      [
        2,
        NaN
      ],
      [
        3,
        1.1817851275953752
      ],
      [
        4,
        6.155413012294663
      ],
      [
        5,
        1.2081138129994855
      ],
      [
        6,
        1.4990357000948442
      ],
      [
        7,
        1.2304815547100545
      ],
      [
        8,
        NaN
      ],
      [
        9,
        NaN
      ],
      [
        10,
        NaN
      ]
    ]
  },
  "_path_template_entropy": {
    "__sig_type__": "dict",
    "items": [
      [
        2,
        -0.0
      ],
      [
        3,
        0.00020005008388837686
      ],
      [
        4,
        0.6746829090735259
      ],
      [
        5,
        1.5390595000982572
      ],
      [
        6,
        0.014129108682818694
      ],
      [
        7,
        0.8693786418690512
      ],
      [
        8,
        NaN
      ],
      [
        9,
        NaN
      ],
      [
        10,
        NaN
      ]
    ]
  },
  "_tree_template_zipf": 1.090551260847349,
  "_tree_template_entropy": 0.02253133678729622
}