{
  "source": "/Users/cl/data/Cross_Platform_Work/Uni/tum/bpc/BPC-Data-Engeneering-Topic-2/graphs/data/aids/raw/AIDS.nt",
  "features": {
    "num_entities": 254207.0,
    "num_triples": 802066.0,
    "num_relations": 5.0,
    "density": 1.2411809348727547e-05,
    "triples_per_entity": 3.1551688191119833,
    "relation_reuse": 160413.2,
    "out_degree_alpha": 2.5365966796874995,
    "out_degree_ks": 0.32680942662768114,
    "in_degree_alpha": 1.3367654190077032,
    "in_degree_ks": 0.08042909303857909,
    "obj_multiplicity_alpha_mean": 2.1664306640624984,
    "obj_multiplicity_alpha_std": 0.0,
    "obj_multiplicity_alpha_median": 2.1664306640624984,
    "obj_multiplicity_ks_mean": 0.2113137840885605,
    "obj_multiplicity_ks_std": 0.0,
    "obj_multiplicity_ks_median": 0.2113137840885605,
    "subj_multiplicity_alpha_mean": 1.7523679610346141,
    "subj_multiplicity_alpha_std": 0.4140627030278844,
    "subj_multiplicity_alpha_median": 1.7523679610346141,
    "subj_multiplicity_ks_mean": 0.13412743914974062,
    "subj_multiplicity_ks_std": 0.07718634493881987,
    "subj_multiplicity_ks_median": 0.13412743914974062,
    "functionality_mean": 0.6849531086093344,
    "functionality_std": 0.40175282451164795,
    "functionality_median": 0.9749204246865053,
    "inverse_functionality_mean": 0.5280903635112952,
    "inverse_functionality_std": 0.40123655711508827,
    "inverse_functionality_median": 0.4498451183601667,
    "subj_singular_value_01": 414949.9137169921,
    "subj_singular_value_02": 97691.62269508155,
    "subj_singular_value_03": 43469.57011851971,
    "subj_singular_value_04": 10403.404963990533,
    "subj_singular_value_05": 0.0,
    "subj_singular_value_06": 0.0,
    "subj_singular_value_07": 0.0,
    "subj_singular_value_08": 0.0,
    "subj_singular_value_09": 0.0,
    "subj_singular_value_10": 0.0,
    "subj_cooc_density": 0.84,
    "subj_row_entropy_mean": 1.1265904640937638,
    "subj_row_entropy_std": 0.08119801623141248,
    "obj_singular_value_01": 176992.08922459863,
    "obj_singular_value_02": 94799.62148436919,
    "obj_singular_value_03": 40445.93118476445,
    "obj_singular_value_04": 2640.3581062676762,
    "obj_singular_value_05": 0.0,
    "obj_singular_value_06": 0.0,
    "obj_singular_value_07": 0.0,
    "obj_singular_value_08": 0.0,
    "obj_singular_value_09": 0.0,
    "obj_singular_value_10": 0.0,
    "obj_cooc_density": 0.52,
    "obj_row_entropy_mean": 0.5634355018726731,
    "obj_row_entropy_std": 0.2910868136792478,
    "num_classes": 51.0,
    "class_size_zipf_exponent": 1.3383052580067296,
    "mean_type_relation_entropy": 0.5619473789983994,
    "num_distinct_cs": 9.0,
    "cs_freq_alpha": NaN,
    "cs_freq_ks": NaN,
    "cs_size_mean": 2.2389162561576357,
    "cs_size_median": 2.0,
    "cs_size_p90": 3.0,
    "inv_num_distinct_cs": 9.0,
    "inv_cs_freq_alpha": NaN,
    "inv_cs_freq_ks": NaN,
    "inv_cs_size_mean": 1.241593698378468,
    "inv_cs_size_median": 1.0,
    "inv_cs_size_p90": 2.0,
    "pair_freq_top_01": 0.2991029385689699,
    "pair_freq_top_02": 0.25763999265278126,
    "pair_freq_top_03": 0.14331323465551418,
    "pair_freq_top_04": 0.1206578945971399,
    "pair_freq_top_05": 0.033271646424654376,
    "pair_freq_top_06": 0.033271646424654376,
    "pair_freq_top_07": 0.026786557987286762,
    "pair_freq_top_08": 0.02574074722913236,
    "pair_freq_top_09": 0.02574074722913236,
    "pair_freq_top_10": 0.0254869921314685,
    "pair_freq_top_11": 0.002301845404749998,
    "pair_freq_top_12": 0.002301845404749998,
    "pair_freq_top_13": 0.0014099864840904047,
    "pair_freq_top_14": 0.0014099864840904047,
    "pair_freq_top_15": 0.0007819691607926077,
    "pair_freq_top_16": 0.0007819691607926077,
    "pair_freq_top_17": 0.0,
    "pair_freq_top_18": 0.0,
    "pair_freq_top_19": 0.0,
    "pair_freq_top_20": 0.0,
    "pair_freq_alpha": 2.1546817434137395,
    "pair_freq_ks": 0.24419251522105656,
    "triangle_count": 597605.0,
    "four_cycle_count": 0.0,
    "five_cycle_count": 0.0,
    "six_cycle_count": 0.0,
    "diamond_count": 0.0,
    "k4_count": 0.0,
    "tailed_triangle_count": 30667039950.0,
    "star_count_k2": 17995691964.0,
    "star_count_k3": 1056680233133152.0,
    "star_count_k4": 4.834685348980772e+19,
    "star_count_k5": 1.77581173677094e+24,
    "star_count_k6": 5.509404282630866e+28,
    "star_count_k7": 1.4454221395563102e+33,
    "star_count_k8": 3.2892634662676714e+37,
    "star_count_k9": 6.911137810467755e+41,
    "star_count_k10": 1.2603465305501455e+46,
    "path_template_zipf_k2": NaN,
    "path_template_zipf_k3": 1.1817851275953752,
    "path_template_zipf_k4": 6.155413012294663,
    "path_template_zipf_k5": 1.2081138129994855,
    "path_template_zipf_k6": 1.4990357000948442,
    "path_template_zipf_k7": 1.2304815547100545,
    "path_template_zipf_k8": NaN,
    "path_template_zipf_k9": NaN,
    "path_template_zipf_k10": NaN,
    "path_template_entropy_k2": -0.0,
    "path_template_entropy_k3": 0.00020005008388837686,
    "path_template_entropy_k4": 0.6746829090735259,
    "path_template_entropy_k5": 1.5390595000982572,
    "path_template_entropy_k6": 0.014129108682818694,
    "path_template_entropy_k7": 0.8693786418690512,
    "path_template_entropy_k8": NaN,
    "path_template_entropy_k9": NaN,
    "path_template_entropy_k10": NaN,
    "tree_template_zipf": 1.090551260847349,
    "tree_template_entropy": 0.02253133678729622,
    "num_components": 4.0,
    "largest_component_fraction": 0.9996223550098935,
    "avg_shortest_path_length": 2.544,
    "avg_shortest_path_length_se": 0.020519042112278008,
    "clustering_coefficient": 0.3729861276689193,
    "degree_assortativity": -0.23796754981122656
  }
}