{
  "_triangle_count": 2073,
  "_four_cycle_count": 60391,
  "_five_cycle_count": 512518,
  "_six_cycle_count": 9941280,
  "_diamond_count": 2919,
  "_k4_count": 0,
  "_tailed_triangle_count": 8578367,
  "_path_template_zipf": {
    "__sig_type__": "dict",
    "items": [
      [
        2,
        NaN
      ],
      [
        3,
        1.215747884361115
      ],
      [
        4,
        1.1781914735511816
      ],
      [
        5,
        1.1726365038835986
      ],
      [
        6,
        1.2017321351641705
      ],
      [
        7,
        1.2361164815922716
      ],
      [
        8,
        1.251814792122175
      ],
      [
        9,
        NaN
      ],
      [
        10,
        NaN
      ]
    ]
  },
  "_path_template_entropy": {
    "__sig_type__": "dict",
    "items": [
      [
        2,
        -0.0
      ],
      [
        3,
        0.0009673654830015102
      ],
      [
        4,
        0.13989916263557087
      ],
      [
        5,
        0.4906027681741942
      ],
      [
        6,
        0.8105627744437521
      ],
      [
        7,
        1.1203113797080664
      ],
      [
        8,
        1.3855054288392132
      ],
      [
        9,
        NaN
      ],
      [
        10,
        NaN
      ]
    ]
  },
  "_tree_template_zipf": 1.0942262438838766,
  "_tree_template_entropy": 0.23296486726014512
}