{
  "_num_components": 3,
  "_largest_component_fraction": 0.9999739281198263,
  "_clustering_coefficient": 0.0034836824744141496,
  "_degree_assortativity": -0.021933663050907753,
  "_shortest_path_max": 8.0,
  "_shortest_path_mean": 4.783,
  "_shortest_path_var": 0.859911,
  "_pair_dists_finite": {
    "__sig_type__": "ndarray",
    "dtype": "float64",
    "data": [
      4.0,
      5.0,
      6.0,
      5.0,
      5.0,
      5.0,
      4.0,
      4.0,
      5.0,
      5.0,
      4.0,
      5.0,
      5.0,
      4.0,
      5.0,
      5.0,
      5.0,
      5.0,
      5.0,
      5.0,
      5.0,
      5.0,
      4.0,
      5.0,
      6.0,
      4.0,
      4.0,
      5.0,
      6.0,
      6.0,
      5.0,
      6.0,
      5.0,
      6.0,
      5.0,
      2.0,
      6.0,
      5.0,
      4.0,
      5.0,
      3.0,
      5.0,
      5.0,
      6.0,
      5.0,
      4.0,
      4.0,
      6.0,
      5.0,
      7.0,
      7.0,
      5.0,
      6.0,
      5.0,
      3.0,
      7.0,
      6.0,
      3.0,
      5.0,
      5.0,
      7.0,
      7.0,
      5.0,
      4.0,
      4.0,
      4.0,
      5.0,
      5.0,
      4.0,
      6.0,
      5.0,
      4.0,
      4.0,
      5.0,
      7.0,
      4.0,
      4.0,
      5.0,
      5.0,
      5.0,
      5.0,
      5.0,
      3.0,
      6.0,
      4.0,
      5.0,
      4.0,
      4.0,
      6.0,
      6.0,
      4.0,
      5.0,
      5.0,
      5.0,
      5.0,
      3.0,
      5.0,
      4.0,
      5.0,
      5.0,
      5.0,
      5.0,
      4.0,
      3.0,
      6.0,
      5.0,
      4.0,
      4.0,
      5.0,
      5.0,
      5.0,
      5.0,
      4.0,
      4.0,
      4.0,
      6.0,
      4.0,
      4.0,
      4.0,
      6.0,
      5.0,
      4.0,
      5.0,
      3.0,
      6.0,
      6.0,
      6.0,
      5.0,
      5.0,
      5.0,
      4.0,
      6.0,
      6.0,
      5.0,
      5.0,
      5.0,
      4.0,
      4.0,
      4.0,
      3.0,
      4.0,
      5.0,
      6.0,
      5.0,
      5.0,
      5.0,
      6.0,
      4.0,
      6.0,
      6.0,
      6.0,
      5.0,
      6.0,
      5.0,
      4.0,
      5.0,
      4.0,
      4.0,
      6.0,
      4.0,
      5.0,
      4.0,
      4.0,
      4.0,
      5.0,
      4.0,
      5.0,
      5.0,
      4.0,
      4.0,
      4.0,
      5.0,
      6.0,
      5.0,
      5.0,
      6.0,
      5.0,
      4.0,
      4.0,
      6.0,
      5.0,
      5.0,
      5.0,
      3.0,
      5.0,
      5.0,
      5.0,
      5.0,
      4.0,
      5.0,
      4.0,
      5.0,
      5.0,
      5.0,
      5.0,
      4.0,
      5.0,
      4.0,
      5.0,
      4.0,
      4.0,
      5.0,
      4.0,
      5.0,
      4.0,
      4.0,
      5.0,
      3.0,
      6.0,
      5.0,
      5.0,
      4.0,
      6.0,
      4.0,
      6.0,
      4.0,
      5.0,
      5.0,
      7.0,
      5.0,
      2.0,
      4.0,
      6.0,
      4.0,
      4.0,
      6.0,
      5.0,
      5.0,
      4.0,
      6.0,
      3.0,
      5.0,
      4.0,
      5.0,
      4.0,
      5.0,
      4.0,
      4.0,
      4.0,
      4.0,
      5.0,
      5.0,
      3.0,
      4.0,
      4.0,
      8.0,
      4.0,
      3.0,
      5.0,
      4.0,
      4.0,
      4.0,
      5.0,
      5.0,
      5.0,
      5.0,
      4.0,
      5.0,
      6.0,
      5.0,
      5.0,
      5.0,
      7.0,
      5.0,
      4.0,
      6.0,
      6.0,
      5.0,
      6.0,
      5.0,
      5.0,
      5.0,
      4.0,
      5.0,
      4.0,
      4.0,
      5.0,
      5.0,
      4.0,
      5.0,
      6.0,
      5.0,
      5.0,
      6.0,
      5.0,
      5.0,
      5.0,
      6.0,
      5.0,
      5.0,
      4.0,
      3.0,
      5.0,
      4.0,
      7.0,
      5.0,
      5.0,
      4.0,
      5.0,
      5.0,
      6.0,
      3.0,
      5.0,
      7.0,
      4.0,
      4.0,
      4.0,
      2.0,
      5.0,
      3.0,
      5.0,
      5.0,
      5.0,
      5.0,
      4.0,
      5.0,
      5.0,
      5.0,
      5.0,
      5.0,
      5.0,
      5.0,
      5.0,
      5.0,
      6.0,
      6.0,
      4.0,
      4.0,
      4.0,
      6.0,
      5.0,
      5.0,
      5.0,
      4.0,
      3.0,
      5.0,
      6.0,
      6.0,
      6.0,
      5.0,
      5.0,
      3.0,
      5.0,
      4.0,
      5.0,
      5.0,
      6.0,
      4.0,
      5.0,
      4.0,
      5.0,
      5.0,
      4.0,
      4.0,
      5.0,
      5.0,
      4.0,
      5.0,
      5.0,
      5.0,
      5.0,
      4.0,
      3.0,
      5.0,
      5.0,
      5.0,
      6.0,
      5.0,
      4.0,
      5.0,
      3.0,
      4.0,
      3.0,
      5.0,
      5.0,
      4.0,
      3.0,
      5.0,
      5.0,
      5.0,
      5.0,
      4.0,
      6.0,
      4.0,
      6.0,
      6.0,
      6.0,
      4.0,
      5.0,
      6.0,
      4.0,
      5.0,
      5.0,
      6.0,
      5.0,
      5.0,
      5.0,
      6.0,
      5.0,
      4.0,
      5.0,
      6.0,
      7.0,
      5.0,
      6.0,
      6.0,
      5.0,
      4.0,
      5.0,
      4.0,
      6.0,
      6.0,
      4.0,
      6.0,
      5.0,
      5.0,
      5.0,
      5.0,
      4.0,
      4.0,
      6.0,
      4.0,
      4.0,
      5.0,
      5.0,
      5.0,
      4.0,
      4.0,
      6.0,
      5.0,
      5.0,
      6.0,
      5.0,
      3.0,
      5.0,
      4.0,
      4.0,
      6.0,
      5.0,
      6.0,
      5.0,
      4.0,
      4.0,
      6.0,
      4.0,
      5.0,
      5.0,
      4.0,
      4.0,
      5.0,
      4.0,
      5.0,
      4.0,
      4.0,
      4.0,
      6.0,
      5.0,
      4.0,
      4.0,
      6.0,
      4.0,
      4.0,
      6.0,
      6.0,
      5.0,
      4.0,
      5.0,
      7.0,
      5.0,
      4.0,
      4.0,
      6.0,
      5.0,
      5.0,
      5.0,
      5.0,
      6.0,
      4.0,
      6.0,
      4.0,
      3.0,
      5.0,
      6.0,
      4.0,
      4.0,
      6.0,
      4.0,
      4.0,
      5.0,
      5.0,
      5.0,
      6.0,
      4.0,
      4.0,
      4.0,
      5.0,
      4.0,
      6.0,
      4.0,
      4.0,
      4.0,
      6.0,
      5.0,
      6.0,
      6.0,
      6.0,
      5.0,
      6.0,
      4.0,
      5.0,
      5.0,
      5.0,
      5.0,
      5.0,
      5.0,
      3.0,
      5.0,
      5.0,
      5.0,
      6.0,
      4.0,
      5.0,
      4.0,
      5.0,
      4.0,
      5.0,
      5.0,
      5.0,
      4.0,
      5.0,
      5.0,
      5.0,
      4.0,
      3.0,
      4.0,
      4.0,
      5.0,
      4.0,
      5.0,
      6.0,
      5.0,
      4.0,
      5.0,
      5.0,
      4.0,
      4.0,
      6.0,
      5.0,
      5.0,
      5.0,
      6.0,
      3.0,
      6.0,
      5.0,
      5.0,
      4.0,
      4.0,
      6.0,
      4.0,
      5.0,
      4.0,
      5.0,
      5.0,
      4.0,
      6.0,
      4.0,
      6.0,
      6.0,
      7.0,
      5.0,
      5.0,
      5.0,
      5.0,
      4.0,
      3.0,
      5.0,
      4.0,
      6.0,
      4.0,
      4.0,
      6.0,
      3.0,
      5.0,
      4.0,
      6.0,
      5.0,
      7.0,
      5.0,
      4.0,
      7.0,
      6.0,
      5.0,
      3.0,
      5.0,
      5.0,
      5.0,
      6.0,
      4.0,
      6.0,
      4.0,
      5.0,
      5.0,
      4.0,
      6.0,
      5.0,
      7.0,
      5.0,
      5.0,
      5.0,
      5.0,
      5.0,
      5.0,
      5.0,
      5.0,
      6.0,
      5.0,
      5.0,
      6.0,
      3.0,
      4.0,
      4.0,
      5.0,
      5.0,
      4.0,
      3.0,
      5.0,
      4.0,
      3.0,
      5.0,
      4.0,
      5.0,
      5.0,
      5.0,
      5.0,
      5.0,
      6.0,
      6.0,
      6.0,
      5.0,
      5.0,
      5.0,
      6.0,
      5.0,
      4.0,
      4.0,
      4.0,
      3.0,
      3.0,
      4.0,
      5.0,
      4.0,
      3.0,
      4.0,
      4.0,
      4.0,
      3.0,
      3.0,
      3.0,
      5.0,
      6.0,
      4.0,
      6.0,
      4.0,
      4.0,
      4.0,
      5.0,
      3.0,
      5.0,
      4.0,
      8.0,
      7.0,
      6.0,
      4.0,
      5.0,
      4.0,
      5.0,
      4.0,
      4.0,
      6.0,
      6.0,
      5.0,
      2.0,
      4.0,
      6.0,
      3.0,
      5.0,
      5.0,
      4.0,
      5.0,
      6.0,
      4.0,
      6.0,
      4.0,
