{
  "source": "/Users/cl/data/Cross_Platform_Work/Uni/tum/bpc/BPC-Data-Engeneering-Topic-2/data/graphs/swdf/swdf_synth_20260706_171342.ttl",
  "features": {
    "num_entities": 76711.0,
    "num_relations": 155.0,
    "mean_degree": 3.158034701672511,
    "out_degree_alpha": 2.36204976296889,
    "out_degree_xmin": 2.0,
    "in_degree_alpha": 2.483473589146418,
    "in_degree_xmin": 21.0,
    "relation_zipf_exponent": 1.6036788269397513,
    "relation_zipf_xmin": 101.0,
    "obj_mult_alpha_q00": 1.4,
    "obj_mult_alpha_q10": 1.9033688923057162,
    "obj_mult_alpha_q25": 2.4271728515624993,
    "obj_mult_alpha_q50": 2.7145751953124986,
    "obj_mult_alpha_q75": 2.999999999999999,
    "obj_mult_alpha_q90": 2.999999999999999,
    "obj_mult_alpha_q100": 3.0,
    "subj_mult_alpha_q00": 1.4,
    "subj_mult_alpha_q10": 1.8598147970751984,
    "subj_mult_alpha_q25": 2.015029468723196,
    "subj_mult_alpha_q50": 2.346386937768042,
    "subj_mult_alpha_q75": 2.7064086914062493,
    "subj_mult_alpha_q90": 2.9992968749999993,
    "subj_mult_alpha_q100": 3.0,
    "a_obj": -0.03358350856750089,
    "a_subj": 0.04508014918224472,
    "out_degree_max": 86.0,
    "out_degree_p90": 6.0,
    "in_degree_max": 5568.0,
    "in_degree_p90": 7.0,
    "recip_symmetric_frac_bin0": NaN,
    "recip_symmetric_frac_bin1": NaN,
    "recip_symmetric_frac_bin2": 0.0,
    "recip_symmetric_frac_bin3": 0.0,
    "recip_symmetric_frac_bin4": 0.0,
    "recip_symmetric_frac_bin5": 0.0,
    "recip_symmetric_value": NaN,
    "class_size_alpha": NaN,
    "class_size_xmin": NaN,
    "num_classes": 0.0,
    "subj_cooc_rate": 0.3118362655456441,
    "subj_cooc_scale": 0.4560112610593316,
    "subj_cooc_density": 0.2559417273673257,
    "obj_cooc_rate": 0.3188779628053034,
    "obj_cooc_scale": 0.3822694626524514,
    "obj_cooc_density": 0.16362122788761707,
    "edge_multiplicity": 1.0571247790893024,
    "bidirectional_ratio": 1.0000174549770686,
    "subj_row_entropy_q00": 0.0,
    "subj_row_entropy_q10": 1.7500933208275957,
    "subj_row_entropy_q25": 2.4211821111551437,
    "subj_row_entropy_q50": 2.7474926431307165,
    "subj_row_entropy_q75": 2.983529516577083,
    "subj_row_entropy_q90": 3.1229404097108797,
    "subj_row_entropy_q100": 3.3280720416070726,
    "obj_row_entropy_q00": 0.0,
    "obj_row_entropy_q10": 0.9453454050637347,
    "obj_row_entropy_q25": 1.854020512964141,
    "obj_row_entropy_q50": 2.3525736862683235,
    "obj_row_entropy_q75": 2.5965902193884665,
    "obj_row_entropy_q90": 2.7537384014012662,
    "obj_row_entropy_q100": 3.0522575249999937,
    "type_rel_spectrum_rate": NaN,
    "type_rel_spectrum_scale": NaN,
    "per_type_entropy_rate": NaN,
    "per_type_entropy_scale": NaN,
    "num_distinct_cs": 5799.0,
    "cs_freq_alpha": 1.9261050365537118,
    "cs_freq_vmin": 1.0,
    "cs_freq_vmax": 16023.0,
    "cs_size_q00": 1.0,
    "cs_size_q10": 1.0,
    "cs_size_q25": 1.0,
    "cs_size_q50": 2.0,
    "cs_size_q75": 3.0,
    "cs_size_q90": 5.0,
    "cs_size_q100": 22.0,
    "inv_num_distinct_cs": 1504.0,
    "inv_cs_freq_alpha": 1.5657662391856186,
    "inv_cs_freq_vmin": 1.0,
    "inv_cs_freq_vmax": 13626.0,
    "inv_cs_size_q00": 1.0,
    "inv_cs_size_q10": 1.0,
    "inv_cs_size_q25": 1.0,
    "inv_cs_size_q50": 2.0,
    "inv_cs_size_q75": 3.0,
    "inv_cs_size_q90": 6.0,
    "inv_cs_size_q100": 15.0,
    "two_step_alpha": 1.4218818082550462,
    "two_step_vmin": 1.0,
    "two_step_vmax": 138735.0,
    "triangle_count": 2073.0,
    "four_cycle_count": 60391.0,
    "five_cycle_count": 512518.0,
    "six_cycle_count": 9941280.0,
    "diamond_count": 2919.0,
    "k4_count": 0.0,
    "tailed_triangle_count": 8578367.0,
    "path_template_zipf_k2": NaN,
    "path_template_zipf_k3": 1.215747884361115,
    "path_template_zipf_k4": 1.1781914735511816,
    "path_template_zipf_k5": 1.1726365038835986,
    "path_template_zipf_k6": 1.2017321351641705,
    "path_template_zipf_k7": 1.2361164815922716,
    "path_template_zipf_k8": 1.251814792122175,
    "path_template_zipf_k9": NaN,
    "path_template_zipf_k10": NaN,
    "path_template_entropy_k2": -0.0,
    "path_template_entropy_k3": 0.0009673654830015102,
    "path_template_entropy_k4": 0.13989916263557087,
    "path_template_entropy_k5": 0.4906027681741942,
    "path_template_entropy_k6": 0.8105627744437521,
    "path_template_entropy_k7": 1.1203113797080664,
    "path_template_entropy_k8": 1.3855054288392132,
    "path_template_entropy_k9": NaN,
    "path_template_entropy_k10": NaN,
    "tree_template_zipf": 1.0942262438838766,
    "tree_template_entropy": 0.23296486726014512,
    "num_components": 3.0,
    "largest_component_fraction": 0.9999739281198263,
    "clustering_coefficient": 0.0034836824744141496,
    "degree_assortativity": -0.021933663050907753,
    "shortest_path_max": 8.0,
    "shortest_path_mean": 4.783,
    "shortest_path_var": 0.859911
  }
}