{
  "_triangle_count": 8237,
  "_four_cycle_count": 264027,
  "_five_cycle_count": 3419082,
  "_six_cycle_count": 62593109,
  "_diamond_count": 125831,
  "_k4_count": 649,
  "_tailed_triangle_count": 5512161,
  "_path_template_zipf": {
    "__sig_type__": "dict",
    "items": [
      [
        2,
        NaN
      ],
      [
        3,
        1.3597040296857634
      ],
      [
        4,
        1.1580793044540814
      ],
      [
        5,
        1.161747363698662
      ],
      [
        6,
        1.176836770303206
      ],
      [
        7,
        1.2247700466462583
      ],
      [
        8,
        1.270881383823732
      ],
      [
        9,
        1.3062281124763098
      ],
      [
        10,
        1.3539102987871727
      ]
    ]
  },
  "_path_template_entropy": {
    "__sig_type__": "dict",
    "items": [
      [
        2,
        -0.0
      ],
      [
        3,
        0.025155849030671192
      ],
      [
        4,
        0.35494845390737967
      ],
      [
        5,
        1.320705392917485
      ],
      [
        6,
        2.0360628939425522
      ],
      [
        7,
        2.8062206178397355
      ],
      [
        8,
        3.49029143880319
      ],
      [
        9,
        4.250376156628048
      ],
      [
        10,
        4.982347214370211
      ]
    ]
  },
  "_tree_template_zipf": 1.0651889386485378,
  "_tree_template_entropy": 0.12713588871875564
}