{
  "source": "/Users/cl/data/Cross_Platform_Work/Uni/tum/bpc/BPC-Data-Engeneering-Topic-2/data/graphs/fb237_v4/fb237_v4_synth_20260706_095350.ttl",
  "features": {
    "num_entities": 4707.0,
    "num_relations": 197.0,
    "mean_degree": 7.205438708306777,
    "out_degree_alpha": 2.8438476562499995,
    "out_degree_xmin": 5.0,
    "in_degree_alpha": 2.5750865746629295,
    "in_degree_xmin": 14.0,
    "relation_zipf_exponent": 1.6176165619669614,
    "relation_zipf_xmin": 4.0,
    "obj_mult_alpha_q00": NaN,
    "obj_mult_alpha_q10": NaN,
    "obj_mult_alpha_q25": NaN,
    "obj_mult_alpha_q50": NaN,
    "obj_mult_alpha_q75": NaN,
    "obj_mult_alpha_q90": NaN,
    "obj_mult_alpha_q100": NaN,
    "subj_mult_alpha_q00": NaN,
    "subj_mult_alpha_q10": NaN,
    "subj_mult_alpha_q25": NaN,
    "subj_mult_alpha_q50": NaN,
    "subj_mult_alpha_q75": NaN,
    "subj_mult_alpha_q90": NaN,
    "subj_mult_alpha_q100": NaN,
    "a_obj": -0.18183131208860862,
    "a_subj": 0.04352941703306628,
    "out_degree_max": 195.0,
    "out_degree_p90": 15.0,
    "in_degree_max": 1177.0,
    "in_degree_p90": 14.0,
    "recip_symmetric_frac_bin0": NaN,
    "recip_symmetric_frac_bin1": NaN,
    "recip_symmetric_frac_bin2": NaN,
    "recip_symmetric_frac_bin3": 0.0,
    "recip_symmetric_frac_bin4": 0.16666666666666666,
    "recip_symmetric_frac_bin5": 0.047619047619047616,
    "recip_symmetric_value": 0.6586115700839053,
    "class_size_alpha": NaN,
    "class_size_xmin": NaN,
    "num_classes": 0.0,
    "subj_cooc_rate": 0.3103201237839389,
    "subj_cooc_scale": 0.5720328519830509,
    "subj_cooc_density": 0.15189775567522998,
    "obj_cooc_rate": 0.3052426670921064,
    "obj_cooc_scale": 0.528146290507012,
    "obj_cooc_density": 0.15540209745162203,
    "edge_multiplicity": 1.0419341955700285,
    "bidirectional_ratio": 1.0089266342249636,
    "subj_row_entropy_q00": 0.6931471805599453,
    "subj_row_entropy_q10": 1.5981002475291897,
    "subj_row_entropy_q25": 2.345239356695103,
    "subj_row_entropy_q50": 2.7347879078200625,
    "subj_row_entropy_q75": 2.988577689819599,
    "subj_row_entropy_q90": 3.1626329695802236,
    "subj_row_entropy_q100": 3.460906625309279,
    "obj_row_entropy_q00": 0.0,
    "obj_row_entropy_q10": 1.6094379124341005,
    "obj_row_entropy_q25": 2.2159618600737057,
    "obj_row_entropy_q50": 2.7213197406042946,
    "obj_row_entropy_q75": 3.049227828322932,
    "obj_row_entropy_q90": 3.232965483477004,
    "obj_row_entropy_q100": 3.398715042330415,
    "type_rel_spectrum_rate": NaN,
    "type_rel_spectrum_scale": NaN,
    "per_type_entropy_rate": NaN,
    "per_type_entropy_scale": NaN,
    "num_distinct_cs": 1409.0,
    "cs_freq_alpha": 2.4999755859374986,
    "cs_freq_vmin": 1.0,
    "cs_freq_vmax": 538.0,
    "cs_size_q00": 1.0,
    "cs_size_q10": 1.0,
    "cs_size_q25": 2.0,
    "cs_size_q50": 3.0,
    "cs_size_q75": 4.0,
    "cs_size_q90": 7.0,
    "cs_size_q100": 19.0,
    "inv_num_distinct_cs": 1350.0,
    "inv_cs_freq_alpha": 2.3587646484374982,
    "inv_cs_freq_vmin": 1.0,
    "inv_cs_freq_vmax": 345.0,
    "inv_cs_size_q00": 1.0,
    "inv_cs_size_q10": 1.0,
    "inv_cs_size_q25": 2.0,
    "inv_cs_size_q50": 3.0,
    "inv_cs_size_q75": 4.0,
    "inv_cs_size_q90": 7.0,
    "inv_cs_size_q100": 21.0,
    "two_step_alpha": 1.6149956588499994,
    "two_step_vmin": 1.0,
    "two_step_vmax": 62280.0,
    "triangle_count": 8237.0,
    "four_cycle_count": 264027.0,
    "five_cycle_count": 3419082.0,
    "six_cycle_count": 62593109.0,
    "diamond_count": 125831.0,
    "k4_count": 649.0,
    "tailed_triangle_count": 5512161.0,
    "path_template_zipf_k2": NaN,
    "path_template_zipf_k3": 1.3597040296857634,
    "path_template_zipf_k4": 1.1580793044540814,
    "path_template_zipf_k5": 1.161747363698662,
    "path_template_zipf_k6": 1.176836770303206,
    "path_template_zipf_k7": 1.2247700466462583,
    "path_template_zipf_k8": 1.270881383823732,
    "path_template_zipf_k9": 1.3062281124763098,
    "path_template_zipf_k10": 1.3539102987871727,
    "path_template_entropy_k2": -0.0,
    "path_template_entropy_k3": 0.025155849030671192,
    "path_template_entropy_k4": 0.35494845390737967,
    "path_template_entropy_k5": 1.320705392917485,
    "path_template_entropy_k6": 2.0360628939425522,
    "path_template_entropy_k7": 2.8062206178397355,
    "path_template_entropy_k8": 3.49029143880319,
    "path_template_entropy_k9": 4.250376156628048,
    "path_template_entropy_k10": 4.982347214370211,
    "tree_template_zipf": 1.0651889386485378,
    "tree_template_entropy": 0.12713588871875564,
    "num_components": 11.0,
    "largest_component_fraction": 0.9978755045676652,
    "clustering_coefficient": 0.03653155552560191,
    "degree_assortativity": -0.07624751512047506,
    "shortest_path_max": 5.0,
    "shortest_path_mean": 3.014,
    "shortest_path_var": 0.315804
  }
}