{
  "_num_components": 11,
  "_largest_component_fraction": 0.9889526237518589,
  "_clustering_coefficient": 0.14834886531579164,
  "_degree_assortativity": -0.15474203536837075,
  "_shortest_path_skew": {
    "__sig_type__": "tuple",
    "data": [
      2.5172416280171115,
      1.3392888297960788,
      1.7418784741261994,
      1.0,
      7.0
    ]
  },
  "_pair_dists_finite": {
    "__sig_type__": "ndarray",
    "dtype": "float64",
    "data": [
      4.0,
      3.0,
      3.0,
      4.0,
      3.0,
      5.0,
      3.0,
      3.0,
      3.0,
      3.0,
      3.0,
      4.0,
      4.0,
      3.0,
      4.0,
      3.0,
      3.0,
      3.0,
      4.0,
      3.0,
      4.0,
      4.0,
      3.0,
      4.0,
      4.0,
      2.0,
      2.0,
      4.0,
      3.0,
      3.0,
      3.0,
      3.0,
      3.0,
      3.0,
      4.0,
      4.0,
      4.0,
      4.0,
      2.0,
      3.0,
      3.0,
      2.0,
      3.0,
      4.0,
      3.0,
      4.0,
      2.0,
      3.0,
      3.0,
      3.0,
      4.0,
      4.0,
      2.0,
      7.0,
      3.0,
      3.0,
      2.0,
      3.0,
      3.0,
      2.0,
      4.0,
      5.0,
      5.0,
      3.0,
      3.0,
      3.0,
      4.0,
      3.0,
      2.0,
      2.0,
      3.0,
      2.0,
      4.0,
      2.0,
      5.0,
      3.0,
      3.0,
      5.0,
      3.0,
      2.0,
      4.0,
      4.0,
      3.0,
      3.0,
      6.0,
      4.0,
      3.0,
      5.0,
      4.0,
      2.0,
      3.0,
      4.0,
      3.0,
      2.0,
      2.0,
      3.0,
      5.0,
      5.0,
      2.0,
      4.0,
      4.0,
      4.0,
      4.0,
      3.0,
      3.0,
      4.0,
      5.0,
      3.0,
      2.0,
      3.0,
      4.0,
      3.0,
      2.0,
      6.0,
      5.0,
      3.0,
      3.0,
      3.0,
      3.0,
      4.0,
      4.0,
      3.0,
      4.0,
      4.0,
      3.0,
      3.0,
      4.0,
      3.0,
      2.0,
      4.0,
      3.0,
      2.0,
      6.0,
      3.0,
      4.0,
      4.0,
      5.0,
      4.0,
      4.0,
      3.0,
      6.0,
      2.0,
      2.0,
      4.0,
      3.0,
      3.0,
      3.0,
      3.0,
      3.0,
      3.0,
      3.0,
      3.0,
      2.0,
      4.0,
      5.0,
      3.0,
      2.0,
      5.0,
      2.0,
      4.0,
      5.0,
      3.0,
      4.0,
      2.0,
      3.0,
      4.0,
      3.0,
      2.0,
      4.0,
      3.0,
      5.0,
      3.0,
      2.0,
      4.0,
      2.0,
      2.0,
      2.0,
      3.0,
      4.0,
      3.0,
      3.0,
      5.0,
      3.0,
      2.0,
      4.0,
      3.0,
      3.0,
      2.0,
      4.0,
      2.0,
      2.0,
      2.0,
      3.0,
      4.0,
      3.0,
      4.0,
      3.0,
      5.0,
      4.0,
      4.0,
      2.0,
      3.0,
      2.0,
      5.0,
      3.0,
      3.0,
      2.0,
      4.0,
      2.0,
      4.0,
      3.0,
      3.0,
      4.0,
      4.0,
      4.0,
      2.0,
      4.0,
      4.0,
      3.0,
      3.0,
      4.0,
      5.0,
      5.0,
      3.0,
      4.0,
      4.0,
      4.0,
      2.0,
      3.0,
      5.0,
      4.0,
      3.0,
      5.0,
      3.0,
      3.0,
      3.0,
      3.0,
      2.0,
      3.0,
      2.0,
      4.0,
      4.0,
      5.0,
      2.0,
      2.0,
      3.0,
      4.0,
      4.0,
      4.0,
      4.0,
      4.0,
      3.0,
      2.0,
      3.0,
      4.0,
      5.0,
      6.0,
      2.0,
      2.0,
      5.0,
      2.0,
      4.0,
      2.0,
      5.0,
      4.0,
      4.0,
      3.0,
      4.0,
      4.0,
      3.0,
      3.0,
      3.0,
      2.0,
      3.0,
      5.0,
      2.0,
      3.0,
      4.0,
      2.0,
      4.0,
      5.0,
      4.0,
      2.0,
      4.0,
      4.0,
      4.0,
      5.0,
      4.0,
      2.0,
      3.0,
      4.0,
      5.0,
      4.0,
      3.0,
      4.0,
      4.0,
      5.0,
      3.0,
      3.0,
      3.0,
      4.0,
      4.0,
      2.0,
      5.0,
      3.0,
      5.0,
      2.0,
      3.0,
      3.0,
      6.0,
      5.0,
      3.0,
      4.0,
      3.0,
      3.0,
      5.0,
      4.0,
      2.0,
      4.0,
      3.0,
      4.0,
      5.0,
      5.0,
      4.0,
      4.0,
      4.0,
      3.0,
      4.0,
      3.0,
      3.0,
      2.0,
      4.0,
      1.0,
      5.0,
      3.0,
      6.0,
      4.0,
      3.0,
      3.0,
      2.0,
      3.0,
      4.0,
      3.0,
      3.0,
      3.0,
      4.0,
      5.0,
      3.0,
      3.0,
      5.0,
      3.0,
      4.0,
      4.0,
      3.0,
      4.0,
      4.0,
      4.0,
      3.0,
      4.0,
      4.0,
      3.0,
      2.0,
      2.0,
      6.0,
      3.0,
      3.0,
      3.0,
      4.0,
      4.0,
      5.0,
      5.0,
      4.0,
      3.0,
      2.0,
      4.0,
      5.0,
      3.0,
      5.0,
      4.0,
      4.0,
      5.0,
      2.0,
      3.0,
      2.0,
      3.0,
      3.0,
      3.0,
      3.0,
      5.0,
      4.0,
      6.0,
      4.0,
      3.0,
      5.0,
      2.0,
      4.0,
      3.0,
      3.0,
      5.0,
      4.0,
      2.0,
      4.0,
      4.0,
      4.0,
      3.0,
      4.0,
      4.0,
      3.0,
      4.0,
      2.0,
      4.0,
      5.0,
      4.0,
      2.0,
      3.0,
      5.0,
      5.0,
      3.0,
      4.0,
      4.0,
      5.0,
      4.0,
      2.0,
      3.0,
      2.0,
      4.0,
      4.0,
      4.0,
      5.0,
      2.0,
      3.0,
      5.0,
      4.0,
      3.0,
      3.0,
      4.0,
      3.0,
      4.0,
      6.0,
      5.0,
      5.0,
      3.0,
      4.0,
      2.0,
      4.0,
      3.0,
      4.0,
      3.0,
      5.0,
      4.0,
      3.0,
      4.0,
      2.0,
      3.0,
      2.0,
      3.0,
      3.0,
      4.0,
      3.0,
      4.0,
      4.0,
      4.0,
      3.0,
      4.0,
      5.0,
      4.0,
      4.0,
      2.0,
      4.0,
      4.0,
      4.0,
      4.0,
      3.0,
      4.0,
      5.0,
      2.0,
      4.0,
      3.0,
      2.0,
      2.0,
      2.0,
      4.0,
      3.0,
      2.0,
      3.0,
      4.0,
      4.0,
      3.0,
      5.0,
      3.0,
      7.0,
      4.0,
      3.0,
      2.0,
      4.0,
      3.0,
      4.0,
      3.0,
      3.0,
      2.0,
      4.0,
      4.0,
      3.0,
      3.0,
      5.0,
      3.0,
      3.0,
      3.0,
      3.0,
      3.0,
      6.0,
      2.0,
      3.0,
      4.0,
      4.0,
      3.0,
      4.0,
      4.0,
      3.0,
      4.0,
      5.0,
      4.0,
      3.0,
      3.0,
      4.0,
      4.0,
      4.0,
      3.0,
      3.0,
      5.0,
      3.0,
      3.0,
      5.0,
      3.0,
      5.0,
      3.0,
      3.0,
      2.0,
      2.0,
      4.0,
      4.0,
      4.0,
      3.0,
      3.0,
      4.0,
      3.0,
      5.0,
      3.0,
      3.0,
      4.0,
      2.0,
      3.0,
      4.0,
      4.0,
      3.0,
      4.0,
      4.0,
      4.0,
      5.0,
      4.0,
      2.0,
      4.0,
      3.0,
      3.0,
      5.0,
      3.0,
      3.0,
      4.0,
      3.0,
      5.0,
      2.0,
      1.0,
      2.0,
      4.0,
      3.0,
      2.0,
      5.0,
      3.0,
      3.0,
      2.0,
      3.0,
      5.0,
      3.0,
      2.0,
      4.0,
      5.0,
      4.0,
      2.0,
      4.0,
      3.0,
      3.0,
      3.0,
      4.0,
      4.0,
      3.0,
      2.0,
      2.0,
      5.0,
      3.0,
      5.0,
      3.0,
      2.0,
      4.0,
      4.0,
      4.0,
      3.0,
      3.0,
      2.0,
      4.0,
      3.0,
      4.0,
      4.0,
      3.0,
      3.0,
      3.0,
      3.0,
      1.0,
      3.0,
      3.0,
      3.0,
      5.0,
      3.0,
      2.0,
      2.0,
      3.0,
      4.0,
      4.0,
      2.0,
      7.0,
      2.0,
      4.0,
      4.0,
      3.0,
      2.0,
      3.0,
      4.0,
      4.0,
      3.0,
      3.0,
      2.0,
      3.0,
      4.0,
      5.0,
      4.0,
      4.0,
      3.0,
      4.0,
      3.0,
      3.0,
      3.0,
      2.0,
      2.0,
      2.0,
      4.0,
      5.0,
      3.0,
      4.0,
      5.0,
      4.0,
      2.0,
      4.0,
      3.0,
      3.0,
      3.0,
      5.0,
      4.0,
      4.0,
      5.0,
      3.0,
      3.0,
      5.0,
      4.0,
      3.0,
      3.0,
      3.0,
      5.0,
      4.0,
      2.0,
      3.0,
      2.0,
      4.0,
      3.0,
      3.0,
      2.0,
      3.0,
      2.0,
