{
  "source": "/Users/cl/data/Cross_Platform_Work/Uni/tum/bpc/BPC-Data-Engeneering-Topic-2/graphs/data/raw/59621618.nt",
  "features": {
    "num_entities": 4707.0,
    "num_relations": 219.0,
    "mean_degree": 7.205438708306777,
    "out_degree_alpha": 2.9347412109374993,
    "out_degree_xmin": 9.0,
    "in_degree_alpha": 2.421341102551051,
    "in_degree_xmin": 7.0,
    "relation_zipf_exponent": 1.7680436829983301,
    "relation_zipf_xmin": 32.0,
    "obj_mult_alpha_loc": 2.3208821334781473,
    "obj_mult_alpha_scale": 0.3990714685870249,
    "obj_mult_alpha_shape": 0.1659018492596539,
    "obj_mult_alpha_lo": 1.4,
    "obj_mult_alpha_hi": 3.0,
    "subj_mult_alpha_loc": 2.398706431127186,
    "subj_mult_alpha_scale": 0.3908692835888763,
    "subj_mult_alpha_shape": -0.3674191195196705,
    "subj_mult_alpha_lo": 1.4,
    "subj_mult_alpha_hi": 3.0,
    "a_obj": -0.07730813809316146,
    "a_subj": 0.007431128239709681,
    "class_size_alpha": NaN,
    "class_size_xmin": NaN,
    "num_classes": 0.0,
    "subj_cooc_rate": 0.22264716879698213,
    "subj_cooc_scale": 1712.9202538494092,
    "subj_cooc_density": 0.08984383144638353,
    "obj_cooc_rate": 0.18946948300383792,
    "obj_cooc_scale": 941.9753111481426,
    "obj_cooc_density": 0.07166239236045954,
    "subj_row_entropy_loc": 3.1453987138791177,
    "subj_row_entropy_scale": 1.3036526351491287,
    "subj_row_entropy_shape": -11.66971369598971,
    "subj_row_entropy_lo": -0.0,
    "subj_row_entropy_hi": 3.416869350427884,
    "obj_row_entropy_loc": 3.238977717122802,
    "obj_row_entropy_scale": 1.6265379211973974,
    "obj_row_entropy_shape": -9.025448104619818,
    "obj_row_entropy_lo": -0.0,
    "obj_row_entropy_hi": 3.4319082742457057,
    "type_rel_spectrum_rate": NaN,
    "type_rel_spectrum_scale": NaN,
    "per_type_entropy_rate": NaN,
    "per_type_entropy_scale": NaN,
    "num_distinct_cs": 2370.0,
    "cs_freq_alpha": 2.658325195312499,
    "cs_freq_xmin": 1.0,
    "cs_size_loc": 0.999999715722538,
    "cs_size_scale": 3.9267041120194826,
    "cs_size_shape": 76847553.20514566,
    "cs_size_lo": 1.0,
    "cs_size_hi": 20.0,
    "inv_cs_size_loc": 0.9999993469980373,
    "inv_cs_size_scale": 2.500296158823936,
    "inv_cs_size_shape": 20406449.747652635,
    "inv_cs_size_lo": 1.0,
    "inv_cs_size_hi": 25.0,
    "two_step_alpha": 1.2796181848385553,
    "two_step_vmin": 1.0,
    "two_step_vmax": 115200.0,
    "num_components": 11.0,
    "largest_component_fraction": 0.9889526237518589,
    "clustering_coefficient": 0.14834886531579164,
    "degree_assortativity": -0.15474203536837075,
    "shortest_path_loc": 2.5172416280171115,
    "shortest_path_scale": 1.3392888297960788,
    "shortest_path_shape": 1.7418784741261994,
    "shortest_path_lo": 1.0,
    "shortest_path_hi": 7.0
  }
}