{
  "source": "/Users/cl/data/Cross_Platform_Work/Uni/tum/bpc/BPC-Data-Engeneering-Topic-2/data/graphs/fb237_v4/fb237_v4_synth_20260705_112536.ttl",
  "features": {
    "num_entities": 4707.0,
    "num_relations": 178.0,
    "mean_degree": 7.205438708306777,
    "out_degree_alpha": 2.9605224609375,
    "out_degree_xmin": 6.0,
    "in_degree_alpha": 2.263862910709075,
    "in_degree_xmin": 16.0,
    "relation_zipf_exponent": 1.6012948816523291,
    "relation_zipf_xmin": 3.0,
    "obj_mult_alpha_q00": 1.4,
    "obj_mult_alpha_q10": 2.378693847656249,
    "obj_mult_alpha_q25": 2.4455932617187486,
    "obj_mult_alpha_q50": 2.733032226562499,
    "obj_mult_alpha_q75": 2.9179138183593745,
    "obj_mult_alpha_q90": 2.95682373046875,
    "obj_mult_alpha_q100": 3.0,
    "subj_mult_alpha_q00": 1.4,
    "subj_mult_alpha_q10": 2.0636584134661162,
    "subj_mult_alpha_q25": 2.1922485351562484,
    "subj_mult_alpha_q50": 2.299841308593748,
    "subj_mult_alpha_q75": 2.451544189453124,
    "subj_mult_alpha_q90": 2.706906738281249,
    "subj_mult_alpha_q100": 3.0,
    "a_obj": -0.1292760022723038,
    "a_subj": 0.29289795029683874,
    "out_degree_max": 207.0,
    "out_degree_p90": 15.0,
    "in_degree_max": 1685.0,
    "in_degree_p90": 13.0,
    "class_size_alpha": NaN,
    "class_size_xmin": NaN,
    "num_classes": 0.0,
    "subj_cooc_rate": 0.3113406478917331,
    "subj_cooc_scale": 0.5670150975455565,
    "subj_cooc_density": 0.15017043302613306,
    "obj_cooc_rate": 0.36819676165283416,
    "obj_cooc_scale": 0.369023226394693,
    "obj_cooc_density": 0.10503724277237722,
    "subj_row_entropy_q00": 0.0,
    "subj_row_entropy_q10": 1.5331307736015336,
    "subj_row_entropy_q25": 2.303369360464121,
    "subj_row_entropy_q50": 2.6615484936114004,
    "subj_row_entropy_q75": 2.852259448156453,
    "subj_row_entropy_q90": 3.0420278970217365,
    "subj_row_entropy_q100": 3.232081073804917,
    "obj_row_entropy_q00": 0.0,
    "obj_row_entropy_q10": 0.9085613157742861,
    "obj_row_entropy_q25": 1.5970267737022388,
    "obj_row_entropy_q50": 2.1901108227147117,
    "obj_row_entropy_q75": 2.73364188728673,
    "obj_row_entropy_q90": 2.995732273553991,
    "obj_row_entropy_q100": 3.175123287605256,
    "type_rel_spectrum_rate": NaN,
    "type_rel_spectrum_scale": NaN,
    "per_type_entropy_rate": NaN,
    "per_type_entropy_scale": NaN,
    "num_distinct_cs": 1279.0,
    "cs_freq_alpha": 2.422192382812499,
    "cs_freq_vmin": 1.0,
    "cs_freq_vmax": 604.0,
    "cs_size_q00": 1.0,
    "cs_size_q10": 1.0,
    "cs_size_q25": 2.0,
    "cs_size_q50": 3.0,
    "cs_size_q75": 4.0,
    "cs_size_q90": 6.0,
    "cs_size_q100": 19.0,
    "inv_num_distinct_cs": 740.0,
    "inv_cs_freq_alpha": 2.3475585937499988,
    "inv_cs_freq_vmin": 1.0,
    "inv_cs_freq_vmax": 1469.0,
    "inv_cs_size_q00": 1.0,
    "inv_cs_size_q10": 1.0,
    "inv_cs_size_q25": 1.0,
    "inv_cs_size_q50": 1.0,
    "inv_cs_size_q75": 2.0,
    "inv_cs_size_q90": 4.0,
    "inv_cs_size_q100": 20.0,
    "two_step_alpha": 1.5051899200803702,
    "two_step_vmin": 1.0,
    "two_step_vmax": 64203.0,
    "triangle_count": 14853.0,
    "four_cycle_count": 699311.0,
    "five_cycle_count": 7476983.0,
    "six_cycle_count": 193096468.0,
    "diamond_count": 346227.0,
    "k4_count": 2401.0,
    "tailed_triangle_count": 8774949.0,
    "path_template_zipf_k2": NaN,
    "path_template_zipf_k3": NaN,
    "path_template_zipf_k4": NaN,
    "path_template_zipf_k5": NaN,
    "path_template_zipf_k6": NaN,
    "path_template_zipf_k7": NaN,
    "path_template_zipf_k8": NaN,
    "path_template_zipf_k9": NaN,
    "path_template_zipf_k10": NaN,
    "path_template_entropy_k2": NaN,
    "path_template_entropy_k3": NaN,
    "path_template_entropy_k4": NaN,
    "path_template_entropy_k5": NaN,
    "path_template_entropy_k6": NaN,
    "path_template_entropy_k7": NaN,
    "path_template_entropy_k8": NaN,
    "path_template_entropy_k9": NaN,
    "path_template_entropy_k10": NaN,
    "tree_template_zipf": NaN,
    "tree_template_entropy": NaN,
    "num_components": 11.0,
    "largest_component_fraction": 0.9978755045676652,
    "clustering_coefficient": 0.09654915644529179,
    "degree_assortativity": -0.11372299844255601,
    "shortest_path_max": NaN,
    "shortest_path_mean": NaN,
    "shortest_path_var": NaN
  }
}