{
  "_num_components": 3,
  "_largest_component_fraction": 0.9999739281198263,
  "_clustering_coefficient": 0.041083992832443864,
  "_degree_assortativity": -0.02184994400098866,
  "_shortest_path_max": 8.0,
  "_shortest_path_mean": 5.104,
  "_shortest_path_var": 0.773184,
  "_pair_dists_finite": {
    "__sig_type__": "ndarray",
    "dtype": "float64",
    "data": [
      5.0,
      5.0,
      5.0,
      4.0,
      4.0,
      5.0,
      5.0,
      5.0,
      6.0,
      5.0,
      4.0,
      5.0,
      5.0,
      4.0,
      4.0,
      4.0,
      7.0,
      4.0,
      3.0,
      6.0,
      5.0,
      4.0,
      7.0,
      5.0,
      4.0,
      4.0,
      5.0,
      6.0,
      5.0,
      4.0,
      5.0,
      6.0,
      5.0,
      7.0,
      5.0,
      6.0,
      6.0,
      4.0,
      5.0,
      6.0,
      7.0,
      4.0,
      5.0,
      5.0,
      5.0,
      5.0,
      5.0,
      6.0,
      5.0,
      5.0,
      3.0,
      6.0,
      3.0,
      6.0,
      5.0,
      5.0,
      6.0,
      3.0,
      6.0,
      6.0,
      5.0,
      6.0,
      4.0,
      5.0,
      5.0,
      5.0,
      5.0,
      6.0,
      6.0,
      4.0,
      5.0,
      4.0,
      6.0,
      3.0,
      4.0,
      5.0,
      5.0,
      5.0,
      5.0,
      6.0,
      6.0,
      5.0,
      4.0,
      6.0,
      5.0,
      4.0,
      6.0,
      5.0,
      5.0,
      6.0,
      6.0,
      5.0,
      4.0,
      5.0,
      6.0,
      5.0,
      4.0,
      4.0,
      5.0,
      4.0,
      6.0,
      6.0,
      6.0,
      5.0,
      6.0,
      6.0,
      4.0,
      5.0,
      5.0,
      5.0,
      4.0,
      7.0,
      5.0,
      6.0,
      6.0,
      6.0,
      4.0,
      5.0,
      4.0,
      6.0,
      5.0,
      5.0,
      5.0,
      5.0,
      5.0,
      5.0,
      6.0,
      4.0,
      4.0,
      6.0,
      4.0,
      5.0,
      5.0,
      7.0,
      4.0,
      4.0,
      5.0,
      4.0,
      6.0,
      5.0,
      6.0,
      5.0,
      3.0,
      5.0,
      4.0,
      5.0,
      3.0,
      6.0,
      6.0,
      5.0,
      6.0,
      4.0,
      5.0,
      5.0,
      5.0,
      5.0,
      5.0,
      5.0,
      7.0,
      4.0,
      6.0,
      4.0,
      3.0,
      6.0,
      5.0,
      4.0,
      4.0,
      5.0,
      4.0,
      5.0,
      5.0,
      4.0,
      6.0,
      4.0,
      5.0,
      7.0,
      6.0,
      7.0,
      5.0,
      4.0,
      5.0,
      6.0,
      6.0,
      4.0,
      5.0,
      7.0,
      5.0,
      5.0,
      5.0,
      6.0,
      5.0,
      5.0,
      5.0,
      6.0,
      6.0,
      4.0,
      6.0,
      5.0,
      6.0,
      4.0,
      6.0,
      7.0,
      5.0,
      3.0,
      5.0,
      5.0,
      5.0,
      5.0,
      6.0,
      7.0,
      5.0,
      5.0,
      6.0,
      5.0,
      6.0,
      5.0,
      4.0,
      4.0,
      5.0,
      4.0,
      4.0,
      6.0,
      5.0,
      5.0,
      4.0,
      5.0,
      5.0,
      4.0,
      5.0,
      5.0,
      6.0,
      7.0,
      5.0,
      5.0,
      5.0,
      7.0,
      4.0,
      6.0,
      5.0,
      5.0,
      4.0,
      5.0,
      5.0,
      5.0,
      6.0,
      6.0,
      5.0,
      4.0,
      6.0,
      6.0,
      6.0,
      5.0,
      6.0,
      5.0,
      4.0,
      6.0,
      6.0,
      4.0,
      6.0,
      7.0,
      5.0,
      6.0,
      6.0,
      5.0,
      5.0,
      5.0,
      5.0,
      4.0,
      5.0,
      5.0,
      5.0,
      4.0,
      4.0,
      5.0,
      5.0,
      6.0,
      7.0,
      4.0,
      5.0,
      7.0,
      6.0,
      6.0,
      6.0,
      5.0,
      6.0,
      5.0,
      6.0,
      5.0,
      6.0,
      4.0,
      4.0,
      6.0,
      5.0,
      5.0,
      4.0,
      5.0,
      5.0,
      6.0,
      5.0,
      6.0,
      6.0,
      4.0,
      4.0,
      5.0,
      6.0,
      6.0,
      5.0,
      6.0,
      6.0,
      7.0,
      5.0,
      6.0,
      6.0,
      5.0,
      4.0,
      6.0,
      6.0,
      5.0,
      6.0,
      5.0,
      5.0,
      6.0,
      6.0,
      6.0,
      4.0,
      5.0,
      5.0,
      5.0,
      6.0,
      4.0,
      6.0,
      6.0,
      7.0,
      6.0,
      5.0,
      5.0,
      6.0,
      6.0,
      5.0,
      6.0,
      5.0,
      4.0,
      4.0,
      5.0,
      4.0,
      5.0,
      4.0,
      5.0,
      6.0,
      5.0,
      6.0,
      6.0,
      6.0,
      5.0,
      7.0,
      6.0,
      5.0,
      6.0,
      6.0,
      5.0,
      4.0,
      4.0,
      5.0,
      5.0,
      4.0,
      5.0,
      4.0,
      6.0,
      5.0,
      6.0,
      6.0,
      5.0,
      6.0,
      5.0,
      6.0,
      5.0,
      4.0,
      4.0,
      5.0,
      5.0,
      5.0,
      4.0,
      4.0,
      4.0,
      6.0,
      5.0,
      6.0,
      6.0,
      4.0,
      4.0,
      6.0,
      5.0,
      5.0,
      4.0,
      5.0,
      5.0,
      4.0,
      5.0,
      5.0,
      6.0,
      7.0,
      3.0,
      4.0,
      6.0,
      5.0,
      5.0,
      5.0,
      6.0,
      5.0,
      4.0,
      4.0,
      4.0,
      4.0,
      5.0,
      4.0,
      5.0,
      6.0,
      5.0,
      6.0,
      6.0,
      6.0,
      5.0,
      5.0,
      4.0,
      4.0,
      5.0,
      7.0,
      5.0,
      4.0,
      5.0,
      5.0,
      5.0,
      4.0,
      6.0,
      6.0,
      4.0,
      6.0,
      5.0,
      6.0,
      3.0,
      5.0,
      6.0,
      6.0,
      6.0,
      5.0,
      5.0,
      6.0,
      6.0,
      4.0,
      4.0,
      6.0,
      4.0,
      5.0,
      6.0,
      6.0,
      5.0,
      5.0,
      4.0,
      5.0,
      6.0,
      6.0,
      6.0,
      3.0,
      6.0,
      5.0,
      5.0,
      5.0,
      6.0,
      4.0,
      4.0,
      6.0,
      7.0,
      5.0,
      4.0,
      5.0,
      4.0,
      4.0,
      4.0,
      5.0,
      6.0,
      4.0,
      5.0,
      5.0,
      4.0,
      5.0,
      5.0,
      5.0,
      6.0,
      5.0,
      4.0,
      6.0,
      5.0,
      5.0,
      6.0,
      5.0,
      6.0,
      5.0,
      3.0,
      5.0,
      6.0,
      5.0,
      4.0,
      6.0,
      6.0,
      4.0,
      6.0,
      5.0,
      6.0,
      5.0,
      5.0,
      4.0,
      5.0,
      6.0,
      5.0,
      4.0,
      6.0,
      6.0,
      4.0,
      5.0,
      7.0,
      6.0,
      6.0,
      4.0,
      5.0,
      5.0,
      3.0,
      6.0,
      4.0,
      4.0,
      6.0,
      4.0,
      5.0,
      6.0,
      4.0,
      6.0,
      5.0,
      5.0,
      4.0,
      6.0,
      4.0,
      5.0,
      5.0,
      6.0,
      4.0,
      4.0,
      5.0,
      6.0,
      5.0,
      4.0,
      5.0,
      5.0,
      5.0,
      5.0,
      5.0,
      5.0,
      6.0,
      5.0,
      6.0,
      5.0,
      5.0,
      5.0,
      6.0,
      5.0,
      4.0,
      5.0,
      5.0,
      5.0,
      5.0,
      6.0,
      4.0,
      5.0,
      4.0,
      5.0,
      6.0,
      5.0,
      6.0,
      5.0,
      6.0,
      6.0,
      6.0,
      5.0,
      5.0,
      5.0,
      5.0,
      6.0,
      5.0,
      6.0,
      5.0,
      4.0,
      4.0,
      6.0,
      6.0,
      6.0,
      5.0,
      5.0,
      6.0,
      4.0,
      4.0,
      5.0,
      4.0,
      5.0,
      5.0,
      5.0,
      6.0,
      6.0,
      4.0,
      4.0,
      6.0,
      6.0,
      6.0,
      6.0,
      5.0,
      6.0,
      6.0,
      5.0,
      6.0,
      5.0,
      5.0,
      4.0,
      5.0,
      7.0,
      4.0,
      5.0,
      5.0,
      5.0,
      5.0,
      5.0,
      5.0,
      5.0,
      6.0,
      5.0,
      5.0,
      5.0,
      6.0,
      6.0,
      5.0,
      5.0,
      6.0,
      4.0,
      5.0,
      5.0,
      6.0,
      6.0,
      6.0,
      5.0,
      6.0,
      5.0,
      4.0,
      5.0,
      6.0,
      6.0,
      4.0,
      5.0,
      5.0,
      4.0,
      6.0,
      5.0,
      5.0,
      6.0,
      5.0,
      4.0,
      6.0,
      5.0,
      6.0,
      3.0,
      5.0,
      5.0,
      6.0,
      4.0,
      5.0,
      5.0,
      4.0,
      6.0,
      6.0,
      5.0,
      5.0,
      6.0,
      5.0,
      5.0,
      5.0,
      4.0,
      5.0,
      6.0,
      5.0,
      4.0,
      4.0,
      5.0,
      6.0,
      5.0,
      7.0,
      7.0,
      5.0,
      6.0,
