{
  "_triangle_count": 10478,
  "_four_cycle_count": 9563,
  "_five_cycle_count": 91084,
  "_six_cycle_count": 1026868,
  "_diamond_count": 2765,
  "_k4_count": 0,
  "_tailed_triangle_count": 1470871,
  "_path_template_zipf": {
    "__sig_type__": "dict",
    "items": [
      [
        2,
        NaN
      ],
      [
        3,
        1.3121320871065554
      ],
      [
        4,
        1.224894955236761
      ],
      [
        5,
        1.1920782104183383
      ],
      [
        6,
        1.2191256609400836
      ],
      [
        7,
        1.2527094293447982
      ],
      [
        8,
        1.267909348214727
      ],
      [
        9,
        NaN
      ],
      [
        10,
        NaN
      ]
    ]
  },
  "_path_template_entropy": {
    "__sig_type__": "dict",
    "items": [
      [
        2,
        -0.0
      ],
      [
        3,
        0.012196804332333321
      ],
      [
        4,
        0.09221032850916595
      ],
      [
        5,
        0.3897047941068175
      ],
      [
        6,
        0.5817002639751917
      ],
      [
        7,
        0.8104342004395623
      ],
      [
        8,
        1.0480895197310618
      ],
      [
        9,
        NaN
      ],
      [
        10,
        NaN
      ]
    ]
  },
  "_tree_template_zipf": 1.1108638648113347,
  "_tree_template_entropy": 0.2570179355033688
}