{
  "source": "/Users/cl/data/Cross_Platform_Work/Uni/tum/bpc/BPC-Data-Engeneering-Topic-2/data/graphs/swdf/swdf_synth_20260706_102128.ttl",
  "features": {
    "num_entities": 76711.0,
    "num_relations": 163.0,
    "mean_degree": 3.1580868454328583,
    "out_degree_alpha": 2.8790771484374993,
    "out_degree_xmin": 3.0,
    "in_degree_alpha": 2.485560924582935,
    "in_degree_xmin": 24.0,
    "relation_zipf_exponent": 1.686047116707501,
    "relation_zipf_xmin": 303.0,
    "obj_mult_alpha_q00": 1.4,
    "obj_mult_alpha_q10": 2.074576053168558,
    "obj_mult_alpha_q25": 2.380993652343749,
    "obj_mult_alpha_q50": 2.570654296874999,
    "obj_mult_alpha_q75": 2.936444091796875,
    "obj_mult_alpha_q90": 2.999999999999999,
    "obj_mult_alpha_q100": 3.0,
    "subj_mult_alpha_q00": 1.4,
    "subj_mult_alpha_q10": 1.9651871903287013,
    "subj_mult_alpha_q25": 2.1465250771159887,
    "subj_mult_alpha_q50": 2.4206720560014943,
    "subj_mult_alpha_q75": 2.7799255371093743,
    "subj_mult_alpha_q90": 2.999999999999999,
    "subj_mult_alpha_q100": 3.0,
    "a_obj": -0.03415044957470388,
    "a_subj": 0.03742411323493341,
    "out_degree_max": 163.0,
    "out_degree_p90": 6.0,
    "in_degree_max": 1624.0,
    "in_degree_p90": 7.0,
    "recip_symmetric_frac_bin0": NaN,
    "recip_symmetric_frac_bin1": NaN,
    "recip_symmetric_frac_bin2": 0.0,
    "recip_symmetric_frac_bin3": 0.0,
    "recip_symmetric_frac_bin4": 0.0,
    "recip_symmetric_frac_bin5": 0.0,
    "recip_symmetric_value": NaN,
    "class_size_alpha": NaN,
    "class_size_xmin": NaN,
    "num_classes": 0.0,
    "subj_cooc_rate": 0.3221058307918512,
    "subj_cooc_scale": 0.4630226333711021,
    "subj_cooc_density": 0.2555986299823102,
    "obj_cooc_rate": 0.31998516032727203,
    "obj_cooc_scale": 0.4158560660642936,
    "obj_cooc_density": 0.18453837178666868,
    "edge_multiplicity": 1.000334463351488,
    "bidirectional_ratio": 1.0001858475059264,
    "subj_row_entropy_q00": 0.6931471805599453,
    "subj_row_entropy_q10": 1.8269913040004615,
    "subj_row_entropy_q25": 2.4303818443261536,
    "subj_row_entropy_q50": 2.833189460976034,
    "subj_row_entropy_q75": 3.067692597037251,
    "subj_row_entropy_q90": 3.244874139341766,
    "subj_row_entropy_q100": 3.4086300169658807,
    "obj_row_entropy_q00": 0.0,
    "obj_row_entropy_q10": 1.450324421643205,
    "obj_row_entropy_q25": 2.0807244517725563,
    "obj_row_entropy_q50": 2.4393468351424747,
    "obj_row_entropy_q75": 2.7605668067213935,
    "obj_row_entropy_q90": 2.869555337038952,
    "obj_row_entropy_q100": 3.2156343626717083,
    "type_rel_spectrum_rate": NaN,
    "type_rel_spectrum_scale": NaN,
    "per_type_entropy_rate": NaN,
    "per_type_entropy_scale": NaN,
    "num_distinct_cs": 8104.0,
    "cs_freq_alpha": 2.3251464843749985,
    "cs_freq_vmin": 1.0,
    "cs_freq_vmax": 21201.0,
    "cs_size_q00": 1.0,
    "cs_size_q10": 1.0,
    "cs_size_q25": 1.0,
    "cs_size_q50": 2.0,
    "cs_size_q75": 3.0,
    "cs_size_q90": 5.0,
    "cs_size_q100": 22.0,
    "inv_num_distinct_cs": 4459.0,
    "inv_cs_freq_alpha": 1.8740230660704205,
    "inv_cs_freq_vmin": 1.0,
    "inv_cs_freq_vmax": 14153.0,
    "inv_cs_size_q00": 1.0,
    "inv_cs_size_q10": 1.0,
    "inv_cs_size_q25": 1.0,
    "inv_cs_size_q50": 2.0,
    "inv_cs_size_q75": 4.0,
    "inv_cs_size_q90": 6.0,
    "inv_cs_size_q100": 15.0,
    "two_step_alpha": 1.4633065620689942,
    "two_step_vmin": 1.0,
    "two_step_vmax": 146580.0,
    "triangle_count": 10478.0,
    "four_cycle_count": 9563.0,
    "five_cycle_count": 91084.0,
    "six_cycle_count": 1026868.0,
    "diamond_count": 2765.0,
    "k4_count": 0.0,
    "tailed_triangle_count": 1470871.0,
    "path_template_zipf_k2": NaN,
    "path_template_zipf_k3": 1.3121320871065554,
    "path_template_zipf_k4": 1.224894955236761,
    "path_template_zipf_k5": 1.1920782104183383,
    "path_template_zipf_k6": 1.2191256609400836,
    "path_template_zipf_k7": 1.2527094293447982,
    "path_template_zipf_k8": 1.267909348214727,
    "path_template_zipf_k9": NaN,
    "path_template_zipf_k10": NaN,
    "path_template_entropy_k2": -0.0,
    "path_template_entropy_k3": 0.012196804332333321,
    "path_template_entropy_k4": 0.09221032850916595,
    "path_template_entropy_k5": 0.3897047941068175,
    "path_template_entropy_k6": 0.5817002639751917,
    "path_template_entropy_k7": 0.8104342004395623,
    "path_template_entropy_k8": 1.0480895197310618,
    "path_template_entropy_k9": NaN,
    "path_template_entropy_k10": NaN,
    "tree_template_zipf": 1.1108638648113347,
    "tree_template_entropy": 0.2570179355033688,
    "num_components": 3.0,
    "largest_component_fraction": 0.9999739281198263,
    "clustering_coefficient": 0.041083992832443864,
    "degree_assortativity": -0.02184994400098866,
    "shortest_path_max": 8.0,
    "shortest_path_mean": 5.104,
    "shortest_path_var": 0.773184
  }
}