{
  "_triangle_count": 9607,
  "_four_cycle_count": 300394,
  "_five_cycle_count": 3938415,
  "_six_cycle_count": 74488269,
  "_diamond_count": 236630,
  "_k4_count": 829,
  "_tailed_triangle_count": 7611024,
  "_path_template_zipf": {
    "__sig_type__": "dict",
    "items": [
      [
        2,
        NaN
      ],
      [
        3,
        1.3620972737355808
      ],
      [
        4,
        1.1570181422973247
      ],
      [
        5,
        1.1779603565603995
      ],
      [
        6,
        1.1954025555915107
      ],
      [
        7,
        1.1995395167777108
      ],
      [
        8,
        1.266758778942185
      ],
      [
        9,
        1.3140436498228119
      ],
      [
        10,
        1.3603516507607705
      ]
    ]
  },
  "_path_template_entropy": {
    "__sig_type__": "dict",
    "items": [
      [
        2,
        -0.0
      ],
      [
        3,
        0.025947909475273083
      ],
      [
        4,
        0.4049305005959202
      ],
      [
        5,
        1.4413996139692673
      ],
      [
        6,
        2.245995963637411
      ],
      [
        7,
        2.9964669157799855
      ],
      [
        8,
        3.78008976277689
      ],
      [
        9,
        4.518413696085665
      ],
      [
        10,
        5.221630040114838
      ]
    ]
  },
  "_tree_template_zipf": 1.0641876809413655,
  "_tree_template_entropy": 0.13280868053572079
}