{
  "source": "/Users/cl/data/Cross_Platform_Work/Uni/tum/bpc/BPC-Data-Engeneering-Topic-2/data/graphs/fb237_v4/fb237_v4_synth_20260706_091339.ttl",
  "features": {
    "num_entities": 4707.0,
    "num_relations": 171.0,
    "mean_degree": 7.205438708306777,
    "out_degree_alpha": 2.94873046875,
    "out_degree_xmin": 6.0,
    "in_degree_alpha": 2.137390613198148,
    "in_degree_xmin": 3.0,
    "relation_zipf_exponent": 1.5664413443394731,
    "relation_zipf_xmin": 10.0,
    "obj_mult_alpha_q00": NaN,
    "obj_mult_alpha_q10": NaN,
    "obj_mult_alpha_q25": NaN,
    "obj_mult_alpha_q50": NaN,
    "obj_mult_alpha_q75": NaN,
    "obj_mult_alpha_q90": NaN,
    "obj_mult_alpha_q100": NaN,
    "subj_mult_alpha_q00": NaN,
    "subj_mult_alpha_q10": NaN,
    "subj_mult_alpha_q25": NaN,
    "subj_mult_alpha_q50": NaN,
    "subj_mult_alpha_q75": NaN,
    "subj_mult_alpha_q90": NaN,
    "subj_mult_alpha_q100": NaN,
    "a_obj": -0.13365137352329848,
    "a_subj": 0.05236718773591636,
    "out_degree_max": 214.0,
    "out_degree_p90": 16.0,
    "in_degree_max": 1398.0,
    "in_degree_p90": 13.0,
    "recip_symmetric_frac_bin0": NaN,
    "recip_symmetric_frac_bin1": NaN,
    "recip_symmetric_frac_bin2": NaN,
    "recip_symmetric_frac_bin3": 0.0,
    "recip_symmetric_frac_bin4": 0.2,
    "recip_symmetric_frac_bin5": 0.054878048780487805,
    "recip_symmetric_value": 0.6841303669739079,
    "class_size_alpha": NaN,
    "class_size_xmin": NaN,
    "num_classes": 0.0,
    "subj_cooc_rate": 0.3090616752458688,
    "subj_cooc_scale": 0.5634059098386034,
    "subj_cooc_density": 0.17075339420676447,
    "obj_cooc_rate": 0.30683632245085596,
    "obj_cooc_scale": 0.5241612667380688,
    "obj_cooc_density": 0.17068499709312268,
    "edge_multiplicity": 1.0480192818738026,
    "bidirectional_ratio": 1.0086647550180776,
    "subj_row_entropy_q00": 0.0,
    "subj_row_entropy_q10": 1.559581156259877,
    "subj_row_entropy_q25": 2.367575255061859,
    "subj_row_entropy_q50": 2.715955709974649,
    "subj_row_entropy_q75": 2.947232807589777,
    "subj_row_entropy_q90": 3.107865809586466,
    "subj_row_entropy_q100": 3.3707730860592835,
    "obj_row_entropy_q00": 0.0,
    "obj_row_entropy_q10": 1.5047882836811908,
    "obj_row_entropy_q25": 2.1947012154375862,
    "obj_row_entropy_q50": 2.750057858564878,
    "obj_row_entropy_q75": 3.0103472976158177,
    "obj_row_entropy_q90": 3.1791527478849,
    "obj_row_entropy_q100": 3.39179587807213,
    "type_rel_spectrum_rate": NaN,
    "type_rel_spectrum_scale": NaN,
    "per_type_entropy_rate": NaN,
    "per_type_entropy_scale": NaN,
    "num_distinct_cs": 1288.0,
    "cs_freq_alpha": 2.4473876953124982,
    "cs_freq_vmin": 1.0,
    "cs_freq_vmax": 637.0,
    "cs_size_q00": 1.0,
    "cs_size_q10": 1.0,
    "cs_size_q25": 2.0,
    "cs_size_q50": 3.0,
    "cs_size_q75": 4.0,
    "cs_size_q90": 7.0,
    "cs_size_q100": 19.0,
    "inv_num_distinct_cs": 1145.0,
    "inv_cs_freq_alpha": 2.232495117187498,
    "inv_cs_freq_vmin": 1.0,
    "inv_cs_freq_vmax": 426.0,
    "inv_cs_size_q00": 1.0,
    "inv_cs_size_q10": 1.0,
    "inv_cs_size_q25": 2.0,
    "inv_cs_size_q50": 2.0,
    "inv_cs_size_q75": 4.0,
    "inv_cs_size_q90": 7.0,
    "inv_cs_size_q100": 20.0,
    "two_step_alpha": 1.5902977856307565,
    "two_step_vmin": 1.0,
    "two_step_vmax": 66838.0,
    "triangle_count": 9607.0,
    "four_cycle_count": 300394.0,
    "five_cycle_count": 3938415.0,
    "six_cycle_count": 74488269.0,
    "diamond_count": 236630.0,
    "k4_count": 829.0,
    "tailed_triangle_count": 7611024.0,
    "path_template_zipf_k2": NaN,
    "path_template_zipf_k3": 1.3620972737355808,
    "path_template_zipf_k4": 1.1570181422973247,
    "path_template_zipf_k5": 1.1779603565603995,
    "path_template_zipf_k6": 1.1954025555915107,
    "path_template_zipf_k7": 1.1995395167777108,
    "path_template_zipf_k8": 1.266758778942185,
    "path_template_zipf_k9": 1.3140436498228119,
    "path_template_zipf_k10": 1.3603516507607705,
    "path_template_entropy_k2": -0.0,
    "path_template_entropy_k3": 0.025947909475273083,
    "path_template_entropy_k4": 0.4049305005959202,
    "path_template_entropy_k5": 1.4413996139692673,
    "path_template_entropy_k6": 2.245995963637411,
    "path_template_entropy_k7": 2.9964669157799855,
    "path_template_entropy_k8": 3.78008976277689,
    "path_template_entropy_k9": 4.518413696085665,
    "path_template_entropy_k10": 5.221630040114838,
    "tree_template_zipf": 1.0641876809413655,
    "tree_template_entropy": 0.13280868053572079,
    "num_components": 9.0,
    "largest_component_fraction": 0.9983004036541322,
    "clustering_coefficient": 0.04379855854279224,
    "degree_assortativity": -0.07404769903438702,
    "shortest_path_max": 6.0,
    "shortest_path_mean": 2.985,
    "shortest_path_var": 0.366775
  }
}