{
  "_triangle_count": 19789656,
  "_four_cycle_count": 45913500117,
  "_five_cycle_count": 409517826321,
  "_six_cycle_count": 126686333829435,
  "_diamond_count": 5966213335,
  "_k4_count": 101585008,
  "_tailed_triangle_count": 148942412929,
  "_star_counts": {
    "__sig_type__": "dict",
    "items": [
      [
        2,
        3409159821
      ],
      [
        3,
        10755339309799
      ],
      [
        4,
        31357603172315112
      ],
      [
        5,
        76957651090676154368
      ],
      [
        6,
        162781622900119790682112
      ],
      [
        7,
        301714118945925468277178368
      ],
      [
        8,
        501589771577136132977510580224
      ],
      [
        9,
        752076286768775523456430481866752
      ],
      [
        10,
        1029653812055429481978950073435815936
      ]
    ]
  },
  "_path_template_zipf": {
    "__sig_type__": "dict",
    "items": [
      [
        2,
        NaN
      ],
      [
        3,
        1.3884558159349807
      ],
      [
        4,
        1.1911549747648378
      ],
      [
        5,
        1.1844793568524512
      ],
      [
        6,
        1.1883167279310134
      ],
      [
        7,
        1.1786676427485414
      ],
      [
        8,
        1.2167427375703344
      ],
      [
        9,
        1.2688805064330118
      ],
      [
        10,
        NaN
      ]
    ]
  },
  "_path_template_entropy": {
    "__sig_type__": "dict",
    "items": [
      [
        2,
        -0.0
      ],
      [
        3,
        0.03551900641089501
      ],
      [
        4,
        0.7320642873822019
      ],
      [
        5,
        1.4230651984758032
      ],
      [
        6,
        2.687510322720405
      ],
      [
        7,
        3.0492737140313384
      ],
      [
        8,
        4.35953290954995
      ],
      [
        9,
        4.717819206888206
      ],
      [
        10,
        NaN
      ]
    ]
  },
  "_tree_template_zipf": 1.0421467964908162,
  "_tree_template_entropy": 0.007718633916141986
}