{
  "_num_components": 1,
  "_largest_component_fraction": 1.0,
  "_clustering_coefficient": 0.11309206083696345,
  "_degree_assortativity": -0.1698693737135014,
  "_shortest_path_max": 5.0,
  "_shortest_path_mean": 3.011,
  "_shortest_path_var": 0.556879,
  "_pair_dists_finite": {
    "__sig_type__": "ndarray",
    "dtype": "float64",
    "data": [
      3.0,
      4.0,
      3.0,
      3.0,
      2.0,
      4.0,
      3.0,
      3.0,
      3.0,
      3.0,
      3.0,
      4.0,
      3.0,
      4.0,
      2.0,
      4.0,
      2.0,
      3.0,
      3.0,
      2.0,
      3.0,
      3.0,
      4.0,
      4.0,
      4.0,
      3.0,
      3.0,
      4.0,
      2.0,
      3.0,
      2.0,
      3.0,
      3.0,
      3.0,
      4.0,
      3.0,
      4.0,
      4.0,
      3.0,
      3.0,
      3.0,
      4.0,
      3.0,
      3.0,
      2.0,
      4.0,
      2.0,
      4.0,
      3.0,
      3.0,
      3.0,
      2.0,
      2.0,
      3.0,
      2.0,
      3.0,
      4.0,
      4.0,
      3.0,
      2.0,
      4.0,
      4.0,
      2.0,
      4.0,
      4.0,
      2.0,
      4.0,
      3.0,
      2.0,
      3.0,
      3.0,
      2.0,
      4.0,
      2.0,
      3.0,
      2.0,
      3.0,
      3.0,
      3.0,
      4.0,
      5.0,
      4.0,
      3.0,
      4.0,
      3.0,
      4.0,
      4.0,
      4.0,
      3.0,
      3.0,
      3.0,
      4.0,
      4.0,
      2.0,
      3.0,
      3.0,
      3.0,
      3.0,
      3.0,
      3.0,
      3.0,
      2.0,
      4.0,
      1.0,
      3.0,
      4.0,
      3.0,
      4.0,
      3.0,
      3.0,
      2.0,
      3.0,
      2.0,
      3.0,
      2.0,
      2.0,
      3.0,
      4.0,
      3.0,
      2.0,
      3.0,
      2.0,
      3.0,
      2.0,
      4.0,
      3.0,
      3.0,
      3.0,
      2.0,
      3.0,
      3.0,
      4.0,
      3.0,
      3.0,
      3.0,
      3.0,
      3.0,
      2.0,
      3.0,
      2.0,
      4.0,
      2.0,
      4.0,
      3.0,
      4.0,
      3.0,
      2.0,
      4.0,
      4.0,
      3.0,
      3.0,
      3.0,
      4.0,
      3.0,
      2.0,
      3.0,
      3.0,
      3.0,
      2.0,
      3.0,
      3.0,
      3.0,
      3.0,
      3.0,
      3.0,
      3.0,
      2.0,
      2.0,
      4.0,
      3.0,
      3.0,
      3.0,
      4.0,
      3.0,
      2.0,
      3.0,
      3.0,
      2.0,
      3.0,
      3.0,
      4.0,
      3.0,
      3.0,
      3.0,
      3.0,
      3.0,
      2.0,
      2.0,
      2.0,
      3.0,
      3.0,
      2.0,
      2.0,
      2.0,
      3.0,
      2.0,
      3.0,
      3.0,
      3.0,
      3.0,
      4.0,
      3.0,
      4.0,
      4.0,
      3.0,
      4.0,
      3.0,
      4.0,
      2.0,
      4.0,
      3.0,
      3.0,
      3.0,
      1.0,
      3.0,
      2.0,
      3.0,
      3.0,
      2.0,
      2.0,
      3.0,
      3.0,
      4.0,
      3.0,
      2.0,
      4.0,
      4.0,
      4.0,
      2.0,
      3.0,
      3.0,
      4.0,
      4.0,
      4.0,
      3.0,
      2.0,
      3.0,
      2.0,
      2.0,
      3.0,
      2.0,
      3.0,
      4.0,
      3.0,
      3.0,
      4.0,
      4.0,
      3.0,
      3.0,
      4.0,
      3.0,
      3.0,
      2.0,
      4.0,
      4.0,
      2.0,
      3.0,
      2.0,
      2.0,
      3.0,
      3.0,
      4.0,
      2.0,
      3.0,
      3.0,
      2.0,
      2.0,
      2.0,
      3.0,
      2.0,
      2.0,
      1.0,
      3.0,
      4.0,
      3.0,
      3.0,
      4.0,
      4.0,
      2.0,
      3.0,
      3.0,
      3.0,
      3.0,
      3.0,
      3.0,
      3.0,
      3.0,
      4.0,
      2.0,
      3.0,
      3.0,
      4.0,
      4.0,
      3.0,
      4.0,
      3.0,
      3.0,
      3.0,
      2.0,
      2.0,
      3.0,
      3.0,
      3.0,
      4.0,
      4.0,
      3.0,
      3.0,
      3.0,
      2.0,
      3.0,
      3.0,
      3.0,
      3.0,
      3.0,
      4.0,
      3.0,
      2.0,
      3.0,
      4.0,
      3.0,
      3.0,
      2.0,
      3.0,
      4.0,
      5.0,
      3.0,
      4.0,
      2.0,
      3.0,
      3.0,
      3.0,
      3.0,
      2.0,
      5.0,
      3.0,
      4.0,
      4.0,
      3.0,
      3.0,
      4.0,
      2.0,
      2.0,
      2.0,
      3.0,
      3.0,
      4.0,
      3.0,
      4.0,
      4.0,
      3.0,
      3.0,
      3.0,
      3.0,
      4.0,
      3.0,
      3.0,
      3.0,
      4.0,
      2.0,
      4.0,
      4.0,
      4.0,
      2.0,
      2.0,
      2.0,
      3.0,
      3.0,
      2.0,
      3.0,
      4.0,
      3.0,
      2.0,
      3.0,
      2.0,
      4.0,
      4.0,
      4.0,
      3.0,
      2.0,
      2.0,
      4.0,
      3.0,
      3.0,
      4.0,
      3.0,
      3.0,
      3.0,
      4.0,
      4.0,
      3.0,
      3.0,
      3.0,
      3.0,
      4.0,
      4.0,
      3.0,
      2.0,
      3.0,
      1.0,
      3.0,
      4.0,
      3.0,
      4.0,
      3.0,
      2.0,
      2.0,
      3.0,
      3.0,
      2.0,
      3.0,
      2.0,
      2.0,
      2.0,
      3.0,
      2.0,
      3.0,
      4.0,
      3.0,
      3.0,
      2.0,
      4.0,
      3.0,
      3.0,
      3.0,
      2.0,
      3.0,
      4.0,
      4.0,
      2.0,
      5.0,
      3.0,
      3.0,
      4.0,
      4.0,
      3.0,
      2.0,
      3.0,
      4.0,
      2.0,
      4.0,
      4.0,
      2.0,
      4.0,
      2.0,
      3.0,
      3.0,
      3.0,
      5.0,
      3.0,
      2.0,
      4.0,
      2.0,
      2.0,
      2.0,
      3.0,
      3.0,
      5.0,
      3.0,
      3.0,
      3.0,
      3.0,
      3.0,
      3.0,
      2.0,
      3.0,
      3.0,
      2.0,
      3.0,
      3.0,
      3.0,
      4.0,
      4.0,
      3.0,
      3.0,
      4.0,
      2.0,
      3.0,
      3.0,
      2.0,
      3.0,
      2.0,
      2.0,
      2.0,
      3.0,
      2.0,
      3.0,
      2.0,
      2.0,
      3.0,
      2.0,
      3.0,
      4.0,
      3.0,
      3.0,
      2.0,
      3.0,
      3.0,
      4.0,
      3.0,
      4.0,
      3.0,
      2.0,
      3.0,
      3.0,
      3.0,
      2.0,
      4.0,
      2.0,
      4.0,
      3.0,
      3.0,
      2.0,
      5.0,
      3.0,
      3.0,
      3.0,
      3.0,
      2.0,
      2.0,
      3.0,
      3.0,
      3.0,
      3.0,
      3.0,
      3.0,
      3.0,
      3.0,
      2.0,
      4.0,
      4.0,
      3.0,
      3.0,
      3.0,
      3.0,
      3.0,
      2.0,
      2.0,
      2.0,
      3.0,
      3.0,
      3.0,
      2.0,
      3.0,
      2.0,
      3.0,
      2.0,
      3.0,
      4.0,
      3.0,
      2.0,
      3.0,
      3.0,
      2.0,
      3.0,
      4.0,
      4.0,
      4.0,
      4.0,
      5.0,
      4.0,
      3.0,
      2.0,
      2.0,
      3.0,
      3.0,
      2.0,
      4.0,
      3.0,
      3.0,
      4.0,
      3.0,
      2.0,
      3.0,
      3.0,
      2.0,
      3.0,
      3.0,
      4.0,
      3.0,
      3.0,
      2.0,
      3.0,
      2.0,
      2.0,
      3.0,
      3.0,
      4.0,
      3.0,
      4.0,
      3.0,
      3.0,
      3.0,
      4.0,
      3.0,
      3.0,
      4.0,
      3.0,
      4.0,
      3.0,
      3.0,
      3.0,
      3.0,
      4.0,
      2.0,
      4.0,
      4.0,
      2.0,
      2.0,
      4.0,
      3.0,
      3.0,
      2.0,
      3.0,
      2.0,
      2.0,
      2.0,
      3.0,
      3.0,
      3.0,
      4.0,
      3.0,
      1.0,
      3.0,
      3.0,
      3.0,
      4.0,
      3.0,
      2.0,
      2.0,
      2.0,
      3.0,
      3.0,
      2.0,
      2.0,
      3.0,
      4.0,
      3.0,
      3.0,
      3.0,
      4.0,
      4.0,
      2.0,
      3.0,
      3.0,
      3.0,
      2.0,
      3.0,
      2.0,
      4.0,
      4.0,
      4.0,
      3.0,
      3.0,
      3.0,
      3.0,
      2.0,
      4.0,
      4.0,
      3.0,
      2.0,
      2.0,
      4.0,
      3.0,
      3.0,
      3.0,
      3.0,
      3.0,
      4.0,
      4.0,
      3.0,
      3.0,
      3.0,
      2.0,
      3.0,
      3.0,
      4.0,
      3.0,
      2.0,
      4.0,
      4.0,
      4.0,
      3.0,
      3.0,
      4.0,
      2.0,
      4.0,
      2.0,
      2.0,
      4.0,
      2.0,
      4.0,
      4.0,
      4.0,
      2.0,
      2.0,
