{
  "_triangle_count": 19789656,
  "_four_cycle_count": 46102308436,
  "_five_cycle_count": 402773611657,
  "_six_cycle_count": 132681503945364,
  "_diamond_count": 5875783566,
  "_k4_count": 102910926,
  "_tailed_triangle_count": 148991302937,
  "_star_counts": {
    "__sig_type__": "dict",
    "items": [
      [
        2,
        3405395797
      ],
      [
        3,
        10765654504513
      ],
      [
        4,
        31401156247203100
      ],
      [
        5,
        76948844850810896384
      ],
      [
        6,
        162770173143680779550720
      ],
      [
        7,
        302421066127650327013359616
      ],
      [
        8,
        501570249883543612385386299392
      ],
      [
        9,
        754751875861827639784178641272832
      ],
      [
        10,
        1031595875560169702659235308124504064
      ]
    ]
  },
  "_path_template_zipf": {
    "__sig_type__": "dict",
    "items": [
      [
        2,
        NaN
      ],
      [
        3,
        1.3884558159349807
      ],
      [
        4,
        1.1916018522501615
      ],
      [
        5,
        1.1835366439569714
      ],
      [
        6,
        1.1568534832889688
      ],
      [
        7,
        1.1754569429228652
      ],
      [
        8,
        1.2141786320437693
      ],
      [
        9,
        1.2753944044166623
      ],
      [
        10,
        NaN
      ]
    ]
  },
  "_path_template_entropy": {
    "__sig_type__": "dict",
    "items": [
      [
        2,
        -0.0
      ],
      [
        3,
        0.03551900641089501
      ],
      [
        4,
        0.7316006328216822
      ],
      [
        5,
        1.423958188570275
      ],
      [
        6,
        2.6856649708928986
      ],
      [
        7,
        3.0496362312863305
      ],
      [
        8,
        4.350480285729116
      ],
      [
        9,
        4.707931783599408
      ],
      [
        10,
        NaN
      ]
    ]
  },
  "_tree_template_zipf": 1.0421400212488794,
  "_tree_template_entropy": 0.007756164443291238
}