{
  "source": "/Users/cl/data/Cross_Platform_Work/Uni/tum/bpc/BPC-Data-Engeneering-Topic-2/data/graphs/hetionet/hetionet.nt",
  "features": {
    "num_entities": 45158.0,
    "num_relations": 24.0,
    "mean_degree": 49.82942114354046,
    "out_degree_alpha": 2.6775128622688094,
    "out_degree_xmin": 172.0,
    "in_degree_alpha": 2.5979361005188477,
    "in_degree_xmin": 66.0,
    "relation_zipf_exponent": 2.3088322431839234,
    "relation_zipf_xmin": 73566.0,
    "obj_mult_alpha_q00": 1.4,
    "obj_mult_alpha_q10": 1.4,
    "obj_mult_alpha_q25": 2.0113801673915694,
    "obj_mult_alpha_q50": 2.3196610547280097,
    "obj_mult_alpha_q75": 2.8681965854551477,
    "obj_mult_alpha_q90": 2.9646568034121414,
    "obj_mult_alpha_q100": 3.0,
    "subj_mult_alpha_q00": 1.4,
    "subj_mult_alpha_q10": 1.7391313230040784,
    "subj_mult_alpha_q25": 1.9275942519382105,
    "subj_mult_alpha_q50": 2.349213404309445,
    "subj_mult_alpha_q75": 2.7164308029024835,
    "subj_mult_alpha_q90": 2.8144335937499996,
    "subj_mult_alpha_q100": 3.0,
    "a_obj": 0.6644372712751465,
    "a_subj": -0.22429825415939658,
    "class_size_alpha": NaN,
    "class_size_xmin": NaN,
    "num_classes": 0.0,
    "subj_cooc_rate": 0.3855143972767839,
    "subj_cooc_scale": 0.36975619786499303,
    "subj_cooc_density": 0.25,
    "obj_cooc_rate": 0.25751093848877826,
    "obj_cooc_scale": 0.4245111966171639,
    "obj_cooc_density": 0.2847222222222222,
    "subj_row_entropy_q00": 0.0,
    "subj_row_entropy_q10": 1.0986122886681096,
    "subj_row_entropy_q25": 1.7001846530639673,
    "subj_row_entropy_q50": 1.8293954413082956,
    "subj_row_entropy_q75": 1.878788802088641,
    "subj_row_entropy_q90": 1.8921366662110877,
    "subj_row_entropy_q100": 1.9227225709354983,
    "obj_row_entropy_q00": 0.0,
    "obj_row_entropy_q10": 0.0,
    "obj_row_entropy_q25": 0.0,
    "obj_row_entropy_q50": 1.6795816163267296,
    "obj_row_entropy_q75": 2.3167807373358085,
    "obj_row_entropy_q90": 2.3695597323684305,
    "obj_row_entropy_q100": 2.3741884422503854,
    "type_rel_spectrum_rate": NaN,
    "type_rel_spectrum_scale": NaN,
    "per_type_entropy_rate": NaN,
    "per_type_entropy_scale": NaN,
    "num_distinct_cs": 204.0,
    "cs_freq_alpha": 2.2054456327869363,
    "cs_freq_xmin": 132.0,
    "cs_size_q00": 1.0,
    "cs_size_q10": 1.0,
    "cs_size_q25": 3.0,
    "cs_size_q50": 4.0,
    "cs_size_q75": 5.0,
    "cs_size_q90": 6.0,
    "cs_size_q100": 7.0,
    "inv_num_distinct_cs": 819.0,
    "inv_cs_freq_alpha": 1.6107841606503706,
    "inv_cs_freq_xmin": 4.0,
    "inv_cs_size_q00": 1.0,
    "inv_cs_size_q10": 1.0,
    "inv_cs_size_q25": 1.0,
    "inv_cs_size_q50": 1.0,
    "inv_cs_size_q75": 5.0,
    "inv_cs_size_q90": 7.0,
    "inv_cs_size_q100": 12.0,
    "two_step_alpha": 1.0000006233292584,
    "two_step_vmin": 358.0,
    "two_step_vmax": 21928856.0,
    "triangle_count": 19789656.0,
    "four_cycle_count": 46102308436.0,
    "five_cycle_count": 402773611657.0,
    "six_cycle_count": 132681503945364.0,
    "diamond_count": 5875783566.0,
    "k4_count": 102910926.0,
    "tailed_triangle_count": 148991302937.0,
    "star_count_k2": 3405395797.0,
    "star_count_k3": 10765654504513.0,
    "star_count_k4": 3.14011562472031e+16,
    "star_count_k5": 7.69488448508109e+19,
    "star_count_k6": 1.6277017314368078e+23,
    "star_count_k7": 3.0242106612765033e+26,
    "star_count_k8": 5.015702498835436e+29,
    "star_count_k9": 7.547518758618276e+32,
    "star_count_k10": 1.0315958755601697e+36,
    "path_template_zipf_k2": NaN,
    "path_template_zipf_k3": 1.3884558159349807,
    "path_template_zipf_k4": 1.1916018522501615,
    "path_template_zipf_k5": 1.1835366439569714,
    "path_template_zipf_k6": 1.1568534832889688,
    "path_template_zipf_k7": 1.1754569429228652,
    "path_template_zipf_k8": 1.2141786320437693,
    "path_template_zipf_k9": 1.2753944044166623,
    "path_template_zipf_k10": NaN,
    "path_template_entropy_k2": -0.0,
    "path_template_entropy_k3": 0.03551900641089501,
    "path_template_entropy_k4": 0.7316006328216822,
    "path_template_entropy_k5": 1.423958188570275,
    "path_template_entropy_k6": 2.6856649708928986,
    "path_template_entropy_k7": 3.0496362312863305,
    "path_template_entropy_k8": 4.350480285729116,
    "path_template_entropy_k9": 4.707931783599408,
    "path_template_entropy_k10": NaN,
    "tree_template_zipf": 1.0421400212488794,
    "tree_template_entropy": 0.007756164443291238,
    "num_components": 1.0,
    "largest_component_fraction": 1.0,
    "clustering_coefficient": 0.11309206083696298,
    "degree_assortativity": -0.1698693737135014,
    "shortest_path_max": 6.0,
    "shortest_path_mean": 3.037,
    "shortest_path_var": 0.5356310000000002,
    "out_degree_max": 23866,
    "out_degree_p90": 103.0,
    "in_degree_max": 2718,
    "in_degree_p90": 108.0
  }
}