{
  "triangle_count": 6725,
  "four_cycle_count": 219212,
  "five_cycle_count": 2967613,
  "six_cycle_count": 60370567,
  "diamond_count": 97465,
  "k4_count": 389,
  "tailed_triangle_count": 3964009,
  "path_template_zipf": {
    "__sig_type__": "dict",
    "items": [
      [
        2,
        NaN
      ],
      [
        3,
        1.3562220359630741
      ],
      [
        4,
        1.152825980505984
      ],
      [
        5,
        1.1660333712518138
      ],
      [
        6,
        1.1776183906039754
      ],
      [
        7,
        1.2333306063951868
      ],
      [
        8,
        1.2757111818320657
      ],
      [
        9,
        1.307145694232828
      ],
      [
        10,
        1.3191235953412066
      ]
    ]
  },
  "path_template_entropy": {
    "__sig_type__": "dict",
    "items": [
      [
        2,
        -0.0
      ],
      [
        3,
        0.024026973019937822
      ],
      [
        4,
        0.3283049573902922
      ],
      [
        5,
        1.2454797161677198
      ],
      [
        6,
        1.8967827919372016
      ],
      [
        7,
        2.584276150146238
      ],
      [
        8,
        3.214008053422724
      ],
      [
        9,
        3.973847047465444
      ],
      [
        10,
        4.616433335007955
      ]
    ]
  },
  "tree_template_zipf": 1.0661198820212234,
  "tree_template_entropy": 0.1416234062347775
}