{
  "num_components": 11,
  "largest_component_fraction": 0.9978755045676652,
  "clustering_coefficient": 0.03418686790730223,
  "degree_assortativity": -0.09068211711845373,
  "shortest_path_max": 5.0,
  "shortest_path_mean": 3.092,
  "shortest_path_var": 0.425536,
  "pair_dists_finite": {
    "__sig_type__": "ndarray",
    "dtype": "float64",
    "data": [
      4.0,
      4.0,
      3.0,
      3.0,
      3.0,
      3.0,
      3.0,
      2.0,
      3.0,
      3.0,
      3.0,
      3.0,
      3.0,
      3.0,
      2.0,
      4.0,
      3.0,
      2.0,
      3.0,
      2.0,
      3.0,
      3.0,
      3.0,
      3.0,
      3.0,
      3.0,
      3.0,
      2.0,
      4.0,
      4.0,
      2.0,
      3.0,
      3.0,
      4.0,
      3.0,
      4.0,
      3.0,
      2.0,
      3.0,
      5.0,
      3.0,
      3.0,
      2.0,
      3.0,
      3.0,
      2.0,
      3.0,
      4.0,
      2.0,
      5.0,
      4.0,
      3.0,
      4.0,
      3.0,
      4.0,
      4.0,
      3.0,
      4.0,
      3.0,
      3.0,
      3.0,
      3.0,
      3.0,
      3.0,
      4.0,
      3.0,
      2.0,
      3.0,
      4.0,
      3.0,
      3.0,
      2.0,
      3.0,
      3.0,
      3.0,
      3.0,
      5.0,
      3.0,
      3.0,
      3.0,
      3.0,
      4.0,
      4.0,
      3.0,
      3.0,
      3.0,
      4.0,
      3.0,
      3.0,
      3.0,
      3.0,
      2.0,
      3.0,
      4.0,
      3.0,
      3.0,
      3.0,
      2.0,
      3.0,
      3.0,
      2.0,
      4.0,
      4.0,
      4.0,
      3.0,
      2.0,
      3.0,
      4.0,
      4.0,
      3.0,
      3.0,
      4.0,
      3.0,
      3.0,
      2.0,
      3.0,
      4.0,
      3.0,
      3.0,
      3.0,
      4.0,
      2.0,
      4.0,
      2.0,
      3.0,
      3.0,
      4.0,
      3.0,
      4.0,
      3.0,
      4.0,
      3.0,
      3.0,
      2.0,
      3.0,
      4.0,
      3.0,
      3.0,
      3.0,
      3.0,
      3.0,
      3.0,
      3.0,
      2.0,
      2.0,
      2.0,
      4.0,
      3.0,
      3.0,
      3.0,
      3.0,
      3.0,
      4.0,
      3.0,
      3.0,
      3.0,
      4.0,
      3.0,
      2.0,
      3.0,
      4.0,
      3.0,
      3.0,
      3.0,
      4.0,
      3.0,
      3.0,
      3.0,
      3.0,
      3.0,
      3.0,
      3.0,
      2.0,
      2.0,
      2.0,
      3.0,
      4.0,
      3.0,
      3.0,
      4.0,
      2.0,
      2.0,
      3.0,
      4.0,
      3.0,
      3.0,
      2.0,
      4.0,
      3.0,
      4.0,
      3.0,
      3.0,
      4.0,
      3.0,
      3.0,
      3.0,
      3.0,
      3.0,
      4.0,
      3.0,
      2.0,
      3.0,
      3.0,
      4.0,
      3.0,
      3.0,
      3.0,
      4.0,
      2.0,
      3.0,
      3.0,
      4.0,
      2.0,
      4.0,
      3.0,
      4.0,
      3.0,
      3.0,
      3.0,
      4.0,
      4.0,
      4.0,
      4.0,
      3.0,
      2.0,
      3.0,
      3.0,
      4.0,
      3.0,
      3.0,
      3.0,
      4.0,
      3.0,
      2.0,
      3.0,
      3.0,
      3.0,
      3.0,
      4.0,
      3.0,
      2.0,
      3.0,
      3.0,
      3.0,
      3.0,
      4.0,
      4.0,
      3.0,
      2.0,
      3.0,
      4.0,
      2.0,
      3.0,
      3.0,
      3.0,
      3.0,
      4.0,
      3.0,
      3.0,
      3.0,
      4.0,
      3.0,
      4.0,
      2.0,
      4.0,
      2.0,
      3.0,
      2.0,
      3.0,
      4.0,
      3.0,
      3.0,
      3.0,
      3.0,
      2.0,
      3.0,
      3.0,
      3.0,
      4.0,
      2.0,
      3.0,
      3.0,
      4.0,
      3.0,
      2.0,
      3.0,
      4.0,
      4.0,
      3.0,
      4.0,
      3.0,
      4.0,
      3.0,
      2.0,
      2.0,
      3.0,
      3.0,
      2.0,
      4.0,
      2.0,
      3.0,
      4.0,
      3.0,
      3.0,
      3.0,
      4.0,
      4.0,
      3.0,
      2.0,
      2.0,
      3.0,
      3.0,
      3.0,
      3.0,
      4.0,
      3.0,
      3.0,
      4.0,
      4.0,
      3.0,
      3.0,
      3.0,
      3.0,
      2.0,
      4.0,
      2.0,
      3.0,
      4.0,
      3.0,
      3.0,
      2.0,
      3.0,
      4.0,
      3.0,
      4.0,
      4.0,
      2.0,
      3.0,
      3.0,
      2.0,
      3.0,
      5.0,
      3.0,
      3.0,
      3.0,
      3.0,
      3.0,
      4.0,
      3.0,
      3.0,
      4.0,
      3.0,
      2.0,
      3.0,
      3.0,
      5.0,
      3.0,
      3.0,
      4.0,
      4.0,
      3.0,
      3.0,
      4.0,
      2.0,
      3.0,
      4.0,
      3.0,
      3.0,
      3.0,
      4.0,
      4.0,
      4.0,
      3.0,
      3.0,
      4.0,
      3.0,
      3.0,
      3.0,
      2.0,
      3.0,
      3.0,
      3.0,
      4.0,
      3.0,
      3.0,
      3.0,
      3.0,
      3.0,
      3.0,
      4.0,
      3.0,
      3.0,
      4.0,
      3.0,
      3.0,
      3.0,
      3.0,
      4.0,
      3.0,
      3.0,
      2.0,
      3.0,
      3.0,
      3.0,
      3.0,
      3.0,
      3.0,
      4.0,
      4.0,
      4.0,
      3.0,
      4.0,
      3.0,
      2.0,
      4.0,
      3.0,
      4.0,
      3.0,
      3.0,
      2.0,
      3.0,
      4.0,
      3.0,
      3.0,
      2.0,
      3.0,
      4.0,
      4.0,
      4.0,
      3.0,
      4.0,
      3.0,
      3.0,
      3.0,
      3.0,
      2.0,
      3.0,
      3.0,
      3.0,
      3.0,
      3.0,
      3.0,
      3.0,
      3.0,
      4.0,
      3.0,
      4.0,
      3.0,
      3.0,
      3.0,
      2.0,
      3.0,
      3.0,
      4.0,
      3.0,
      3.0,
      3.0,
      4.0,
      5.0,
      3.0,
      4.0,
      3.0,
      3.0,
      3.0,
      3.0,
      4.0,
      4.0,
      4.0,
      3.0,
      4.0,
      2.0,
      3.0,
      3.0,
      4.0,
      2.0,
      4.0,
      4.0,
      3.0,
      3.0,
      3.0,
      3.0,
      4.0,
      2.0,
      4.0,
      3.0,
      3.0,
      4.0,
      4.0,
      3.0,
      2.0,
      3.0,
      3.0,
      2.0,
      3.0,
      3.0,
      3.0,
      3.0,
      3.0,
      3.0,
      3.0,
      3.0,
      3.0,
      4.0,
      3.0,
      2.0,
      4.0,
      3.0,
      4.0,
      3.0,
      4.0,
      3.0,
      4.0,
      4.0,
      3.0,
      3.0,
      4.0,
      2.0,
      3.0,
      3.0,
      3.0,
      3.0,
      3.0,
      3.0,
      3.0,
      3.0,
      3.0,
      3.0,
      3.0,
      3.0,
      4.0,
      4.0,
      3.0,
      3.0,
      3.0,
      3.0,
      3.0,
      3.0,
      3.0,
      3.0,
      3.0,
      3.0,
      3.0,
      2.0,
      4.0,
      3.0,
      2.0,
      3.0,
      3.0,
      3.0,
      3.0,
      3.0,
      3.0,
      4.0,
      4.0,
      3.0,
      4.0,
      3.0,
      2.0,
      3.0,
      4.0,
      3.0,
      2.0,
      3.0,
      4.0,
      3.0,
      3.0,
      2.0,
      3.0,
      3.0,
      3.0,
      3.0,
      3.0,
      3.0,
      3.0,
      2.0,
      3.0,
      4.0,
      2.0,
      2.0,
      3.0,
      2.0,
      2.0,
      3.0,
      3.0,
      2.0,
      3.0,
      3.0,
      2.0,
      3.0,
      3.0,
      5.0,
      2.0,
      2.0,
      4.0,
      2.0,
      3.0,
      3.0,
      3.0,
      2.0,
      4.0,
      4.0,
      3.0,
      3.0,
      2.0,
      3.0,
      4.0,
      3.0,
      4.0,
      3.0,
      3.0,
      4.0,
      3.0,
      2.0,
      3.0,
      3.0,
      3.0,
      3.0,
      2.0,
      2.0,
      3.0,
      2.0,
      4.0,
      3.0,
      3.0,
      5.0,
      3.0,
      3.0,
      3.0,
      2.0,
      2.0,
      3.0,
      3.0,
      3.0,
      3.0,
      2.0,
      3.0,
      3.0,
      2.0,
      2.0,
      4.0,
      3.0,
      3.0,
      3.0,
      3.0,
      3.0,
      2.0,
      3.0,
      4.0,
      3.0,
      3.0,
      3.0,
      1.0,
      4.0,
      3.0,
      4.0,
      4.0,
      3.0,
      4.0,
      3.0,
      4.0,
      2.0,
      2.0,
      4.0,
      5.0,
      3.0,
      2.0,
      2.0,
      3.0,
      3.0,
      4.0,
      3.0,
      4.0,
      4.0,
      2.0,
      3.0,
      4.0,
      3.0,
      3.0,
      3.0,
      4.0,
      4.0,
      3.0,
      3.0,
      4.0,
      3.0,
      3.0,
      3.0,
      2.0,
      3.0,
      3.0,
      4.0,
      3.0,
      4.0,
      3.0,
