{
  "source": "/Users/cl/data/Cross_Platform_Work/Uni/tum/bpc/BPC-Data-Engeneering-Topic-2/data/graphs/fb237_v4/fb237_v4_synth_20260715_141807.ttl",
  "features": {
    "num_entities": 4707.0,
    "num_relations": 210.0,
    "mean_degree": 7.205438708306777,
    "type_edge_frac": 0.0,
    "out_degree_alpha": 1.2408702607094915,
    "out_degree_xmin": 1.0,
    "in_degree_alpha": 1.4688819864311744,
    "in_degree_xmin": 1.0,
    "rel_freq_logq_q00": -10.431642158423893,
    "rel_freq_logq_q10": -7.8666928009623565,
    "rel_freq_logq_q25": -7.340599705065578,
    "rel_freq_logq_q50": -6.509717839347657,
    "rel_freq_logq_q75": -5.560470239746246,
    "rel_freq_logq_q90": -4.535809526621323,
    "rel_freq_logq_q100": -2.896879501386356,
    "obj_mult_alpha_q00": 1.4,
    "obj_mult_alpha_q10": 1.4,
    "obj_mult_alpha_q25": 1.7602844238281221,
    "obj_mult_alpha_q50": 2.233227539062498,
    "obj_mult_alpha_q75": 2.6462219238281244,
    "obj_mult_alpha_q90": 2.999999999999999,
    "obj_mult_alpha_q100": 3.0,
    "subj_mult_alpha_q00": 1.4,
    "subj_mult_alpha_q10": 1.4,
    "subj_mult_alpha_q25": 1.6510650919545946,
    "subj_mult_alpha_q50": 1.9745227308424247,
    "subj_mult_alpha_q75": 2.2445434570312486,
    "subj_mult_alpha_q90": 2.789794921874999,
    "subj_mult_alpha_q100": 3.0,
    "obj_mult_max": 72.0,
    "subj_mult_max": 547.0,
    "a_obj": 0.1349889438336686,
    "a_subj": 0.1437405862850618,
    "out_degree_max": 195.0,
    "out_degree_p90": 16.0,
    "in_degree_max": 1439.0,
    "in_degree_p90": 12.0,
    "subject_frac": 0.9247928616953474,
    "object_frac": 0.8440620352666242,
    "recip_symmetric_frac_bin0": 0.0,
    "recip_symmetric_frac_bin1": 0.0,
    "recip_symmetric_frac_bin2": 0.0,
    "recip_symmetric_frac_bin3": 0.0,
    "recip_symmetric_frac_bin4": 0.0,
    "recip_symmetric_frac_bin5": 0.0,
    "recip_symmetric_value": NaN,
    "class_size_alpha": NaN,
    "class_size_xmin": NaN,
    "num_classes": 0.0,
    "subj_cooc_rate": 0.12843058002993432,
    "subj_cooc_scale": 0.2836167835709003,
    "subj_cooc_density": 0.3786848072562358,
    "obj_cooc_rate": 0.16780921478790173,
    "obj_cooc_scale": 0.2391001573628331,
    "obj_cooc_density": 0.2909297052154195,
    "edge_multiplicity": 1.1061248450851215,
    "bidirectional_ratio": 1.0376662492808555,
    "subj_row_entropy_q00": 0.0,
    "subj_row_entropy_q10": 3.038634554056418,
    "subj_row_entropy_q25": 3.4150804843957068,
    "subj_row_entropy_q50": 3.747674893118319,
    "subj_row_entropy_q75": 3.9996351858717696,
    "subj_row_entropy_q90": 4.153073246190755,
    "subj_row_entropy_q100": 4.250346049915727,
    "obj_row_entropy_q00": 0.0,
    "obj_row_entropy_q10": 2.337608267231644,
    "obj_row_entropy_q25": 3.103948392075172,
    "obj_row_entropy_q50": 3.549882951857071,
    "obj_row_entropy_q75": 3.881211990883556,
    "obj_row_entropy_q90": 4.0811484502972855,
    "obj_row_entropy_q100": 4.300415484190357,
    "type_rel_spectrum_rate": NaN,
    "type_rel_spectrum_scale": NaN,
    "per_type_entropy_rate": NaN,
    "per_type_entropy_scale": NaN,
    "num_distinct_cs": 2374.0,
    "cs_freq_alpha": 2.0860839843749983,
    "cs_freq_vmin": 1.0,
    "cs_freq_vmax": 23.0,
    "cs_size_q00": 1.0,
    "cs_size_q10": 2.0,
    "cs_size_q25": 3.0,
    "cs_size_q50": 4.0,
    "cs_size_q75": 6.0,
    "cs_size_q90": 10.0,
    "cs_size_q100": 20.0,
    "inv_num_distinct_cs": 2433.0,
    "inv_cs_freq_alpha": 2.660595703124999,
    "inv_cs_freq_vmin": 1.0,
    "inv_cs_freq_vmax": 63.0,
    "inv_cs_size_q00": 1.0,
    "inv_cs_size_q10": 1.0,
    "inv_cs_size_q25": 2.0,
    "inv_cs_size_q50": 2.0,
    "inv_cs_size_q75": 4.0,
    "inv_cs_size_q90": 8.0,
    "inv_cs_size_q100": 25.0,
    "two_step_alpha": 1.416933325070846,
    "two_step_vmin": 1.0,
    "two_step_vmax": 6123.0,
    "triangle_count": 6725.0,
    "four_cycle_count": 219212.0,
    "five_cycle_count": 2967613.0,
    "six_cycle_count": 60370567.0,
    "diamond_count": 97465.0,
    "k4_count": 389.0,
    "tailed_triangle_count": 3964009.0,
    "path_template_zipf_k2": NaN,
    "path_template_zipf_k3": 1.3562220359630741,
    "path_template_zipf_k4": 1.152825980505984,
    "path_template_zipf_k5": 1.1660333712518138,
    "path_template_zipf_k6": 1.1776183906039754,
    "path_template_zipf_k7": 1.2333306063951868,
    "path_template_zipf_k8": 1.2757111818320657,
    "path_template_zipf_k9": 1.307145694232828,
    "path_template_zipf_k10": 1.3191235953412066,
    "path_template_entropy_k2": -0.0,
    "path_template_entropy_k3": 0.024026973019937822,
    "path_template_entropy_k4": 0.3283049573902922,
    "path_template_entropy_k5": 1.2454797161677198,
    "path_template_entropy_k6": 1.8967827919372016,
    "path_template_entropy_k7": 2.584276150146238,
    "path_template_entropy_k8": 3.214008053422724,
    "path_template_entropy_k9": 3.973847047465444,
    "path_template_entropy_k10": 4.616433335007955,
    "tree_template_zipf": 1.0661198820212234,
    "tree_template_entropy": 0.1416234062347775,
    "num_components": 11.0,
    "largest_component_fraction": 0.9978755045676652,
    "clustering_coefficient": 0.03418686790730223,
    "degree_assortativity": -0.09068211711845373,
    "shortest_path_max": 5.0,
    "shortest_path_mean": 3.092,
    "shortest_path_var": 0.425536
  }
}