{
  "_triangle_count": 14244,
  "_four_cycle_count": 659812,
  "_five_cycle_count": 7771465,
  "_six_cycle_count": 185718050,
  "_diamond_count": 370960,
  "_k4_count": 1901,
  "_tailed_triangle_count": 10866817,
  "_path_template_zipf": {
    "__sig_type__": "dict",
    "items": [
      [
        2,
        NaN
      ],
      [
        3,
        1.3704809723905493
      ],
      [
        4,
        1.1642183075864627
      ],
      [
        5,
        1.2125993408865978
      ],
      [
        6,
        1.184469041439077
      ],
      [
        7,
        1.2026543099419362
      ],
      [
        8,
        1.2559651378918617
      ],
      [
        9,
        1.2837486944287886
      ],
      [
        10,
        1.3557581287621898
      ]
    ]
  },
  "_path_template_entropy": {
    "__sig_type__": "dict",
    "items": [
      [
        2,
        -0.0
      ],
      [
        3,
        0.028825277687530203
      ],
      [
        4,
        0.42461999824920776
      ],
      [
        5,
        1.5068270124284366
      ],
      [
        6,
        2.372257615734437
      ],
      [
        7,
        3.2297098493608387
      ],
      [
        8,
        4.020046056455993
      ],
      [
        9,
        4.821654453781391
      ],
      [
        10,
        5.611918411774746
      ]
    ]
  },
  "_tree_template_zipf": 1.0612079584355065,
  "_tree_template_entropy": 0.114850322044863
}