{
  "source": "/Users/cl/data/Cross_Platform_Work/Uni/tum/bpc/BPC-Data-Engeneering-Topic-2/data/graphs/fb237_v4/fb237_v4_synth.ttl",
  "features": {
    "num_entities": 4707.0,
    "num_relations": 178.0,
    "mean_degree": 7.205438708306777,
    "out_degree_alpha": 2.9605224609375,
    "out_degree_xmin": 6.0,
    "in_degree_alpha": 2.263862910709075,
    "in_degree_xmin": 16.0,
    "relation_zipf_exponent": 1.6012948816523291,
    "relation_zipf_xmin": 3.0,
    "obj_mult_alpha_q00": 1.4,
    "obj_mult_alpha_q10": 2.378693847656249,
    "obj_mult_alpha_q25": 2.4455932617187486,
    "obj_mult_alpha_q50": 2.733032226562499,
    "obj_mult_alpha_q75": 2.9179138183593745,
    "obj_mult_alpha_q90": 2.95682373046875,
    "obj_mult_alpha_q100": 3.0,
    "subj_mult_alpha_q00": 1.4,
    "subj_mult_alpha_q10": 2.0636584134661162,
    "subj_mult_alpha_q25": 2.1922485351562484,
    "subj_mult_alpha_q50": 2.299841308593748,
    "subj_mult_alpha_q75": 2.451544189453124,
    "subj_mult_alpha_q90": 2.706906738281249,
    "subj_mult_alpha_q100": 3.0,
    "a_obj": -0.1292760022723038,
    "a_subj": 0.2928979502968388,
    "out_degree_max": 207.0,
    "out_degree_p90": 15.0,
    "in_degree_max": 1685.0,
    "in_degree_p90": 13.0,
    "class_size_alpha": NaN,
    "class_size_xmin": NaN,
    "num_classes": 0.0,
    "subj_cooc_rate": 0.31134064789173316,
    "subj_cooc_scale": 0.5670150975455566,
    "subj_cooc_density": 0.15017043302613306,
    "obj_cooc_rate": 0.3681967616528341,
    "obj_cooc_scale": 0.36902322639469276,
    "obj_cooc_density": 0.10503724277237722,
    "subj_row_entropy_q00": 0.0,
    "subj_row_entropy_q10": 1.5331307736015336,
    "subj_row_entropy_q25": 2.303369360464121,
    "subj_row_entropy_q50": 2.6615484936114004,
    "subj_row_entropy_q75": 2.852259448156453,
    "subj_row_entropy_q90": 3.0420278970217365,
    "subj_row_entropy_q100": 3.232081073804917,
    "obj_row_entropy_q00": 0.0,
    "obj_row_entropy_q10": 0.9085613157742861,
    "obj_row_entropy_q25": 1.5970267737022388,
    "obj_row_entropy_q50": 2.1901108227147117,
    "obj_row_entropy_q75": 2.73364188728673,
    "obj_row_entropy_q90": 2.995732273553991,
    "obj_row_entropy_q100": 3.175123287605256,
    "type_rel_spectrum_rate": NaN,
    "type_rel_spectrum_scale": NaN,
    "per_type_entropy_rate": NaN,
    "per_type_entropy_scale": NaN,
    "num_distinct_cs": 1279.0,
    "cs_freq_alpha": 2.422192382812499,
    "cs_freq_vmin": 1.0,
    "cs_freq_vmax": 604.0,
    "cs_size_q00": 1.0,
    "cs_size_q10": 1.0,
    "cs_size_q25": 2.0,
    "cs_size_q50": 3.0,
    "cs_size_q75": 4.0,
    "cs_size_q90": 6.0,
    "cs_size_q100": 19.0,
    "inv_num_distinct_cs": 740.0,
    "inv_cs_freq_alpha": 2.3475585937499988,
    "inv_cs_freq_vmin": 1.0,
    "inv_cs_freq_vmax": 1469.0,
    "inv_cs_size_q00": 1.0,
    "inv_cs_size_q10": 1.0,
    "inv_cs_size_q25": 1.0,
    "inv_cs_size_q50": 1.0,
    "inv_cs_size_q75": 2.0,
    "inv_cs_size_q90": 4.0,
    "inv_cs_size_q100": 20.0,
    "two_step_alpha": 1.5051899200803702,
    "two_step_vmin": 1.0,
    "two_step_vmax": 64203.0,
    "triangle_count": 14244.0,
    "four_cycle_count": 659812.0,
    "five_cycle_count": 7771465.0,
    "six_cycle_count": 185718050.0,
    "diamond_count": 370960.0,
    "k4_count": 1901.0,
    "tailed_triangle_count": 10866817.0,
    "path_template_zipf_k2": NaN,
    "path_template_zipf_k3": 1.3704809723905493,
    "path_template_zipf_k4": 1.1642183075864627,
    "path_template_zipf_k5": 1.2125993408865978,
    "path_template_zipf_k6": 1.184469041439077,
    "path_template_zipf_k7": 1.2026543099419362,
    "path_template_zipf_k8": 1.2559651378918617,
    "path_template_zipf_k9": 1.2837486944287886,
    "path_template_zipf_k10": 1.3557581287621898,
    "path_template_entropy_k2": -0.0,
    "path_template_entropy_k3": 0.028825277687530203,
    "path_template_entropy_k4": 0.42461999824920776,
    "path_template_entropy_k5": 1.5068270124284366,
    "path_template_entropy_k6": 2.372257615734437,
    "path_template_entropy_k7": 3.2297098493608387,
    "path_template_entropy_k8": 4.020046056455993,
    "path_template_entropy_k9": 4.821654453781391,
    "path_template_entropy_k10": 5.611918411774746,
    "tree_template_zipf": 1.0612079584355065,
    "tree_template_entropy": 0.114850322044863,
    "num_components": 11.0,
    "largest_component_fraction": 0.9978755045676652,
    "clustering_coefficient": 0.05932144976091273,
    "degree_assortativity": -0.11078954218810914,
    "shortest_path_max": NaN,
    "shortest_path_mean": NaN,
    "shortest_path_var": NaN
  }
}