{
  "_num_components": 3,
  "_largest_component_fraction": 0.9999217843594791,
  "_clustering_coefficient": 0.03854149822031118,
  "_degree_assortativity": -0.05447853137522673,
  "_shortest_path_max": 7.0,
  "_shortest_path_mean": 4.406,
  "_shortest_path_var": 0.9651639999999998,
  "_pair_dists_finite": {
    "__sig_type__": "ndarray",
    "dtype": "float64",
    "data": [
      4.0,
      5.0,
      4.0,
      5.0,
      4.0,
      5.0,
      5.0,
      4.0,
      4.0,
      5.0,
      5.0,
      5.0,
      4.0,
      5.0,
      4.0,
      5.0,
      5.0,
      3.0,
      4.0,
      4.0,
      3.0,
      4.0,
      4.0,
      5.0,
      5.0,
      3.0,
      5.0,
      4.0,
      3.0,
      4.0,
      4.0,
      3.0,
      4.0,
      5.0,
      4.0,
      4.0,
      5.0,
      5.0,
      5.0,
      5.0,
      4.0,
      5.0,
      4.0,
      3.0,
      4.0,
      4.0,
      5.0,
      5.0,
      5.0,
      4.0,
      5.0,
      5.0,
      4.0,
      4.0,
      3.0,
      6.0,
      6.0,
      4.0,
      6.0,
      5.0,
      5.0,
      4.0,
      3.0,
      6.0,
      4.0,
      4.0,
      6.0,
      3.0,
      2.0,
      5.0,
      4.0,
      4.0,
      5.0,
      5.0,
      5.0,
      3.0,
      4.0,
      2.0,
      4.0,
      5.0,
      5.0,
      6.0,
      4.0,
      5.0,
      3.0,
      3.0,
      4.0,
      4.0,
      6.0,
      4.0,
      5.0,
      4.0,
      6.0,
      2.0,
      5.0,
      4.0,
      5.0,
      5.0,
      5.0,
      3.0,
      6.0,
      3.0,
      4.0,
      4.0,
      4.0,
      4.0,
      5.0,
      5.0,
      6.0,
      4.0,
      4.0,
      4.0,
      3.0,
      4.0,
      4.0,
      4.0,
      5.0,
      5.0,
      5.0,
      3.0,
      4.0,
      5.0,
      3.0,
      5.0,
      5.0,
      4.0,
      4.0,
      6.0,
      3.0,
      5.0,
      6.0,
      5.0,
      4.0,
      4.0,
      7.0,
      3.0,
      4.0,
      4.0,
      5.0,
      4.0,
      5.0,
      4.0,
      5.0,
      6.0,
      4.0,
      6.0,
      4.0,
      3.0,
      6.0,
      4.0,
      4.0,
      5.0,
      6.0,
      5.0,
      5.0,
      5.0,
      3.0,
      4.0,
      4.0,
      5.0,
      4.0,
      4.0,
      6.0,
      4.0,
      6.0,
      3.0,
      3.0,
      4.0,
      4.0,
      4.0,
      3.0,
      5.0,
      3.0,
      3.0,
      4.0,
      6.0,
      5.0,
      3.0,
      5.0,
      4.0,
      5.0,
      4.0,
      4.0,
      3.0,
      5.0,
      4.0,
      3.0,
      5.0,
      4.0,
      5.0,
      4.0,
      4.0,
      5.0,
      4.0,
      5.0,
      6.0,
      4.0,
      5.0,
      4.0,
      5.0,
      4.0,
      5.0,
      4.0,
      6.0,
      5.0,
      4.0,
      6.0,
      5.0,
      4.0,
      5.0,
      7.0,
      4.0,
      5.0,
      5.0,
      4.0,
      3.0,
      4.0,
      4.0,
      4.0,
      4.0,
      3.0,
      6.0,
      4.0,
      4.0,
      6.0,
      3.0,
      4.0,
      5.0,
      5.0,
      5.0,
      4.0,
      7.0,
      4.0,
      7.0,
      5.0,
      5.0,
      3.0,
      5.0,
      5.0,
      4.0,
      4.0,
      6.0,
      3.0,
      5.0,
      4.0,
      4.0,
      5.0,
      4.0,
      4.0,
      4.0,
      6.0,
      4.0,
      3.0,
      4.0,
      4.0,
      3.0,
      4.0,
      2.0,
      5.0,
      4.0,
      4.0,
      6.0,
      5.0,
      5.0,
      5.0,
      5.0,
      4.0,
      2.0,
      5.0,
      4.0,
      2.0,
      3.0,
      4.0,
      5.0,
      4.0,
      5.0,
      5.0,
      5.0,
      3.0,
      4.0,
      4.0,
      4.0,
      4.0,
      5.0,
      5.0,
      5.0,
      4.0,
      4.0,
      3.0,
      5.0,
      3.0,
      5.0,
      5.0,
      3.0,
      4.0,
      4.0,
      4.0,
      4.0,
      5.0,
      3.0,
      4.0,
      5.0,
      4.0,
      7.0,
      5.0,
      3.0,
      4.0,
      6.0,
      3.0,
      6.0,
      5.0,
      5.0,
      4.0,
      5.0,
      5.0,
      4.0,
      5.0,
      5.0,
      4.0,
      4.0,
      4.0,
      3.0,
      4.0,
      5.0,
      5.0,
      5.0,
      4.0,
      3.0,
      7.0,
      6.0,
      6.0,
      6.0,
      5.0,
      5.0,
      6.0,
      6.0,
      4.0,
      4.0,
      3.0,
      4.0,
      4.0,
      4.0,
      4.0,
      5.0,
      4.0,
      4.0,
      5.0,
      4.0,
      4.0,
      3.0,
      5.0,
      4.0,
      4.0,
      4.0,
      5.0,
      4.0,
      3.0,
      3.0,
      3.0,
      7.0,
      4.0,
      5.0,
      3.0,
      5.0,
      4.0,
      5.0,
      4.0,
      4.0,
      5.0,
      4.0,
      5.0,
      4.0,
      4.0,
      4.0,
      5.0,
      3.0,
      4.0,
      5.0,
      5.0,
      5.0,
      4.0,
      4.0,
      5.0,
      4.0,
      5.0,
      4.0,
      5.0,
      4.0,
      4.0,
      3.0,
      4.0,
      3.0,
      4.0,
      7.0,
      6.0,
      6.0,
      5.0,
      5.0,
      5.0,
      4.0,
      6.0,
      3.0,
      5.0,
      5.0,
      4.0,
      4.0,
      5.0,
      4.0,
      5.0,
      2.0,
      3.0,
      4.0,
      4.0,
      6.0,
      4.0,
      4.0,
      3.0,
      5.0,
      5.0,
      3.0,
      4.0,
      4.0,
      4.0,
      5.0,
      4.0,
      5.0,
      6.0,
      6.0,
      4.0,
      7.0,
      4.0,
      5.0,
      4.0,
      4.0,
      5.0,
      3.0,
      4.0,
      5.0,
      5.0,
      5.0,
      4.0,
      3.0,
      4.0,
      3.0,
      4.0,
      4.0,
      4.0,
      6.0,
      4.0,
      3.0,
      4.0,
      5.0,
      4.0,
      3.0,
      4.0,
      2.0,
      5.0,
      5.0,
      5.0,
      3.0,
      4.0,
      5.0,
      4.0,
      4.0,
      4.0,
      6.0,
      6.0,
      4.0,
      5.0,
      3.0,
      7.0,
      6.0,
      3.0,
      4.0,
      5.0,
      3.0,
      5.0,
      4.0,
      5.0,
      6.0,
      5.0,
      3.0,
      3.0,
      3.0,
      5.0,
      4.0,
      4.0,
      3.0,
      4.0,
      4.0,
      5.0,
      4.0,
      4.0,
      4.0,
      4.0,
      4.0,
      4.0,
      6.0,
      6.0,
      4.0,
      4.0,
      4.0,
      5.0,
      4.0,
      7.0,
      5.0,
      5.0,
      6.0,
      5.0,
      4.0,
      3.0,
      4.0,
      4.0,
      4.0,
      4.0,
      6.0,
      5.0,
      4.0,
      5.0,
      5.0,
      5.0,
      3.0,
      4.0,
      5.0,
      6.0,
      4.0,
      4.0,
      4.0,
      4.0,
      5.0,
      5.0,
      3.0,
      4.0,
      4.0,
      5.0,
      5.0,
      5.0,
      4.0,
      4.0,
      3.0,
      4.0,
      3.0,
      5.0,
      6.0,
      3.0,
      5.0,
      4.0,
      4.0,
      4.0,
      5.0,
      4.0,
      7.0,
      4.0,
      4.0,
      4.0,
      4.0,
      5.0,
      4.0,
      4.0,
      6.0,
      6.0,
      3.0,
      5.0,
      4.0,
      5.0,
      3.0,
      5.0,
      4.0,
      6.0,
      4.0,
      5.0,
      6.0,
      5.0,
      4.0,
      2.0,
      3.0,
      6.0,
      4.0,
      3.0,
      5.0,
      3.0,
      4.0,
      3.0,
      4.0,
      4.0,
      4.0,
      4.0,
      4.0,
      4.0,
      5.0,
      4.0,
      6.0,
      4.0,
      4.0,
      4.0,
      4.0,
      7.0,
      4.0,
      5.0,
      6.0,
      4.0,
      5.0,
      6.0,
      2.0,
      5.0,
      5.0,
      4.0,
      6.0,
      4.0,
      5.0,
      5.0,
      3.0,
      4.0,
      4.0,
      4.0,
      4.0,
      6.0,
      5.0,
      4.0,
      5.0,
      7.0,
      3.0,
      4.0,
      4.0,
      4.0,
      4.0,
      4.0,
      6.0,
      7.0,
      4.0,
      4.0,
      4.0,
      3.0,
      6.0,
      5.0,
      6.0,
      2.0,
      5.0,
      4.0,
      5.0,
      4.0,
      5.0,
      4.0,
      5.0,
      3.0,
      4.0,
      3.0,
      5.0,
      6.0,
      7.0,
      3.0,
      5.0,
      3.0,
      5.0,
      5.0,
      4.0,
      6.0,
      5.0,
      5.0,
      3.0,
      4.0,
      5.0,
      4.0,
      4.0,
      5.0,
      7.0,
      4.0,
      6.0,
      5.0,
      4.0,
      5.0,
      4.0,
      4.0,
      4.0,
      6.0,
      5.0,
      4.0,
      2.0,
      4.0,
      4.0,
      4.0,
      5.0,
      3.0,
      5.0,
      4.0,
      4.0,
      4.0,
      4.0,
      5.0,
      5.0,
      4.0,
      5.0,
