{
  "_triangle_count": 20827,
  "_four_cycle_count": 7095164,
  "_five_cycle_count": 811955,
  "_six_cycle_count": 310197962,
  "_diamond_count": 224163,
  "_k4_count": 61,
  "_tailed_triangle_count": 2538571,
  "_star_counts": {
    "__sig_type__": "dict",
    "items": [
      [
        2,
        61737737
      ],
      [
        3,
        142393923020
      ],
      [
        4,
        304338046989421
      ],
      [
        5,
        543081189672164416
      ],
      [
        6,
        826239625124497195008
      ],
      [
        7,
        1053337567012614077153280
      ],
      [
        8,
        1204383823779697572215521280
      ],
      [
        9,
        1228787389412997202639876784128
      ],
      [
        10,
        1140213748927385023657279706103808
      ]
    ]
  },
  "_path_template_zipf": {
    "__sig_type__": "dict",
    "items": [
      [
        2,
        NaN
      ],
      [
        3,
        1.250316409561022
      ],
      [
        4,
        1.1058391472942302
      ],
      [
        5,
        1.147076575203323
      ],
      [
        6,
        1.1448128970230491
      ],
      [
        7,
        1.1719863509408466
      ],
      [
        8,
        1.1918951168493301
      ],
      [
        9,
        NaN
      ],
      [
        10,
        NaN
      ]
    ]
  },
  "_path_template_entropy": {
    "__sig_type__": "dict",
    "items": [
      [
        2,
        -0.0
      ],
      [
        3,
        0.0030454478657642886
      ],
      [
        4,
        0.05563066563703178
      ],
      [
        5,
        0.8112085177755228
      ],
      [
        6,
        1.3564805458232607
      ],
      [
        7,
        2.428570454833462
      ],
      [
        8,
        2.483463032236906
      ],
      [
        9,
        NaN
      ],
      [
        10,
        NaN
      ]
    ]
  },
  "_tree_template_zipf": 1.076272500370423,
  "_tree_template_entropy": 0.11164769292155914
}