{
  "_triangle_count": 20827,
  "_four_cycle_count": 7162501,
  "_five_cycle_count": 659117,
  "_six_cycle_count": 325558592,
  "_diamond_count": 237858,
  "_k4_count": 120,
  "_tailed_triangle_count": 2619758,
  "_star_counts": {
    "__sig_type__": "dict",
    "items": [
      [
        2,
        61836443
      ],
      [
        3,
        142691134138
      ],
      [
        4,
        305227070062421
      ],
      [
        5,
        541710937552198272
      ],
      [
        6,
        811826027379012141056
      ],
      [
        7,
        1061334937032243726516224
      ],
      [
        8,
        1215369918070294530293235712
      ],
      [
        9,
        1235032646247384903640533696512
      ],
      [
        10,
        1137589653459753639392531984678912
      ]
    ]
  },
  "_path_template_zipf": {
    "__sig_type__": "dict",
    "items": [
      [
        2,
        NaN
      ],
      [
        3,
        1.250316409561022
      ],
      [
        4,
        1.1120219405082883
      ],
      [
        5,
        1.202249568235648
      ],
      [
        6,
        1.1565404940769188
      ],
      [
        7,
        1.1712803765403053
      ],
      [
        8,
        1.200056822617237
      ],
      [
        9,
        NaN
      ],
      [
        10,
        NaN
      ]
    ]
  },
  "_path_template_entropy": {
    "__sig_type__": "dict",
    "items": [
      [
        2,
        -0.0
      ],
      [
        3,
        0.0030454478657642886
      ],
      [
        4,
        0.05651496789588028
      ],
      [
        5,
        0.8079739440579389
      ],
      [
        6,
        1.3380819377315136
      ],
      [
        7,
        2.3800015778084105
      ],
      [
        8,
        2.487996423309678
      ],
      [
        9,
        NaN
      ],
      [
        10,
        NaN
      ]
    ]
  },
  "_tree_template_zipf": 1.0764865053779478,
  "_tree_template_entropy": 0.10407355821812901
}