{
  "_triangle_count": 20827,
  "_four_cycle_count": 6750488,
  "_five_cycle_count": 652980,
  "_six_cycle_count": 321288014,
  "_diamond_count": 233933,
  "_k4_count": 0,
  "_tailed_triangle_count": 2551098,
  "_path_template_zipf": {
    "__sig_type__": "dict",
    "items": [
      [
        2,
        NaN
      ],
      [
        3,
        1.250316409561022
      ],
      [
        4,
        1.2810819360753856
      ],
      [
        5,
        1.160583589168772
      ],
      [
        6,
        1.1664173751160838
      ],
      [
        7,
        1.1690098223427028
      ],
      [
        8,
        1.1875253873668177
      ],
      [
        9,
        NaN
      ],
      [
        10,
        NaN
      ]
    ]
  },
  "_path_template_entropy": {
    "__sig_type__": "dict",
    "items": [
      [
        2,
        -0.0
      ],
      [
        3,
        0.0030454478657642886
      ],
      [
        4,
        0.05427950690532319
      ],
      [
        5,
        0.817648346885167
      ],
      [
        6,
        1.344288880367417
      ],
      [
        7,
        2.44106462431936
      ],
      [
        8,
        2.509402845554602
      ],
      [
        9,
        NaN
      ],
      [
        10,
        NaN
      ]
    ]
  },
  "_tree_template_zipf": 1.0763035314779426,
  "_tree_template_entropy": 0.10830111598128095
}