{
  "_num_components": 3,
  "_largest_component_fraction": 0.9999217843594791,
  "_clustering_coefficient": 0.03854149822031126,
  "_degree_assortativity": -0.05447853137522673,
  "_shortest_path_skew": {
    "__sig_type__": "tuple",
    "data": [
      3.631995617563534,
      1.2145717124215074,
      1.128547481360708,
      2.0,
      8.0
    ]
  },
  "_pair_dists_finite": {
    "__sig_type__": "ndarray",
    "dtype": "float64",
    "data": [
      3.0,
      5.0,
      5.0,
      6.0,
      4.0,
      4.0,
      4.0,
      5.0,
      4.0,
      3.0,
      4.0,
      5.0,
      4.0,
      4.0,
      4.0,
      6.0,
      6.0,
      4.0,
      5.0,
      4.0,
      5.0,
      4.0,
      4.0,
      5.0,
      4.0,
      6.0,
      5.0,
      4.0,
      5.0,
      4.0,
      4.0,
      4.0,
      4.0,
      5.0,
      5.0,
      4.0,
      5.0,
      4.0,
      6.0,
      6.0,
      4.0,
      6.0,
      5.0,
      2.0,
      4.0,
      4.0,
      3.0,
      6.0,
      5.0,
      5.0,
      3.0,
      4.0,
      4.0,
      4.0,
      3.0,
      4.0,
      3.0,
      3.0,
      4.0,
      5.0,
      5.0,
      4.0,
      4.0,
      4.0,
      5.0,
      6.0,
      5.0,
      7.0,
      6.0,
      4.0,
      4.0,
      4.0,
      4.0,
      4.0,
      5.0,
      3.0,
      4.0,
      3.0,
      5.0,
      4.0,
      4.0,
      4.0,
      5.0,
      4.0,
      5.0,
      5.0,
      5.0,
      4.0,
      4.0,
      5.0,
      4.0,
      4.0,
      5.0,
      4.0,
      3.0,
      4.0,
      3.0,
      5.0,
      3.0,
      3.0,
      5.0,
      4.0,
      5.0,
      5.0,
      3.0,
      5.0,
      4.0,
      5.0,
      5.0,
      4.0,
      5.0,
      4.0,
      5.0,
      4.0,
      5.0,
      4.0,
      4.0,
      5.0,
      4.0,
      5.0,
      4.0,
      3.0,
      4.0,
      5.0,
      5.0,
      2.0,
      5.0,
      5.0,
      4.0,
      6.0,
      4.0,
      6.0,
      4.0,
      4.0,
      4.0,
      3.0,
      4.0,
      5.0,
      5.0,
      6.0,
      5.0,
      3.0,
      5.0,
      5.0,
      4.0,
      5.0,
      5.0,
      4.0,
      6.0,
      5.0,
      4.0,
      6.0,
      6.0,
      6.0,
      4.0,
      3.0,
      4.0,
      4.0,
      5.0,
      5.0,
      4.0,
      6.0,
      4.0,
      6.0,
      4.0,
      4.0,
      4.0,
      4.0,
      5.0,
      4.0,
      4.0,
      5.0,
      5.0,
      5.0,
      3.0,
      2.0,
      5.0,
      4.0,
      5.0,
      3.0,
      4.0,
      3.0,
      4.0,
      5.0,
      4.0,
      6.0,
      5.0,
      3.0,
      5.0,
      4.0,
      5.0,
      3.0,
      3.0,
      3.0,
      5.0,
      4.0,
      5.0,
      5.0,
      5.0,
      4.0,
      4.0,
      4.0,
      6.0,
      7.0,
      4.0,
      5.0,
      5.0,
      5.0,
      5.0,
      6.0,
      5.0,
      5.0,
      5.0,
      4.0,
      4.0,
      5.0,
      2.0,
      5.0,
      5.0,
      5.0,
      4.0,
      5.0,
      5.0,
      4.0,
      5.0,
      4.0,
      4.0,
      3.0,
      5.0,
      3.0,
      6.0,
      6.0,
      4.0,
      5.0,
      4.0,
      5.0,
      5.0,
      3.0,
      2.0,
      4.0,
      4.0,
      5.0,
      5.0,
      4.0,
      4.0,
      4.0,
      4.0,
      5.0,
      3.0,
      4.0,
      3.0,
      3.0,
      5.0,
      4.0,
      4.0,
      4.0,
      3.0,
      4.0,
      2.0,
      7.0,
      5.0,
      3.0,
      4.0,
      5.0,
      6.0,
      4.0,
      4.0,
      4.0,
      4.0,
      5.0,
      4.0,
      4.0,
      4.0,
      5.0,
      7.0,
      5.0,
      3.0,
      6.0,
      5.0,
      4.0,
      3.0,
      4.0,
      5.0,
      5.0,
      5.0,
      4.0,
      3.0,
      5.0,
      4.0,
      5.0,
      3.0,
      5.0,
      4.0,
      3.0,
      4.0,
      4.0,
      4.0,
      5.0,
      4.0,
      5.0,
      4.0,
      5.0,
      4.0,
      5.0,
      4.0,
      5.0,
      4.0,
      3.0,
      3.0,
      4.0,
      4.0,
      6.0,
      4.0,
      3.0,
      4.0,
      4.0,
      7.0,
      5.0,
      6.0,
      4.0,
      3.0,
      3.0,
      5.0,
      4.0,
      4.0,
      3.0,
      5.0,
      3.0,
      4.0,
      5.0,
      4.0,
      4.0,
      4.0,
      5.0,
      7.0,
      5.0,
      5.0,
      5.0,
      4.0,
      4.0,
      5.0,
      6.0,
      6.0,
      4.0,
      4.0,
      4.0,
      5.0,
      4.0,
      6.0,
      5.0,
      3.0,
      3.0,
      3.0,
      5.0,
      6.0,
      4.0,
      4.0,
      5.0,
      4.0,
      4.0,
      5.0,
      4.0,
      4.0,
      4.0,
      5.0,
      3.0,
      4.0,
      3.0,
      5.0,
      6.0,
      5.0,
      4.0,
      4.0,
      5.0,
      4.0,
      3.0,
      5.0,
      5.0,
      5.0,
      4.0,
      4.0,
      5.0,
      4.0,
      4.0,
      5.0,
      3.0,
      4.0,
      4.0,
      4.0,
      5.0,
      5.0,
      5.0,
      5.0,
      6.0,
      5.0,
      5.0,
      3.0,
      6.0,
      4.0,
      4.0,
      5.0,
      4.0,
      3.0,
      3.0,
      4.0,
      3.0,
      4.0,
      6.0,
      5.0,
      2.0,
      4.0,
      5.0,
      4.0,
      4.0,
      4.0,
      4.0,
      4.0,
      5.0,
      7.0,
      5.0,
      5.0,
      6.0,
      4.0,
      4.0,
      5.0,
      4.0,
      4.0,
      5.0,
      4.0,
      5.0,
      4.0,
      4.0,
      4.0,
      3.0,
      4.0,
      4.0,
      5.0,
      4.0,
      5.0,
      4.0,
      4.0,
      3.0,
      3.0,
      6.0,
      4.0,
      4.0,
      4.0,
      5.0,
      4.0,
      3.0,
      4.0,
      4.0,
      3.0,
      4.0,
      5.0,
      3.0,
      5.0,
      3.0,
      4.0,
      4.0,
      5.0,
      3.0,
      5.0,
      4.0,
      3.0,
      6.0,
      4.0,
      5.0,
      5.0,
      5.0,
      4.0,
      4.0,
      5.0,
      3.0,
      4.0,
      4.0,
      5.0,
      2.0,
      4.0,
      4.0,
      2.0,
      3.0,
      3.0,
      5.0,
      6.0,
      5.0,
      5.0,
      4.0,
      4.0,
      6.0,
      4.0,
      4.0,
      5.0,
      5.0,
      6.0,
      4.0,
      3.0,
      5.0,
      5.0,
      5.0,
      3.0,
      4.0,
      4.0,
      3.0,
      3.0,
      5.0,
      5.0,
      4.0,
      4.0,
      4.0,
      4.0,
      4.0,
      4.0,
      5.0,
      5.0,
      4.0,
      5.0,
      4.0,
      3.0,
      6.0,
      4.0,
      3.0,
      4.0,
      4.0,
      4.0,
      5.0,
      4.0,
      3.0,
      3.0,
      6.0,
      6.0,
      3.0,
      4.0,
      5.0,
      5.0,
      5.0,
      5.0,
      5.0,
      5.0,
      4.0,
      5.0,
      3.0,
      4.0,
      4.0,
      4.0,
      6.0,
      4.0,
      6.0,
      4.0,
      4.0,
      2.0,
      4.0,
      7.0,
      4.0,
      5.0,
      4.0,
      4.0,
      6.0,
      4.0,
      5.0,
      5.0,
      3.0,
      5.0,
      4.0,
      8.0,
      3.0,
      3.0,
      5.0,
      4.0,
      4.0,
      3.0,
      3.0,
      3.0,
      3.0,
      4.0,
      4.0,
      6.0,
      4.0,
      6.0,
      6.0,
      4.0,
      4.0,
      3.0,
      4.0,
      4.0,
      5.0,
      4.0,
      4.0,
      4.0,
      3.0,
      5.0,
      7.0,
      5.0,
      6.0,
      5.0,
      4.0,
      5.0,
      4.0,
      6.0,
      6.0,
      3.0,
      4.0,
      4.0,
      5.0,
      4.0,
      5.0,
      3.0,
      4.0,
      4.0,
      6.0,
      4.0,
      6.0,
      4.0,
      5.0,
      5.0,
      6.0,
      4.0,
      2.0,
      2.0,
      4.0,
      5.0,
      4.0,
      4.0,
      5.0,
      6.0,
      5.0,
      3.0,
      3.0,
      6.0,
      3.0,
      4.0,
      5.0,
      3.0,
      4.0,
      3.0,
      3.0,
      4.0,
      4.0,
      3.0,
      5.0,
      4.0,
      4.0,
      5.0,
      5.0,
      3.0,
      4.0,
      3.0,
      4.0,
      4.0,
      4.0,
      5.0,
      4.0,
      5.0,
      4.0,
      5.0,
      4.0,
      4.0,
      5.0,
      4.0,
      3.0,
      4.0,
      6.0,
      4.0,
      5.0,
      3.0,
      4.0,
      6.0,
      6.0,
      5.0,
      3.0,
      5.0,
      4.0,
      5.0,
      5.0,
      5.0,
      4.0,
      3.0,
      2.0,
      5.0,
      5.0,
      8.0,
      3.0,
      3.0,
      5.0,
      5.0,
      5.0,
