{
  "_triangle_count": 20827,
  "_four_cycle_count": 7111666,
  "_five_cycle_count": 702167,
  "_six_cycle_count": 344940826,
  "_diamond_count": 255336,
  "_k4_count": 0,
  "_tailed_triangle_count": 2712808,
  "_star_counts": {
    "__sig_type__": "dict",
    "items": [
      [
        2,
        61432833
      ],
      [
        3,
        142522811712
      ],
      [
        4,
        304179980576633
      ],
      [
        5,
        542106328369266112
      ],
      [
        6,
        819566744503709335552
      ],
      [
        7,
        1070611505597898907713536
      ],
      [
        8,
        1244061811693436404123041792
      ],
      [
        9,
        1240534419024570643903489769472
      ],
      [
        10,
        1139638157131908077194274804858880
      ]
    ]
  },
  "_path_template_zipf": {
    "__sig_type__": "dict",
    "items": [
      [
        2,
        NaN
      ],
      [
        3,
        1.250316409561022
      ],
      [
        4,
        1.2840846294973183
      ],
      [
        5,
        1.1884024163612625
      ],
      [
        6,
        1.1600579089338883
      ],
      [
        7,
        1.1690618986733203
      ],
      [
        8,
        1.2001360582942835
      ],
      [
        9,
        NaN
      ],
      [
        10,
        NaN
      ]
    ]
  },
  "_path_template_entropy": {
    "__sig_type__": "dict",
    "items": [
      [
        2,
        -0.0
      ],
      [
        3,
        0.0030454478657642886
      ],
      [
        4,
        0.05696206554319769
      ],
      [
        5,
        0.8021644539101128
      ],
      [
        6,
        1.3418058177039212
      ],
      [
        7,
        2.4517242360858655
      ],
      [
        8,
        2.493431961658018
      ],
      [
        9,
        NaN
      ],
      [
        10,
        NaN
      ]
    ]
  },
  "_tree_template_zipf": 1.0762738275075465,
  "_tree_template_entropy": 0.11367466289972597
}