{
  "source": "swdf/raw/swdf.nt",
  "features": {
    "num_entities": 76711.0,
    "num_relations": 170.0,
    "mean_degree": 3.158034701672511,
    "out_degree_alpha": 2.440971453784589,
    "out_degree_xmin": 7.0,
    "in_degree_alpha": 2.3110604580351457,
    "in_degree_xmin": 15.0,
    "relation_zipf_exponent": 1.5284291081858616,
    "relation_zipf_xmin": 185.0,
    "obj_mult_alpha_loc": 3.0000005634101408,
    "obj_mult_alpha_scale": 0.5963131460669207,
    "obj_mult_alpha_shape": -5311498.1751554245,
    "obj_mult_alpha_lo": 1.4,
    "obj_mult_alpha_hi": 3.0,
    "subj_mult_alpha_loc": 3.000000227757937,
    "subj_mult_alpha_scale": 0.7529040868055332,
    "subj_mult_alpha_shape": -17568446.4189444,
    "subj_mult_alpha_lo": 1.4,
    "subj_mult_alpha_hi": 3.0,
    "a_obj": 0.17584614295788487,
    "a_subj": 0.1219517630258246,
    "class_size_alpha": NaN,
    "class_size_xmin": NaN,
    "num_classes": 0.0,
    "subj_cooc_rate": 0.34737593946790774,
    "subj_cooc_scale": 32129.27329390885,
    "subj_cooc_density": 0.1427681660899654,
    "obj_cooc_rate": 0.2590200994645877,
    "obj_cooc_scale": 20440.851896374937,
    "obj_cooc_density": 0.04449826989619377,
    "subj_row_entropy_loc": 3.205478840404002,
    "subj_row_entropy_scale": 0.9239981893835105,
    "subj_row_entropy_shape": -5.184454158334431,
    "subj_row_entropy_lo": -0.0,
    "subj_row_entropy_hi": 3.636627218680579,
    "obj_row_entropy_loc": -2.2556579708250796e-06,
    "obj_row_entropy_scale": 1.2690186496988507,
    "obj_row_entropy_shape": 2864286.168734001,
    "obj_row_entropy_lo": -0.0,
    "obj_row_entropy_hi": 2.642138062467933,
    "type_rel_spectrum_rate": NaN,
    "type_rel_spectrum_scale": NaN,
    "per_type_entropy_rate": NaN,
    "per_type_entropy_scale": NaN,
    "num_distinct_cs": 1001.0,
    "cs_freq_alpha": 1.5770193688386542,
    "cs_freq_xmin": 1.0,
    "cs_size_loc": 2.4264335125632748,
    "cs_size_scale": 6.1318174150321605,
    "cs_size_shape": 5.51721299834256,
    "cs_size_lo": 1.0,
    "cs_size_hi": 24.0,
    "inv_cs_size_loc": 0.9999994393740432,
    "inv_cs_size_scale": 1.6058385501756245,
    "inv_cs_size_shape": 15378472.75995921,
    "inv_cs_size_lo": 1.0,
    "inv_cs_size_hi": 15.0,
    "two_step_alpha": 1.1550386554353536,
    "two_step_vmin": 1.0,
    "two_step_vmax": 640617.0,
    "num_components": 3.0,
    "largest_component_fraction": 0.9999217843594791,
    "clustering_coefficient": 0.03854149822031126,
    "degree_assortativity": -0.05447853137522673,
    "shortest_path_loc": 3.631995617563534,
    "shortest_path_scale": 1.2145717124215074,
    "shortest_path_shape": 1.128547481360708,
    "shortest_path_lo": 2.0,
    "shortest_path_hi": 8.0
  }
}