{
  "source": "/Users/cl/data/Cross_Platform_Work/Uni/tum/bpc/BPC-Data-Engeneering-Topic-2/data/graphs/swdf/swdf.nt",
  "features": {
    "num_entities": 76711.0,
    "num_relations": 170.0,
    "mean_degree": 3.158034701672511,
    "type_edge_frac": 0.0,
    "out_degree_alpha": 1.2413986552468481,
    "out_degree_xmin": 1.0,
    "in_degree_alpha": 1.9838713813356172,
    "in_degree_xmin": 1.0,
    "rel_freq_logq_q00": -12.397750297248153,
    "rel_freq_logq_q10": -12.397750297248153,
    "rel_freq_logq_q25": -10.071337659303026,
    "rel_freq_logq_q50": -7.341585637678414,
    "rel_freq_logq_q75": -5.644614518388871,
    "rel_freq_logq_q90": -4.169204430754977,
    "rel_freq_logq_q100": -2.375546811007041,
    "obj_mult_alpha_q00": 1.4,
    "obj_mult_alpha_q10": 1.4,
    "obj_mult_alpha_q25": 2.460571289062499,
    "obj_mult_alpha_q50": 2.999999999999999,
    "obj_mult_alpha_q75": 2.999999999999999,
    "obj_mult_alpha_q90": 2.999999999999999,
    "obj_mult_alpha_q100": 3.0,
    "subj_mult_alpha_q00": 1.4,
    "subj_mult_alpha_q10": 1.4,
    "subj_mult_alpha_q25": 1.970968217548272,
    "subj_mult_alpha_q50": 2.974182128906249,
    "subj_mult_alpha_q75": 2.999999999999999,
    "subj_mult_alpha_q90": 2.999999999999999,
    "subj_mult_alpha_q100": 3.0,
    "obj_mult_max": 620.0,
    "subj_mult_max": 9148.0,
    "a_obj": 0.17584614295788317,
    "a_subj": 0.12195176302582428,
    "out_degree_max": 623.0,
    "out_degree_p90": 10.0,
    "in_degree_max": 9148.0,
    "in_degree_p90": 5.0,
    "recip_symmetric_frac_bin0": 0.0,
    "recip_symmetric_frac_bin1": 0.0,
    "recip_symmetric_frac_bin2": 0.0,
    "recip_symmetric_frac_bin3": 0.0,
    "recip_symmetric_frac_bin4": 0.0,
    "recip_symmetric_frac_bin5": 0.0,
    "recip_symmetric_value": NaN,
    "class_size_alpha": NaN,
    "class_size_xmin": NaN,
    "num_classes": 0.0,
    "subj_cooc_rate": 0.3473759394679079,
    "subj_cooc_scale": 0.41883528169244166,
    "subj_cooc_density": 0.1427681660899654,
    "obj_cooc_rate": 0.2590200994645876,
    "obj_cooc_scale": 0.2664657206446914,
    "obj_cooc_density": 0.04449826989619377,
    "edge_multiplicity": 1.2174251713671176,
    "bidirectional_ratio": 1.2224426983824694,
    "subj_row_entropy_q00": 0.0,
    "subj_row_entropy_q10": 1.6094379124341005,
    "subj_row_entropy_q25": 2.2418521460931693,
    "subj_row_entropy_q50": 2.7065555940686297,
    "subj_row_entropy_q75": 2.960651428555673,
    "subj_row_entropy_q90": 3.044522437723422,
    "subj_row_entropy_q100": 3.636627218680579,
    "obj_row_entropy_q00": 0.0,
    "obj_row_entropy_q10": 0.0,
    "obj_row_entropy_q25": 0.0,
    "obj_row_entropy_q50": 0.8139401916429169,
    "obj_row_entropy_q75": 1.3847521949817816,
    "obj_row_entropy_q90": 2.341256610922537,
    "obj_row_entropy_q100": 2.642138062467933,
    "type_rel_spectrum_rate": NaN,
    "type_rel_spectrum_scale": NaN,
    "per_type_entropy_rate": NaN,
    "per_type_entropy_scale": NaN,
    "num_distinct_cs": 1001.0,
    "cs_freq_alpha": 1.5466007769321886,
    "cs_freq_vmin": 1.0,
    "cs_freq_vmax": 2207.0,
    "cs_size_q00": 1.0,
    "cs_size_q10": 3.0,
    "cs_size_q25": 4.0,
    "cs_size_q50": 6.0,
    "cs_size_q75": 10.0,
    "cs_size_q90": 12.0,
    "cs_size_q100": 24.0,
    "inv_num_distinct_cs": 1024.0,
    "inv_cs_freq_alpha": 1.5156519323942552,
    "inv_cs_freq_vmin": 1.0,
    "inv_cs_freq_vmax": 11566.0,
    "inv_cs_size_q00": 1.0,
    "inv_cs_size_q10": 1.0,
    "inv_cs_size_q25": 1.0,
    "inv_cs_size_q50": 1.0,
    "inv_cs_size_q75": 2.0,
    "inv_cs_size_q90": 3.0,
    "inv_cs_size_q100": 15.0,
    "two_step_alpha": 1.1550386554353536,
    "two_step_vmin": 1.0,
    "two_step_vmax": 640617.0,
    "triangle_count": 20827.0,
    "four_cycle_count": 6750488.0,
    "five_cycle_count": 652980.0,
    "six_cycle_count": 321288014.0,
    "diamond_count": 233933.0,
    "k4_count": 0.0,
    "tailed_triangle_count": 2551098.0,
    "path_template_zipf_k2": NaN,
    "path_template_zipf_k3": 1.250316409561022,
    "path_template_zipf_k4": 1.2810819360753856,
    "path_template_zipf_k5": 1.160583589168772,
    "path_template_zipf_k6": 1.1664173751160838,
    "path_template_zipf_k7": 1.1690098223427028,
    "path_template_zipf_k8": 1.1875253873668177,
    "path_template_zipf_k9": NaN,
    "path_template_zipf_k10": NaN,
    "path_template_entropy_k2": -0.0,
    "path_template_entropy_k3": 0.0030454478657642886,
    "path_template_entropy_k4": 0.05427950690532319,
    "path_template_entropy_k5": 0.817648346885167,
    "path_template_entropy_k6": 1.344288880367417,
    "path_template_entropy_k7": 2.44106462431936,
    "path_template_entropy_k8": 2.509402845554602,
    "path_template_entropy_k9": NaN,
    "path_template_entropy_k10": NaN,
    "tree_template_zipf": 1.0763035314779426,
    "tree_template_entropy": 0.10830111598128095,
    "num_components": 3.0,
    "largest_component_fraction": 0.9999217843594791,
    "clustering_coefficient": 0.03854149822030957,
    "degree_assortativity": -0.05447853137522673,
    "shortest_path_max": 8.0,
    "shortest_path_mean": 4.385,
    "shortest_path_var": 0.9047750000000003
  }
}