{
  "source": "/Users/cl/data/Cross_Platform_Work/Uni/tum/bpc/BPC-Data-Engeneering-Topic-2/data/graphs/swdf/swdf.nt",
  "features": {
    "num_entities": 76711.0,
    "num_relations": 170.0,
    "mean_degree": 3.158034701672511,
    "out_degree_alpha": 2.440971453784589,
    "out_degree_xmin": 7.0,
    "in_degree_alpha": 2.3110604580351457,
    "in_degree_xmin": 15.0,
    "relation_zipf_exponent": 1.5284291081858616,
    "relation_zipf_xmin": 185.0,
    "obj_mult_alpha_loc": 3.000000553231219,
    "obj_mult_alpha_scale": 0.5963625568846216,
    "obj_mult_alpha_shape": -5755605.953112593,
    "obj_mult_alpha_lo": 1.4,
    "obj_mult_alpha_hi": 3.0,
    "subj_mult_alpha_loc": 3.0000001351819368,
    "subj_mult_alpha_scale": 0.7528573389169022,
    "subj_mult_alpha_shape": -29470552.030761264,
    "subj_mult_alpha_lo": 1.4,
    "subj_mult_alpha_hi": 3.0,
    "a_obj": 0.17584614295788567,
    "a_subj": 0.12195176302582467,
    "class_size_alpha": NaN,
    "class_size_xmin": NaN,
    "num_classes": 0.0,
    "subj_cooc_rate": 0.3473759394679078,
    "subj_cooc_scale": 0.4188352816924413,
    "subj_cooc_density": 0.1427681660899654,
    "obj_cooc_rate": 0.2590200994645876,
    "obj_cooc_scale": 0.2664657206446914,
    "obj_cooc_density": 0.04449826989619377,
    "subj_row_entropy_loc": 3.205478840404002,
    "subj_row_entropy_scale": 0.9239981893835105,
    "subj_row_entropy_shape": -5.184454158334431,
    "subj_row_entropy_lo": -0.0,
    "subj_row_entropy_hi": 3.636627218680579,
    "obj_row_entropy_loc": -2.2556579708250796e-06,
    "obj_row_entropy_scale": 1.2690186496988507,
    "obj_row_entropy_shape": 2864286.168734001,
    "obj_row_entropy_lo": -0.0,
    "obj_row_entropy_hi": 2.642138062467933,
    "type_rel_spectrum_rate": NaN,
    "type_rel_spectrum_scale": NaN,
    "per_type_entropy_rate": NaN,
    "per_type_entropy_scale": NaN,
    "num_distinct_cs": 1001.0,
    "cs_freq_alpha": 1.5770193688386542,
    "cs_freq_xmin": 1.0,
    "cs_size_loc": 2.4264335125632748,
    "cs_size_scale": 6.1318174150321605,
    "cs_size_shape": 5.51721299834256,
    "cs_size_lo": 1.0,
    "cs_size_hi": 24.0,
    "inv_num_distinct_cs": 1024.0,
    "inv_cs_freq_alpha": 1.4768491949244038,
    "inv_cs_freq_xmin": 2.0,
    "inv_cs_size_loc": 0.9999994393602745,
    "inv_cs_size_scale": 1.6058385574075107,
    "inv_cs_size_shape": 15378472.75995921,
    "inv_cs_size_lo": 1.0,
    "inv_cs_size_hi": 15.0,
    "two_step_alpha": 1.1550386554353536,
    "two_step_vmin": 1.0,
    "two_step_vmax": 640617.0,
    "triangle_count": 20827.0,
    "four_cycle_count": 7162501.0,
    "five_cycle_count": 659117.0,
    "six_cycle_count": 325558592.0,
    "diamond_count": 237858.0,
    "k4_count": 120.0,
    "tailed_triangle_count": 2619758.0,
    "star_count_k2": 61836443.0,
    "star_count_k3": 142691134138.0,
    "star_count_k4": 305227070062421.0,
    "star_count_k5": 5.417109375521983e+17,
    "star_count_k6": 8.118260273790121e+20,
    "star_count_k7": 1.0613349370322437e+24,
    "star_count_k8": 1.2153699180702945e+27,
    "star_count_k9": 1.2350326462473849e+30,
    "star_count_k10": 1.1375896534597536e+33,
    "path_template_zipf_k2": NaN,
    "path_template_zipf_k3": 1.250316409561022,
    "path_template_zipf_k4": 1.1120219405082883,
    "path_template_zipf_k5": 1.202249568235648,
    "path_template_zipf_k6": 1.1565404940769188,
    "path_template_zipf_k7": 1.1712803765403053,
    "path_template_zipf_k8": 1.200056822617237,
    "path_template_zipf_k9": NaN,
    "path_template_zipf_k10": NaN,
    "path_template_entropy_k2": -0.0,
    "path_template_entropy_k3": 0.0030454478657642886,
    "path_template_entropy_k4": 0.05651496789588028,
    "path_template_entropy_k5": 0.8079739440579389,
    "path_template_entropy_k6": 1.3380819377315136,
    "path_template_entropy_k7": 2.3800015778084105,
    "path_template_entropy_k8": 2.487996423309678,
    "path_template_entropy_k9": NaN,
    "path_template_entropy_k10": NaN,
    "tree_template_zipf": 1.0764865053779478,
    "tree_template_entropy": 0.10407355821812901,
    "num_components": 3.0,
    "largest_component_fraction": 0.9999217843594791,
    "clustering_coefficient": 0.03854149822031118,
    "degree_assortativity": -0.05447853137522673,
    "shortest_path_max": 7.0,
    "shortest_path_mean": 4.406,
    "shortest_path_var": 0.9651639999999998
  }
}