{
  "source": "/Users/cl/data/Cross_Platform_Work/Uni/tum/bpc/BPC-Data-Engeneering-Topic-2/data/graphs/swdf/swdf.nt",
  "features": {
    "num_entities": 76711.0,
    "num_relations": 170.0,
    "mean_degree": 3.158034701672511,
    "out_degree_alpha": 2.440971453784589,
    "out_degree_xmin": 7.0,
    "in_degree_alpha": 2.3110604580351457,
    "in_degree_xmin": 15.0,
    "relation_zipf_exponent": 1.5284291081858616,
    "relation_zipf_xmin": 185.0,
    "obj_mult_alpha_q00": 1.4,
    "obj_mult_alpha_q10": 2.0770691279687354,
    "obj_mult_alpha_q25": 2.217271413641271,
    "obj_mult_alpha_q50": 2.612622070312499,
    "obj_mult_alpha_q75": 2.999999999999999,
    "obj_mult_alpha_q90": 2.999999999999999,
    "obj_mult_alpha_q100": 3.0,
    "subj_mult_alpha_q00": 1.4,
    "subj_mult_alpha_q10": 1.6349196433309845,
    "subj_mult_alpha_q25": 2.0497955816859372,
    "subj_mult_alpha_q50": 2.5965820312499988,
    "subj_mult_alpha_q75": 2.9739990234375,
    "subj_mult_alpha_q90": 2.999999999999999,
    "subj_mult_alpha_q100": 3.0,
    "a_obj": 0.17584614295788376,
    "a_subj": 0.1219517630258246,
    "class_size_alpha": NaN,
    "class_size_xmin": NaN,
    "num_classes": 0.0,
    "subj_cooc_rate": 0.34737593946790785,
    "subj_cooc_scale": 0.4188352816924414,
    "subj_cooc_density": 0.1427681660899654,
    "obj_cooc_rate": 0.2590200994645877,
    "obj_cooc_scale": 0.2664657206446914,
    "obj_cooc_density": 0.04449826989619377,
    "subj_row_entropy_q00": 0.0,
    "subj_row_entropy_q10": 1.6094379124341005,
    "subj_row_entropy_q25": 2.2418521460931693,
    "subj_row_entropy_q50": 2.7065555940686297,
    "subj_row_entropy_q75": 2.960651428555673,
    "subj_row_entropy_q90": 3.044522437723422,
    "subj_row_entropy_q100": 3.636627218680579,
    "obj_row_entropy_q00": 0.0,
    "obj_row_entropy_q10": 0.0,
    "obj_row_entropy_q25": 0.0,
    "obj_row_entropy_q50": 0.8139401916429169,
    "obj_row_entropy_q75": 1.3847521949817816,
    "obj_row_entropy_q90": 2.341256610922537,
    "obj_row_entropy_q100": 2.642138062467933,
    "type_rel_spectrum_rate": NaN,
    "type_rel_spectrum_scale": NaN,
    "per_type_entropy_rate": NaN,
    "per_type_entropy_scale": NaN,
    "num_distinct_cs": 1001.0,
    "cs_freq_alpha": 1.5770193688386542,
    "cs_freq_xmin": 1.0,
    "cs_size_q00": 1.0,
    "cs_size_q10": 3.0,
    "cs_size_q25": 4.0,
    "cs_size_q50": 6.0,
    "cs_size_q75": 10.0,
    "cs_size_q90": 12.0,
    "cs_size_q100": 24.0,
    "inv_num_distinct_cs": 1024.0,
    "inv_cs_freq_alpha": 1.4768491949244038,
    "inv_cs_freq_xmin": 2.0,
    "inv_cs_size_q00": 1.0,
    "inv_cs_size_q10": 1.0,
    "inv_cs_size_q25": 1.0,
    "inv_cs_size_q50": 1.0,
    "inv_cs_size_q75": 2.0,
    "inv_cs_size_q90": 3.0,
    "inv_cs_size_q100": 15.0,
    "two_step_alpha": 1.1550386554353536,
    "two_step_vmin": 1.0,
    "two_step_vmax": 640617.0,
    "triangle_count": 20827.0,
    "four_cycle_count": 7111666.0,
    "five_cycle_count": 702167.0,
    "six_cycle_count": 344940826.0,
    "diamond_count": 255336.0,
    "k4_count": 0.0,
    "tailed_triangle_count": 2712808.0,
    "star_count_k2": 61432833.0,
    "star_count_k3": 142522811712.0,
    "star_count_k4": 304179980576633.0,
    "star_count_k5": 5.421063283692661e+17,
    "star_count_k6": 8.195667445037093e+20,
    "star_count_k7": 1.0706115055978989e+24,
    "star_count_k8": 1.2440618116934364e+27,
    "star_count_k9": 1.2405344190245706e+30,
    "star_count_k10": 1.1396381571319081e+33,
    "path_template_zipf_k2": NaN,
    "path_template_zipf_k3": 1.250316409561022,
    "path_template_zipf_k4": 1.2840846294973183,
    "path_template_zipf_k5": 1.1884024163612625,
    "path_template_zipf_k6": 1.1600579089338883,
    "path_template_zipf_k7": 1.1690618986733203,
    "path_template_zipf_k8": 1.2001360582942835,
    "path_template_zipf_k9": NaN,
    "path_template_zipf_k10": NaN,
    "path_template_entropy_k2": -0.0,
    "path_template_entropy_k3": 0.0030454478657642886,
    "path_template_entropy_k4": 0.05696206554319769,
    "path_template_entropy_k5": 0.8021644539101128,
    "path_template_entropy_k6": 1.3418058177039212,
    "path_template_entropy_k7": 2.4517242360858655,
    "path_template_entropy_k8": 2.493431961658018,
    "path_template_entropy_k9": NaN,
    "path_template_entropy_k10": NaN,
    "tree_template_zipf": 1.0762738275075465,
    "tree_template_entropy": 0.11367466289972597,
    "num_components": 3.0,
    "largest_component_fraction": 0.9999217843594791,
    "clustering_coefficient": 0.03854149822031127,
    "degree_assortativity": -0.05447853137522673,
    "shortest_path_max": 8.0,
    "shortest_path_mean": 4.317,
    "shortest_path_var": 0.9385109999999999
  }
}