{
  "_triangle_count": 18143,
  "_four_cycle_count": 1763780,
  "_five_cycle_count": 3793338,
  "_six_cycle_count": 142687782,
  "_diamond_count": 440723,
  "_k4_count": 16849,
  "_tailed_triangle_count": 5987451,
  "_star_counts": {
    "__sig_type__": "dict",
    "items": [
      [
        2,
        2999213
      ],
      [
        3,
        675264555
      ],
      [
        4,
        166208170863
      ],
      [
        5,
        29077615739976
      ],
      [
        6,
        5085019724101703
      ],
      [
        7,
        721538447772362496
      ],
      [
        8,
        92245740403615268864
      ],
      [
        9,
        9492756906839940005888
      ],
      [
        10,
        968789143333979625095168
      ]
    ]
  },
  "_path_template_zipf": {
    "__sig_type__": "dict",
    "items": [
      [
        2,
        NaN
      ],
      [
        3,
        1.3465391477852657
      ],
      [
        4,
        1.2295411155381917
      ],
      [
        5,
        1.297972252014802
      ],
      [
        6,
        1.2605152367630517
      ],
      [
        7,
        1.4119924460457065
      ],
      [
        8,
        1.518503165080535
      ],
      [
        9,
        1.6870080480269372
      ],
      [
        10,
        1.9250632725311205
      ]
    ]
  },
  "_path_template_entropy": {
    "__sig_type__": "dict",
    "items": [
      [
        2,
        -0.0
      ],
      [
        3,
        0.0210357143757147
      ],
      [
        4,
        0.5101339770068815
      ],
      [
        5,
        1.4427083226617894
      ],
      [
        6,
        2.359399094681464
      ],
      [
        7,
        3.2205446582777912
      ],
      [
        8,
        4.34381100758215
      ],
      [
        9,
        5.1005016927743965
      ],
      [
        10,
        5.78606944517439
      ]
    ]
  },
  "_tree_template_zipf": 1.1049765080657654,
  "_tree_template_entropy": 2.4829694404675635
}