{
  "_num_components": 11,
  "_largest_component_fraction": 0.9889526237518589,
  "_avg_shortest_path_length": 3.381,
  "_avg_shortest_path_length_se": 0.03107476102945226,
  "_clustering_coefficient": 0.14834886531579142,
  "_degree_assortativity": -0.15474203536837075,
  "_pair_dists_finite": {
    "__sig_type__": "ndarray",
    "dtype": "float64",
    "data": [
      4.0,
      4.0,
      2.0,
      2.0,
      3.0,
      3.0,
      4.0,
      3.0,
      4.0,
      3.0,
      4.0,
      5.0,
      3.0,
      2.0,
      5.0,
      6.0,
      3.0,
      2.0,
      4.0,
      3.0,
      5.0,
      3.0,
      3.0,
      5.0,
      4.0,
      3.0,
      2.0,
      4.0,
      3.0,
      2.0,
      4.0,
      2.0,
      3.0,
      3.0,
      3.0,
      3.0,
      4.0,
      4.0,
      3.0,
      4.0,
      2.0,
      4.0,
      4.0,
      4.0,
      2.0,
      4.0,
      3.0,
      3.0,
      3.0,
      3.0,
      5.0,
      3.0,
      4.0,
      4.0,
      3.0,
      5.0,
      3.0,
      3.0,
      2.0,
      4.0,
      4.0,
      3.0,
      4.0,
      4.0,
      3.0,
      3.0,
      4.0,
      4.0,
      2.0,
      1.0,
      2.0,
      3.0,
      3.0,
      4.0,
      3.0,
      4.0,
      4.0,
      3.0,
      3.0,
      4.0,
      3.0,
      4.0,
      4.0,
      4.0,
      3.0,
      5.0,
      2.0,
      6.0,
      2.0,
      4.0,
      2.0,
      3.0,
      3.0,
      3.0,
      4.0,
      5.0,
      2.0,
      5.0,
      4.0,
      3.0,
      5.0,
      4.0,
      2.0,
      2.0,
      6.0,
      4.0,
      5.0,
      3.0,
      4.0,
      2.0,
      3.0,
      4.0,
      3.0,
      4.0,
      2.0,
      3.0,
      3.0,
      3.0,
      6.0,
      3.0,
      2.0,
      3.0,
      4.0,
      3.0,
      5.0,
      4.0,
      4.0,
      2.0,
      3.0,
      4.0,
      3.0,
      2.0,
      4.0,
      3.0,
      5.0,
      3.0,
      3.0,
      2.0,
      2.0,
      4.0,
      5.0,
      4.0,
      2.0,
      3.0,
      5.0,
      3.0,
      2.0,
      2.0,
      5.0,
      3.0,
      4.0,
      4.0,
      4.0,
      2.0,
      4.0,
      4.0,
      3.0,
      3.0,
      3.0,
      3.0,
      4.0,
      3.0,
      4.0,
      2.0,
      3.0,
      4.0,
      2.0,
      4.0,
      4.0,
      4.0,
      4.0,
      2.0,
      2.0,
      4.0,
      3.0,
      3.0,
      3.0,
      4.0,
      5.0,
      3.0,
      2.0,
      3.0,
      3.0,
      3.0,
      3.0,
      2.0,
      3.0,
      5.0,
      4.0,
      2.0,
      6.0,
      2.0,
      2.0,
      2.0,
      3.0,
      3.0,
      3.0,
      3.0,
      4.0,
      3.0,
      2.0,
      2.0,
      3.0,
      4.0,
      4.0,
      3.0,
      3.0,
      6.0,
      3.0,
      4.0,
      3.0,
      2.0,
      2.0,
      4.0,
      3.0,
      4.0,
      4.0,
      4.0,
      2.0,
      4.0,
      3.0,
      4.0,
      5.0,
      4.0,
      2.0,
      5.0,
      3.0,
      4.0,
      4.0,
      5.0,
      5.0,
      3.0,
      3.0,
      4.0,
      3.0,
      3.0,
      4.0,
      3.0,
      2.0,
      4.0,
      3.0,
      4.0,
      4.0,
      5.0,
      2.0,
      5.0,
      3.0,
      3.0,
      3.0,
      4.0,
      3.0,
      2.0,
      3.0,
      5.0,
      3.0,
      3.0,
      3.0,
      3.0,
      3.0,
      5.0,
      5.0,
      3.0,
      2.0,
      4.0,
      6.0,
      2.0,
      3.0,
      4.0,
      3.0,
      5.0,
      3.0,
      3.0,
      4.0,
      4.0,
      3.0,
      2.0,
      3.0,
      4.0,
      2.0,
      2.0,
      3.0,
      3.0,
      3.0,
      4.0,
      4.0,
      3.0,
      2.0,
      3.0,
      2.0,
      2.0,
      3.0,
      4.0,
      3.0,
      3.0,
      3.0,
      3.0,
      5.0,
      3.0,
      5.0,
      5.0,
      3.0,
      2.0,
      3.0,
      3.0,
      4.0,
      5.0,
      3.0,
      2.0,
      5.0,
      4.0,
      4.0,
      5.0,
      4.0,
      4.0,
      4.0,
      4.0,
      3.0,
      3.0,
      2.0,
      4.0,
      4.0,
      3.0,
      3.0,
      3.0,
      4.0,
      2.0,
      4.0,
      3.0,
      3.0,
      2.0,
      4.0,
      4.0,
      3.0,
      3.0,
      4.0,
      5.0,
      4.0,
      4.0,
      3.0,
      5.0,
      3.0,
      3.0,
      3.0,
      3.0,
      4.0,
      4.0,
      4.0,
      4.0,
      3.0,
      2.0,
      4.0,
      3.0,
      3.0,
      3.0,
      4.0,
      4.0,
      3.0,
      4.0,
      4.0,
      3.0,
      2.0,
      4.0,
      2.0,
      3.0,
      2.0,
      4.0,
      2.0,
      3.0,
      3.0,
      2.0,
      3.0,
      4.0,
      5.0,
      2.0,
      3.0,
      4.0,
      5.0,
      3.0,
      3.0,
      3.0,
      3.0,
      3.0,
      3.0,
      2.0,
      4.0,
      3.0,
      2.0,
      2.0,
      3.0,
      3.0,
      5.0,
      2.0,
      4.0,
      3.0,
      3.0,
      4.0,
      2.0,
      3.0,
      5.0,
      4.0,
      3.0,
      4.0,
      5.0,
      3.0,
      2.0,
      4.0,
      3.0,
      4.0,
      4.0,
      2.0,
      4.0,
      2.0,
      2.0,
      4.0,
      4.0,
      4.0,
      4.0,
      3.0,
      5.0,
      5.0,
      4.0,
      5.0,
      3.0,
      2.0,
      2.0,
      3.0,
      4.0,
      4.0,
      4.0,
      5.0,
      2.0,
      4.0,
      3.0,
      3.0,
      3.0,
      3.0,
      4.0,
      5.0,
      3.0,
      4.0,
      6.0,
      3.0,
      3.0,
      3.0,
      4.0,
      4.0,
      3.0,
      5.0,
      3.0,
      4.0,
      2.0,
      3.0,
      4.0,
      3.0,
      3.0,
      3.0,
      4.0,
      4.0,
      3.0,
      2.0,
      6.0,
      3.0,
      2.0,
      4.0,
      3.0,
      5.0,
      4.0,
      3.0,
      4.0,
      4.0,
      3.0,
      3.0,
      3.0,
      4.0,
      5.0,
      4.0,
      2.0,
      4.0,
      2.0,
      3.0,
      3.0,
      2.0,
      4.0,
      5.0,
      2.0,
      3.0,
      2.0,
      4.0,
      4.0,
      3.0,
      2.0,
      5.0,
      4.0,
      4.0,
      5.0,
      4.0,
      3.0,
      3.0,
      4.0,
      4.0,
      4.0,
      4.0,
      2.0,
      4.0,
      2.0,
      4.0,
      2.0,
      4.0,
      4.0,
      4.0,
      4.0,
      2.0,
      3.0,
      4.0,
      2.0,
      2.0,
      3.0,
      3.0,
      3.0,
      2.0,
      5.0,
      4.0,
      3.0,
      4.0,
      4.0,
      3.0,
      3.0,
      3.0,
      3.0,
      3.0,
      3.0,
      2.0,
      3.0,
      3.0,
      3.0,
      4.0,
      4.0,
      3.0,
      2.0,
      4.0,
      3.0,
      4.0,
      3.0,
      3.0,
      2.0,
      3.0,
      3.0,
      5.0,
      2.0,
      2.0,
      4.0,
      4.0,
      3.0,
      3.0,
      4.0,
      4.0,
      5.0,
      3.0,
      3.0,
      5.0,
      2.0,
      3.0,
      3.0,
      2.0,
      2.0,
      3.0,
      4.0,
      4.0,
      2.0,
      4.0,
      4.0,
      3.0,
      3.0,
      3.0,
      3.0,
      2.0,
      4.0,
      3.0,
      4.0,
      2.0,
      3.0,
      4.0,
      5.0,
      3.0,
      2.0,
      4.0,
      3.0,
      3.0,
      3.0,
      4.0,
      4.0,
      4.0,
      4.0,
      5.0,
      2.0,
      4.0,
      4.0,
      3.0,
      4.0,
      2.0,
      4.0,
      4.0,
      4.0,
      4.0,
      3.0,
      3.0,
      3.0,
      3.0,
      4.0,
      4.0,
      5.0,
      3.0,
      3.0,
      3.0,
      4.0,
      2.0,
      4.0,
      3.0,
      3.0,
      3.0,
      3.0,
      3.0,
      3.0,
      2.0,
      4.0,
      4.0,
      4.0,
      3.0,
      3.0,
      3.0,
      3.0,
      3.0,
      2.0,
      5.0,
      4.0,
      3.0,
      3.0,
      3.0,
      4.0,
      4.0,
      3.0,
      2.0,
      3.0,
      3.0,
      3.0,
      3.0,
      3.0,
      4.0,
      4.0,
      5.0,
      3.0,
      2.0,
      3.0,
      2.0,
      4.0,
      4.0,
      2.0,
      4.0,
      3.0,
      3.0,
      6.0,
      2.0,
      4.0,
      2.0,
      3.0,
      3.0,
      2.0,
      3.0,
      4.0,
      3.0,
      4.0,
      2.0,
      4.0,
      3.0,
      3.0,
      4.0,
      3.0,
      4.0,
      5.0,
      4.0,
      5.0,
      2.0,
      4.0,
      2.0,
      3.0,
      2.0,
      5.0,
      3.0,
      4.0,
      2.0,
      3.0,
      5.0,
      4.0,
