{
  "source": "/Users/cl/data/Cross_Platform_Work/Uni/tum/bpc/BPC-Data-Engeneering-Topic-2/graphs/data/hetionet/raw/hetionet.nt",
  "features": {
    "num_entities": 45158.0,
    "num_relations": 24.0,
    "mean_degree": 49.82942114354046,
    "out_degree_alpha": 2.6775128622688094,
    "out_degree_xmin": 172.0,
    "in_degree_alpha": 2.5979361005188477,
    "in_degree_xmin": 66.0,
    "relation_zipf_exponent": 2.3088322431839234,
    "relation_zipf_xmin": 73566.0,
    "obj_mult_alpha_loc": 2.999292784322039,
    "obj_mult_alpha_scale": 0.9008508829862037,
    "obj_mult_alpha_shape": -5679917.561743906,
    "obj_mult_alpha_lo": 1.4,
    "obj_mult_alpha_hi": 3.0,
    "subj_mult_alpha_loc": 2.872851695936663,
    "subj_mult_alpha_scale": 0.7097277028279967,
    "subj_mult_alpha_shape": -26843811.813511238,
    "subj_mult_alpha_lo": 1.4,
    "subj_mult_alpha_hi": 3.0,
    "a_obj": 0.6644372712751452,
    "a_subj": -0.22429825415939778,
    "class_size_alpha": NaN,
    "class_size_xmin": NaN,
    "num_classes": 0.0,
    "subj_cooc_rate": 0.3855143972767839,
    "subj_cooc_scale": 16697.450383187334,
    "subj_cooc_density": 0.25,
    "obj_cooc_rate": 0.2575109384887783,
    "obj_cooc_scale": 19170.076616837872,
    "obj_cooc_density": 0.2847222222222222,
    "subj_row_entropy_loc": 1.922722783337755,
    "subj_row_entropy_scale": 0.534181219258236,
    "subj_row_entropy_shape": -12359397.583189305,
    "subj_row_entropy_lo": -0.0,
    "subj_row_entropy_hi": 1.9227225709354983,
    "obj_row_entropy_loc": 2.3741889319114797,
    "obj_row_entropy_scale": 1.4530655330754718,
    "obj_row_entropy_shape": -14470839.003531523,
    "obj_row_entropy_lo": -0.0,
    "obj_row_entropy_hi": 2.3741884422503854,
    "type_rel_spectrum_rate": NaN,
    "type_rel_spectrum_scale": NaN,
    "per_type_entropy_rate": NaN,
    "per_type_entropy_scale": NaN,
    "num_distinct_cs": 204.0,
    "cs_freq_alpha": 2.2054456327869363,
    "cs_freq_xmin": 132.0,
    "cs_size_loc": 4.698878547698878,
    "cs_size_scale": 1.931120282483614,
    "cs_size_shape": -0.6667051204926051,
    "cs_size_lo": 1.0,
    "cs_size_hi": 7.0,
    "inv_cs_size_loc": 0.9999985404254259,
    "inv_cs_size_scale": 3.2748846946037107,
    "inv_cs_size_shape": 12176583.55547328,
    "inv_cs_size_lo": 1.0,
    "inv_cs_size_hi": 12.0,
    "two_step_alpha": 1.0000006233292584,
    "two_step_vmin": 358.0,
    "two_step_vmax": 21928856.0,
    "num_components": 1.0,
    "largest_component_fraction": 1.0,
    "clustering_coefficient": 0.11309206083696298,
    "degree_assortativity": -0.1698693737135014,
    "shortest_path_loc": 2.427550826748047,
    "shortest_path_scale": 0.9742840209691126,
    "shortest_path_shape": 1.3517314063613879,
    "shortest_path_lo": 1.0,
    "shortest_path_hi": 6.0
  }
}