{
  "_triangle_count": 17114,
  "_four_cycle_count": 1551692,
  "_five_cycle_count": 3513862,
  "_six_cycle_count": 155271133,
  "_diamond_count": 414439,
  "_k4_count": 14961,
  "_tailed_triangle_count": 5612792,
  "_star_counts": {
    "__sig_type__": "dict",
    "items": [
      [
        2,
        2942474
      ],
      [
        3,
        671355761
      ],
      [
        4,
        154444317984
      ],
      [
        5,
        29913622997798
      ],
      [
        6,
        4909210322441342
      ],
      [
        7,
        677097501972804352
      ],
      [
        8,
        84389389426672107520
      ],
      [
        9,
        9261362575553504215040
      ],
      [
        10,
        920313072905587678773248
      ]
    ]
  },
  "_path_template_zipf": {
    "__sig_type__": "dict",
    "items": [
      [
        2,
        NaN
      ],
      [
        3,
        1.3888894852836837
      ],
      [
        4,
        1.2275019297088035
      ],
      [
        5,
        1.2751737343800889
      ],
      [
        6,
        1.1676483981149015
      ],
      [
        7,
        1.1614552464018408
      ],
      [
        8,
        1.1928292490797128
      ],
      [
        9,
        1.2611735117296197
      ],
      [
        10,
        1.346653646840921
      ]
    ]
  },
  "_path_template_entropy": {
    "__sig_type__": "dict",
    "items": [
      [
        2,
        -0.0
      ],
      [
        3,
        0.03568909115821943
      ],
      [
        4,
        0.4927620996340075
      ],
      [
        5,
        1.4223352810144219
      ],
      [
        6,
        2.423092768471036
      ],
      [
        7,
        3.2566544422449737
      ],
      [
        8,
        4.127430858359817
      ],
      [
        9,
        4.971779630991185
      ],
      [
        10,
        5.817890489424329
      ]
    ]
  },
  "_tree_template_zipf": 1.0620968496827063,
  "_tree_template_entropy": 0.12078953261128275
}