{
  "_triangle_count": 17114,
  "_four_cycle_count": 1628931,
  "_five_cycle_count": 3509758,
  "_six_cycle_count": 163627971,
  "_diamond_count": 423412,
  "_k4_count": 14569,
  "_tailed_triangle_count": 5672920,
  "_path_template_zipf": {
    "__sig_type__": "dict",
    "items": [
      [
        2,
        NaN
      ],
      [
        3,
        1.3888894852836837
      ],
      [
        4,
        1.2255145770258282
      ],
      [
        5,
        1.2761180658910427
      ],
      [
        6,
        1.1640365740339453
      ],
      [
        7,
        1.1616106157475947
      ],
      [
        8,
        1.20104422369658
      ],
      [
        9,
        1.2752877385215353
      ],
      [
        10,
        1.325189473864985
      ]
    ]
  },
  "_path_template_entropy": {
    "__sig_type__": "dict",
    "items": [
      [
        2,
        -0.0
      ],
      [
        3,
        0.03568909115821943
      ],
      [
        4,
        0.49747743058067506
      ],
      [
        5,
        1.4282269528520284
      ],
      [
        6,
        2.4397705609536593
      ],
      [
        7,
        3.2460023813044216
      ],
      [
        8,
        4.110185335623685
      ],
      [
        9,
        5.0315847759693755
      ],
      [
        10,
        5.746884453037394
      ]
    ]
  },
  "_tree_template_zipf": 1.062008816959057,
  "_tree_template_entropy": 0.12091944177824195
}