{
  "_num_components": 11,
  "_largest_component_fraction": 0.9889526237518589,
  "_clustering_coefficient": 0.14834886531579167,
  "_degree_assortativity": -0.15474203536837075,
  "_shortest_path_max": 7.0,
  "_shortest_path_mean": 3.366,
  "_shortest_path_var": 0.9780440000000001,
  "_pair_dists_finite": {
    "__sig_type__": "ndarray",
    "dtype": "float64",
    "data": [
      3.0,
      3.0,
      3.0,
      3.0,
      3.0,
      4.0,
      5.0,
      3.0,
      3.0,
      3.0,
      3.0,
      5.0,
      3.0,
      4.0,
      3.0,
      3.0,
      4.0,
      3.0,
      4.0,
      2.0,
      3.0,
      2.0,
      3.0,
      5.0,
      4.0,
      2.0,
      3.0,
      4.0,
      6.0,
      3.0,
      4.0,
      5.0,
      4.0,
      3.0,
      3.0,
      3.0,
      3.0,
      5.0,
      2.0,
      3.0,
      3.0,
      4.0,
      2.0,
      4.0,
      3.0,
      4.0,
      3.0,
      5.0,
      4.0,
      3.0,
      5.0,
      3.0,
      4.0,
      4.0,
      3.0,
      5.0,
      2.0,
      2.0,
      6.0,
      3.0,
      3.0,
      3.0,
      4.0,
      4.0,
      5.0,
      4.0,
      6.0,
      3.0,
      2.0,
      4.0,
      6.0,
      4.0,
      4.0,
      3.0,
      3.0,
      2.0,
      4.0,
      3.0,
      5.0,
      2.0,
      4.0,
      2.0,
      2.0,
      5.0,
      3.0,
      2.0,
      3.0,
      4.0,
      3.0,
      3.0,
      4.0,
      4.0,
      5.0,
      3.0,
      4.0,
      3.0,
      5.0,
      2.0,
      3.0,
      3.0,
      3.0,
      2.0,
      4.0,
      2.0,
      3.0,
      4.0,
      7.0,
      5.0,
      3.0,
      5.0,
      4.0,
      4.0,
      2.0,
      4.0,
      2.0,
      4.0,
      3.0,
      3.0,
      4.0,
      2.0,
      4.0,
      3.0,
      3.0,
      3.0,
      5.0,
      6.0,
      2.0,
      2.0,
      4.0,
      5.0,
      4.0,
      2.0,
      3.0,
      2.0,
      3.0,
      4.0,
      3.0,
      4.0,
      4.0,
      3.0,
      3.0,
      3.0,
      2.0,
      4.0,
      4.0,
      5.0,
      2.0,
      3.0,
      3.0,
      3.0,
      2.0,
      2.0,
      3.0,
      4.0,
      2.0,
      4.0,
      2.0,
      2.0,
      3.0,
      4.0,
      3.0,
      5.0,
      3.0,
      2.0,
      3.0,
      3.0,
      3.0,
      2.0,
      4.0,
      5.0,
      3.0,
      2.0,
      3.0,
      3.0,
      5.0,
      3.0,
      2.0,
      3.0,
      4.0,
      3.0,
      4.0,
      3.0,
      3.0,
      3.0,
      2.0,
      3.0,
      4.0,
      3.0,
      5.0,
      3.0,
      3.0,
      3.0,
      3.0,
      3.0,
      3.0,
      4.0,
      3.0,
      4.0,
      4.0,
      3.0,
      2.0,
      4.0,
      3.0,
      3.0,
      3.0,
      3.0,
      3.0,
      4.0,
      2.0,
      5.0,
      2.0,
      3.0,
      3.0,
      4.0,
      2.0,
      4.0,
      4.0,
      3.0,
      2.0,
      3.0,
      4.0,
      2.0,
      5.0,
      3.0,
      3.0,
      4.0,
      3.0,
      4.0,
      3.0,
      2.0,
      3.0,
      5.0,
      2.0,
      4.0,
      3.0,
      3.0,
      4.0,
      4.0,
      3.0,
      3.0,
      2.0,
      3.0,
      4.0,
      4.0,
      3.0,
      4.0,
      6.0,
      2.0,
      4.0,
      6.0,
      4.0,
      4.0,
      2.0,
      4.0,
      3.0,
      2.0,
      3.0,
      4.0,
      4.0,
      4.0,
      5.0,
      3.0,
      2.0,
      5.0,
      4.0,
      4.0,
      3.0,
      3.0,
      4.0,
      3.0,
      2.0,
      5.0,
      5.0,
      3.0,
      2.0,
      4.0,
      3.0,
      2.0,
      2.0,
      3.0,
      4.0,
      4.0,
      2.0,
      3.0,
      4.0,
      3.0,
      3.0,
      3.0,
      4.0,
      2.0,
      3.0,
      4.0,
      3.0,
      3.0,
      3.0,
      5.0,
      2.0,
      2.0,
      5.0,
      3.0,
      3.0,
      4.0,
      3.0,
      4.0,
      3.0,
      3.0,
      3.0,
      2.0,
      3.0,
      3.0,
      4.0,
      3.0,
      4.0,
      5.0,
      3.0,
      4.0,
      4.0,
      4.0,
      2.0,
      3.0,
      3.0,
      6.0,
      2.0,
      4.0,
      5.0,
      2.0,
      3.0,
      4.0,
      3.0,
      4.0,
      3.0,
      5.0,
      3.0,
      4.0,
      4.0,
      3.0,
      5.0,
      2.0,
      3.0,
      3.0,
      3.0,
      4.0,
      3.0,
      3.0,
      4.0,
      3.0,
      5.0,
      4.0,
      2.0,
      3.0,
      5.0,
      4.0,
      2.0,
      3.0,
      4.0,
      4.0,
      4.0,
      5.0,
      2.0,
      3.0,
      3.0,
      4.0,
      3.0,
      3.0,
      2.0,
      5.0,
      3.0,
      2.0,
      5.0,
      5.0,
      4.0,
      2.0,
      3.0,
      3.0,
      4.0,
      2.0,
      6.0,
      4.0,
      6.0,
      4.0,
      5.0,
      6.0,
      5.0,
      3.0,
      4.0,
      3.0,
      3.0,
      2.0,
      4.0,
      5.0,
      2.0,
      5.0,
      3.0,
      4.0,
      3.0,
      4.0,
      3.0,
      2.0,
      3.0,
      4.0,
      4.0,
      3.0,
      4.0,
      4.0,
      3.0,
      3.0,
      4.0,
      5.0,
      3.0,
      2.0,
      2.0,
      3.0,
      2.0,
      4.0,
      2.0,
      3.0,
      4.0,
      2.0,
      3.0,
      4.0,
      4.0,
      4.0,
      3.0,
      3.0,
      2.0,
      3.0,
      3.0,
      3.0,
      2.0,
      3.0,
      5.0,
      3.0,
      4.0,
      2.0,
      3.0,
      4.0,
      2.0,
      3.0,
      3.0,
      4.0,
      5.0,
      2.0,
      2.0,
      2.0,
      4.0,
      3.0,
      6.0,
      3.0,
      2.0,
      3.0,
      4.0,
      4.0,
      3.0,
      2.0,
      3.0,
      3.0,
      4.0,
      2.0,
      3.0,
      4.0,
      5.0,
      2.0,
      3.0,
      4.0,
      3.0,
      4.0,
      3.0,
      3.0,
      3.0,
      2.0,
      4.0,
      4.0,
      3.0,
      4.0,
      4.0,
      2.0,
      3.0,
      3.0,
      2.0,
      4.0,
      3.0,
      3.0,
      4.0,
      3.0,
      3.0,
      3.0,
      2.0,
      4.0,
      3.0,
      4.0,
      4.0,
      4.0,
      5.0,
      3.0,
      3.0,
      3.0,
      3.0,
      3.0,
      4.0,
      4.0,
      4.0,
      3.0,
      4.0,
      4.0,
      2.0,
      3.0,
      5.0,
      4.0,
      4.0,
      3.0,
      6.0,
      3.0,
      6.0,
      5.0,
      3.0,
      4.0,
      2.0,
      2.0,
      5.0,
      4.0,
      4.0,
      5.0,
      4.0,
      3.0,
      3.0,
      4.0,
      3.0,
      2.0,
      2.0,
      4.0,
      3.0,
      2.0,
      3.0,
      3.0,
      4.0,
      2.0,
      2.0,
      2.0,
      3.0,
      3.0,
      4.0,
      3.0,
      4.0,
      4.0,
      2.0,
      4.0,
      3.0,
      3.0,
      3.0,
      4.0,
      3.0,
      4.0,
      4.0,
      5.0,
      4.0,
      4.0,
      5.0,
      4.0,
      6.0,
      3.0,
      2.0,
      2.0,
      2.0,
      4.0,
      3.0,
      3.0,
      4.0,
      3.0,
      4.0,
      5.0,
      4.0,
      2.0,
      2.0,
      5.0,
      3.0,
      5.0,
      6.0,
      4.0,
      2.0,
      2.0,
      3.0,
      5.0,
      3.0,
      3.0,
      3.0,
      3.0,
      2.0,
      4.0,
      4.0,
      2.0,
      4.0,
      3.0,
      5.0,
      3.0,
      3.0,
      5.0,
      2.0,
      3.0,
      3.0,
      3.0,
      3.0,
      6.0,
      4.0,
      3.0,
      2.0,
      4.0,
      2.0,
      2.0,
      4.0,
      6.0,
      4.0,
      2.0,
      3.0,
      4.0,
      3.0,
      3.0,
      3.0,
      2.0,
      3.0,
      3.0,
      6.0,
      3.0,
      4.0,
      3.0,
      4.0,
      4.0,
      2.0,
      2.0,
      3.0,
      3.0,
      3.0,
      2.0,
      2.0,
      4.0,
      2.0,
      3.0,
      3.0,
      4.0,
      3.0,
      3.0,
      5.0,
      4.0,
      4.0,
      5.0,
      2.0,
      2.0,
      2.0,
      3.0,
      5.0,
      3.0,
      3.0,
      3.0,
      3.0,
      3.0,
      3.0,
      4.0,
      3.0,
      2.0,
      3.0,
      3.0,
      2.0,
      4.0,
      2.0,
      3.0,
      3.0,
      3.0,
      4.0,
      3.0,
      4.0,
      4.0,
      3.0,
      4.0,
      4.0,
      3.0,
      5.0,
      4.0,
      3.0,
      2.0,
      3.0,
      3.0,
      4.0,
      3.0,
      3.0,
      3.0,
      4.0,
      3.0,
      2.0,
      3.0,
      3.0,
      3.0,
      3.0,
      5.0,
