{
  "_num_components": 11,
  "_largest_component_fraction": 0.9889526237518589,
  "_clustering_coefficient": 0.14834886531579178,
  "_degree_assortativity": -0.15474203536837075,
  "_shortest_path_skew": {
    "__sig_type__": "tuple",
    "data": [
      2.2413485905335646,
      1.5340935897990549,
      2.8334273264173304,
      1.0,
      7.0
    ]
  },
  "_pair_dists_finite": {
    "__sig_type__": "ndarray",
    "dtype": "float64",
    "data": [
      2.0,
      5.0,
      5.0,
      2.0,
      3.0,
      7.0,
      4.0,
      6.0,
      3.0,
      3.0,
      3.0,
      4.0,
      4.0,
      3.0,
      3.0,
      5.0,
      2.0,
      3.0,
      3.0,
      3.0,
      4.0,
      2.0,
      4.0,
      6.0,
      4.0,
      3.0,
      2.0,
      4.0,
      3.0,
      4.0,
      5.0,
      3.0,
      3.0,
      3.0,
      5.0,
      4.0,
      4.0,
      5.0,
      3.0,
      4.0,
      4.0,
      4.0,
      3.0,
      4.0,
      2.0,
      3.0,
      4.0,
      3.0,
      2.0,
      3.0,
      5.0,
      3.0,
      4.0,
      4.0,
      2.0,
      4.0,
      2.0,
      4.0,
      4.0,
      3.0,
      3.0,
      3.0,
      2.0,
      3.0,
      6.0,
      2.0,
      4.0,
      2.0,
      2.0,
      2.0,
      6.0,
      2.0,
      3.0,
      4.0,
      5.0,
      2.0,
      4.0,
      4.0,
      3.0,
      3.0,
      4.0,
      4.0,
      2.0,
      4.0,
      3.0,
      5.0,
      3.0,
      5.0,
      3.0,
      2.0,
      4.0,
      3.0,
      3.0,
      3.0,
      2.0,
      3.0,
      4.0,
      3.0,
      2.0,
      3.0,
      3.0,
      4.0,
      3.0,
      4.0,
      4.0,
      3.0,
      3.0,
      3.0,
      5.0,
      6.0,
      2.0,
      3.0,
      3.0,
      2.0,
      2.0,
      3.0,
      5.0,
      2.0,
      3.0,
      2.0,
      4.0,
      3.0,
      3.0,
      3.0,
      4.0,
      4.0,
      3.0,
      3.0,
      3.0,
      3.0,
      5.0,
      3.0,
      4.0,
      2.0,
      3.0,
      4.0,
      3.0,
      3.0,
      3.0,
      3.0,
      5.0,
      3.0,
      2.0,
      4.0,
      4.0,
      3.0,
      2.0,
      3.0,
      4.0,
      4.0,
      5.0,
      2.0,
      7.0,
      4.0,
      3.0,
      4.0,
      2.0,
      6.0,
      3.0,
      3.0,
      4.0,
      4.0,
      3.0,
      3.0,
      4.0,
      4.0,
      3.0,
      4.0,
      5.0,
      2.0,
      4.0,
      3.0,
      4.0,
      2.0,
      2.0,
      3.0,
      2.0,
      3.0,
      4.0,
      4.0,
      4.0,
      5.0,
      4.0,
      2.0,
      2.0,
      3.0,
      4.0,
      3.0,
      3.0,
      3.0,
      3.0,
      2.0,
      3.0,
      3.0,
      3.0,
      3.0,
      5.0,
      4.0,
      3.0,
      5.0,
      4.0,
      4.0,
      3.0,
      3.0,
      2.0,
      4.0,
      4.0,
      6.0,
      2.0,
      5.0,
      3.0,
      3.0,
      3.0,
      3.0,
      2.0,
      2.0,
      2.0,
      5.0,
      3.0,
      4.0,
      4.0,
      2.0,
      4.0,
      3.0,
      3.0,
      3.0,
      2.0,
      5.0,
      4.0,
      3.0,
      4.0,
      5.0,
      3.0,
      5.0,
      3.0,
      5.0,
      3.0,
      4.0,
      3.0,
      4.0,
      3.0,
      4.0,
      4.0,
      3.0,
      4.0,
      4.0,
      4.0,
      3.0,
      3.0,
      4.0,
      3.0,
      3.0,
      3.0,
      3.0,
      4.0,
      3.0,
      4.0,
      3.0,
      2.0,
      3.0,
      3.0,
      3.0,
      2.0,
      4.0,
      4.0,
      3.0,
      3.0,
      4.0,
      5.0,
      3.0,
      3.0,
      3.0,
      6.0,
      6.0,
      2.0,
      4.0,
      2.0,
      4.0,
      3.0,
      3.0,
      3.0,
      3.0,
      4.0,
      4.0,
      5.0,
      2.0,
      3.0,
      3.0,
      3.0,
      2.0,
      4.0,
      5.0,
      3.0,
      4.0,
      4.0,
      4.0,
      2.0,
      3.0,
      3.0,
      2.0,
      3.0,
      4.0,
      4.0,
      4.0,
      2.0,
      4.0,
      3.0,
      5.0,
      4.0,
      4.0,
      5.0,
      4.0,
      2.0,
      4.0,
      2.0,
      3.0,
      4.0,
      3.0,
      2.0,
      3.0,
      2.0,
      2.0,
      3.0,
      3.0,
      4.0,
      3.0,
      3.0,
      4.0,
      5.0,
      3.0,
      4.0,
      2.0,
      2.0,
      4.0,
      4.0,
      4.0,
      7.0,
      3.0,
      2.0,
      5.0,
      5.0,
      5.0,
      2.0,
      4.0,
      2.0,
      4.0,
      6.0,
      5.0,
      4.0,
      3.0,
      2.0,
      3.0,
      2.0,
      4.0,
      5.0,
      3.0,
      4.0,
      4.0,
      3.0,
      4.0,
      4.0,
      3.0,
      2.0,
      4.0,
      3.0,
      3.0,
      4.0,
      5.0,
      2.0,
      4.0,
      3.0,
      4.0,
      2.0,
      2.0,
      4.0,
      5.0,
      4.0,
      5.0,
      4.0,
      5.0,
      4.0,
      5.0,
      4.0,
      3.0,
      3.0,
      4.0,
      3.0,
      4.0,
      4.0,
      5.0,
      4.0,
      3.0,
      5.0,
      2.0,
      4.0,
      4.0,
      4.0,
      2.0,
      2.0,
      3.0,
      4.0,
      4.0,
      3.0,
      3.0,
      5.0,
      3.0,
      3.0,
      3.0,
      5.0,
      2.0,
      2.0,
      3.0,
      4.0,
      2.0,
      3.0,
      5.0,
      4.0,
      3.0,
      4.0,
      4.0,
      5.0,
      4.0,
      3.0,
      2.0,
      5.0,
      4.0,
      4.0,
      3.0,
      3.0,
      3.0,
      3.0,
      4.0,
      3.0,
      3.0,
      4.0,
      3.0,
      4.0,
      4.0,
      3.0,
      4.0,
      5.0,
      3.0,
      2.0,
      3.0,
      4.0,
      4.0,
      6.0,
      3.0,
      5.0,
      2.0,
      3.0,
      3.0,
      5.0,
      4.0,
      3.0,
      3.0,
      5.0,
      3.0,
      2.0,
      2.0,
      3.0,
      4.0,
      4.0,
      3.0,
      3.0,
      2.0,
      3.0,
      3.0,
      5.0,
      3.0,
      4.0,
      3.0,
      4.0,
      3.0,
      5.0,
      4.0,
      3.0,
      3.0,
      4.0,
      3.0,
      4.0,
      4.0,
      3.0,
      4.0,
      4.0,
      5.0,
      2.0,
      2.0,
      2.0,
      4.0,
      4.0,
      3.0,
      4.0,
      4.0,
      2.0,
      2.0,
      2.0,
      3.0,
      4.0,
      2.0,
      3.0,
      4.0,
      4.0,
      2.0,
      4.0,
      3.0,
      3.0,
      2.0,
      3.0,
      4.0,
      5.0,
      3.0,
      2.0,
      5.0,
      5.0,
      3.0,
      3.0,
      3.0,
      3.0,
      4.0,
      3.0,
      5.0,
      3.0,
      3.0,
      3.0,
      3.0,
      3.0,
      4.0,
      4.0,
      6.0,
      3.0,
      2.0,
      6.0,
      3.0,
      4.0,
      3.0,
      3.0,
      3.0,
      4.0,
      2.0,
      3.0,
      3.0,
      2.0,
      2.0,
      4.0,
      2.0,
      2.0,
      2.0,
      3.0,
      3.0,
      2.0,
      3.0,
      5.0,
      2.0,
      5.0,
      5.0,
      2.0,
      3.0,
      3.0,
      3.0,
      3.0,
      3.0,
      4.0,
      5.0,
      4.0,
      3.0,
      5.0,
      3.0,
      2.0,
      3.0,
      3.0,
      3.0,
      4.0,
      4.0,
      2.0,
      3.0,
      4.0,
      5.0,
      3.0,
      3.0,
      2.0,
      3.0,
      3.0,
      4.0,
      3.0,
      3.0,
      4.0,
      4.0,
      4.0,
      3.0,
      4.0,
      3.0,
      3.0,
      4.0,
      3.0,
      4.0,
      4.0,
      4.0,
      4.0,
      4.0,
      3.0,
      3.0,
      5.0,
      4.0,
      2.0,
      4.0,
      3.0,
      4.0,
      4.0,
      2.0,
      5.0,
      4.0,
      5.0,
      3.0,
      3.0,
      3.0,
      2.0,
      3.0,
      2.0,
      5.0,
      3.0,
      2.0,
      4.0,
      3.0,
      3.0,
      4.0,
      3.0,
      3.0,
      3.0,
      4.0,
      4.0,
      2.0,
      3.0,
      2.0,
      4.0,
      5.0,
      3.0,
      3.0,
      4.0,
      3.0,
      3.0,
      4.0,
      3.0,
      4.0,
      2.0,
      3.0,
      4.0,
      3.0,
      6.0,
      4.0,
      3.0,
      3.0,
      5.0,
      5.0,
      4.0,
      4.0,
      5.0,
      3.0,
      5.0,
      2.0,
      4.0,
      3.0,
      3.0,
      2.0,
      3.0,
      3.0,
      3.0,
      7.0,
      4.0,
      3.0,
      5.0,
      4.0,
      5.0,
      3.0,
      2.0,
      4.0,
      4.0,
      2.0,
      4.0,
      4.0,
      3.0,
      3.0,
      4.0,
      5.0,
      2.0,
      4.0,
