{
  "_triangle_count": 17114,
  "_four_cycle_count": 1437806,
  "_five_cycle_count": 3476550,
  "_six_cycle_count": 155871637,
  "_diamond_count": 417637,
  "_k4_count": 11859,
  "_tailed_triangle_count": 5617326,
  "_path_template_zipf": {
    "__sig_type__": "dict",
    "items": [
      [
        2,
        NaN
      ],
      [
        3,
        1.3360076928701918
      ],
      [
        4,
        1.219213525036353
      ],
      [
        5,
        1.2911300620710007
      ],
      [
        6,
        1.2299022496454586
      ],
      [
        7,
        1.2965157313277833
      ],
      [
        8,
        1.3752166016802685
      ],
      [
        9,
        1.527674757453355
      ],
      [
        10,
        1.6373139822428255
      ]
    ]
  },
  "_path_template_entropy": {
    "__sig_type__": "dict",
    "items": [
      [
        2,
        -0.0
      ],
      [
        3,
        0.018032314073699582
      ],
      [
        4,
        0.4955606301794622
      ],
      [
        5,
        1.4428001580499987
      ],
      [
        6,
        2.4980361922058565
      ],
      [
        7,
        3.1263507738527276
      ],
      [
        8,
        4.172009848001586
      ],
      [
        9,
        5.132778700763436
      ],
      [
        10,
        5.717841346968781
      ]
    ]
  },
  "_tree_template_zipf": 1.0638907617184383,
  "_tree_template_entropy": 0.12000460654528454
}