{
  "_triangle_count": 17114,
  "_four_cycle_count": 1520129,
  "_five_cycle_count": 3573855,
  "_six_cycle_count": 165156712,
  "_diamond_count": 413970,
  "_k4_count": 14239,
  "_tailed_triangle_count": 5533706,
  "_path_template_zipf": {
    "__sig_type__": "dict",
    "items": [
      [
        2,
        NaN
      ],
      [
        3,
        1.3888894852836837
      ],
      [
        4,
        1.2258814128661228
      ],
      [
        5,
        1.2753936214292294
      ],
      [
        6,
        1.1599446122642723
      ],
      [
        7,
        1.1617764876307308
      ],
      [
        8,
        1.2024310866796524
      ],
      [
        9,
        1.2629300163275385
      ],
      [
        10,
        1.3638134174552146
      ]
    ]
  },
  "_path_template_entropy": {
    "__sig_type__": "dict",
    "items": [
      [
        2,
        -0.0
      ],
      [
        3,
        0.03568909115821943
      ],
      [
        4,
        0.48960628265195766
      ],
      [
        5,
        1.4248412673927984
      ],
      [
        6,
        2.432293029549522
      ],
      [
        7,
        3.2528849191717106
      ],
      [
        8,
        4.173332122304041
      ],
      [
        9,
        4.955772035746417
      ],
      [
        10,
        5.821505169127543
      ]
    ]
  },
  "_tree_template_zipf": 1.0620740950958183,
  "_tree_template_entropy": 0.12775477893941334
}