{
  "_triangle_count": 17114,
  "_four_cycle_count": 1611970,
  "_five_cycle_count": 3542952,
  "_six_cycle_count": 154107385,
  "_diamond_count": 402169,
  "_k4_count": 14534,
  "_tailed_triangle_count": 5562969,
  "_path_template_zipf": {
    "__sig_type__": "dict",
    "items": [
      [
        2,
        NaN
      ],
      [
        3,
        1.3888894852836837
      ],
      [
        4,
        1.226333008907059
      ],
      [
        5,
        1.2756343922719755
      ],
      [
        6,
        1.1778066264628364
      ],
      [
        7,
        1.16429796992474
      ],
      [
        8,
        1.2019111690810158
      ],
      [
        9,
        1.266827171585116
      ],
      [
        10,
        1.3595336534342293
      ]
    ]
  },
  "_path_template_entropy": {
    "__sig_type__": "dict",
    "items": [
      [
        2,
        -0.0
      ],
      [
        3,
        0.03568909115821943
      ],
      [
        4,
        0.4938661064470151
      ],
      [
        5,
        1.4314603257754976
      ],
      [
        6,
        2.4577644935821663
      ],
      [
        7,
        3.212898887856215
      ],
      [
        8,
        4.152794028861427
      ],
      [
        9,
        5.02353429139606
      ],
      [
        10,
        5.875782512982806
      ]
    ]
  },
  "_tree_template_zipf": 1.06203931649419,
  "_tree_template_entropy": 0.1102540962790119
}