{
  "_triangle_count": 17114,
  "_four_cycle_count": 1595194,
  "_five_cycle_count": 3518188,
  "_six_cycle_count": 154738419,
  "_diamond_count": 415347,
  "_k4_count": 15218,
  "_tailed_triangle_count": 5542733,
  "_star_counts": {
    "__sig_type__": "dict",
    "items": [
      [
        2,
        2935533
      ],
      [
        3,
        669821221
      ],
      [
        4,
        153337595897
      ],
      [
        5,
        29655366571903
      ],
      [
        6,
        4950052354980742
      ],
      [
        7,
        669795162209557888
      ],
      [
        8,
        84677191484310290432
      ],
      [
        9,
        8984089617449362653184
      ],
      [
        10,
        907459716717758755373056
      ]
    ]
  },
  "_path_template_zipf": {
    "__sig_type__": "dict",
    "items": [
      [
        2,
        NaN
      ],
      [
        3,
        1.3888894852836837
      ],
      [
        4,
        1.2280176648497898
      ],
      [
        5,
        1.2603654305112568
      ],
      [
        6,
        1.1580337588872185
      ],
      [
        7,
        1.1604009300591647
      ],
      [
        8,
        1.197322804614397
      ],
      [
        9,
        1.257331001573136
      ],
      [
        10,
        1.3570909206638453
      ]
    ]
  },
  "_path_template_entropy": {
    "__sig_type__": "dict",
    "items": [
      [
        2,
        -0.0
      ],
      [
        3,
        0.03568909115821943
      ],
      [
        4,
        0.49264499051552035
      ],
      [
        5,
        1.4241517336779248
      ],
      [
        6,
        2.4507682222245686
      ],
      [
        7,
        3.254347695069571
      ],
      [
        8,
        4.161266815211068
      ],
      [
        9,
        4.9646750455518776
      ],
      [
        10,
        5.808337352527405
      ]
    ]
  },
  "_tree_template_zipf": 1.0620413611726247,
  "_tree_template_entropy": 0.12380187876199028
}