{
  "source": "/Users/cl/data/Cross_Platform_Work/Uni/tum/bpc/BPC-Data-Engeneering-Topic-2/data/graphs/fb237_v4/fb237_v4.nt",
  "features": {
    "num_entities": 4707.0,
    "num_relations": 219.0,
    "mean_degree": 7.205438708306777,
    "out_degree_alpha": 2.9347412109374993,
    "out_degree_xmin": 9.0,
    "in_degree_alpha": 2.421341102551051,
    "in_degree_xmin": 7.0,
    "relation_zipf_exponent": 1.7680436829983301,
    "relation_zipf_xmin": 32.0,
    "obj_mult_alpha_q00": 1.4,
    "obj_mult_alpha_q10": 1.899844859648167,
    "obj_mult_alpha_q25": 2.042402404683186,
    "obj_mult_alpha_q50": 2.358105468749999,
    "obj_mult_alpha_q75": 2.7114975926068117,
    "obj_mult_alpha_q90": 2.9277978515625,
    "obj_mult_alpha_q100": 3.0,
    "subj_mult_alpha_q00": 1.4,
    "subj_mult_alpha_q10": 1.7903708092635917,
    "subj_mult_alpha_q25": 1.984545839646417,
    "subj_mult_alpha_q50": 2.2634410984064735,
    "subj_mult_alpha_q75": 2.543847656249999,
    "subj_mult_alpha_q90": 2.804604492187499,
    "subj_mult_alpha_q100": 3.0,
    "a_obj": -0.07730813809316173,
    "a_subj": 0.007431128239709707,
    "class_size_alpha": NaN,
    "class_size_xmin": NaN,
    "num_classes": 0.0,
    "subj_cooc_rate": 0.2226471687969821,
    "subj_cooc_scale": 0.36390912552568727,
    "subj_cooc_density": 0.08984383144638353,
    "obj_cooc_rate": 0.18946948300383792,
    "obj_cooc_scale": 0.20012222459063977,
    "obj_cooc_density": 0.07166239236045954,
    "subj_row_entropy_q00": 0.0,
    "subj_row_entropy_q10": 0.8441614835042026,
    "subj_row_entropy_q25": 1.5589617999010659,
    "subj_row_entropy_q50": 2.542514326091726,
    "subj_row_entropy_q75": 2.859462543540357,
    "subj_row_entropy_q90": 2.9911866157920506,
    "subj_row_entropy_q100": 3.416869350427884,
    "obj_row_entropy_q00": 0.0,
    "obj_row_entropy_q10": 0.6134580981422786,
    "obj_row_entropy_q25": 1.0986122886681096,
    "obj_row_entropy_q50": 2.124123964127656,
    "obj_row_entropy_q75": 2.709487830938584,
    "obj_row_entropy_q90": 3.0545847357293465,
    "obj_row_entropy_q100": 3.4319082742457057,
    "type_rel_spectrum_rate": NaN,
    "type_rel_spectrum_scale": NaN,
    "per_type_entropy_rate": NaN,
    "per_type_entropy_scale": NaN,
    "num_distinct_cs": 2370.0,
    "cs_freq_alpha": 2.658325195312499,
    "cs_freq_xmin": 1.0,
    "cs_size_q00": 1.0,
    "cs_size_q10": 1.0,
    "cs_size_q25": 2.0,
    "cs_size_q50": 3.0,
    "cs_size_q75": 6.0,
    "cs_size_q90": 7.0,
    "cs_size_q100": 20.0,
    "inv_num_distinct_cs": 1425.0,
    "inv_cs_freq_alpha": 2.035307078958995,
    "inv_cs_freq_xmin": 2.0,
    "inv_cs_size_q00": 1.0,
    "inv_cs_size_q10": 1.0,
    "inv_cs_size_q25": 1.0,
    "inv_cs_size_q50": 2.0,
    "inv_cs_size_q75": 3.0,
    "inv_cs_size_q90": 5.0,
    "inv_cs_size_q100": 25.0,
    "two_step_alpha": 1.2796181848385553,
    "two_step_vmin": 1.0,
    "two_step_vmax": 115200.0,
    "triangle_count": 17114.0,
    "four_cycle_count": 1551692.0,
    "five_cycle_count": 3513862.0,
    "six_cycle_count": 155271133.0,
    "diamond_count": 414439.0,
    "k4_count": 14961.0,
    "tailed_triangle_count": 5612792.0,
    "star_count_k2": 2942474.0,
    "star_count_k3": 671355761.0,
    "star_count_k4": 154444317984.0,
    "star_count_k5": 29913622997798.0,
    "star_count_k6": 4909210322441342.0,
    "star_count_k7": 6.770975019728044e+17,
    "star_count_k8": 8.43893894266721e+19,
    "star_count_k9": 9.261362575553504e+21,
    "star_count_k10": 9.203130729055877e+23,
    "path_template_zipf_k2": NaN,
    "path_template_zipf_k3": 1.3888894852836837,
    "path_template_zipf_k4": 1.2275019297088035,
    "path_template_zipf_k5": 1.2751737343800889,
    "path_template_zipf_k6": 1.1676483981149015,
    "path_template_zipf_k7": 1.1614552464018408,
    "path_template_zipf_k8": 1.1928292490797128,
    "path_template_zipf_k9": 1.2611735117296197,
    "path_template_zipf_k10": 1.346653646840921,
    "path_template_entropy_k2": -0.0,
    "path_template_entropy_k3": 0.03568909115821943,
    "path_template_entropy_k4": 0.4927620996340075,
    "path_template_entropy_k5": 1.4223352810144219,
    "path_template_entropy_k6": 2.423092768471036,
    "path_template_entropy_k7": 3.2566544422449737,
    "path_template_entropy_k8": 4.127430858359817,
    "path_template_entropy_k9": 4.971779630991185,
    "path_template_entropy_k10": 5.817890489424329,
    "tree_template_zipf": 1.0620968496827063,
    "tree_template_entropy": 0.12078953261128275,
    "num_components": 11.0,
    "largest_component_fraction": 0.9889526237518589,
    "clustering_coefficient": 0.14834886531579206,
    "degree_assortativity": -0.15474203536837075,
    "shortest_path_max": 6.0,
    "shortest_path_mean": 3.399,
    "shortest_path_var": 0.9817989999999999,
    "out_degree_max": 195,
    "out_degree_p90": 15.0,
    "in_degree_max": 1442,
    "in_degree_p90": 11.0
  }
}