{
  "source": "/Users/cl/data/Cross_Platform_Work/Uni/tum/bpc/BPC-Data-Engeneering-Topic-2/data/graphs/fb237_v4/fb237_v4.nt",
  "features": {
    "num_entities": 4707.0,
    "num_relations": 219.0,
    "mean_degree": 7.205438708306777,
    "out_degree_alpha": 2.9347412109374993,
    "out_degree_xmin": 9.0,
    "in_degree_alpha": 2.421341102551051,
    "in_degree_xmin": 7.0,
    "relation_zipf_exponent": 1.7680436829983301,
    "relation_zipf_xmin": 32.0,
    "obj_mult_alpha_loc": 2.320882133478128,
    "obj_mult_alpha_scale": 0.39907146858702935,
    "obj_mult_alpha_shape": 0.16590184925966803,
    "obj_mult_alpha_lo": 1.4,
    "obj_mult_alpha_hi": 3.0,
    "subj_mult_alpha_loc": 2.398706431127186,
    "subj_mult_alpha_scale": 0.3908692835888763,
    "subj_mult_alpha_shape": -0.36741911951967643,
    "subj_mult_alpha_lo": 1.4,
    "subj_mult_alpha_hi": 3.0,
    "a_obj": -0.07730813809316157,
    "a_subj": 0.007431128239709655,
    "class_size_alpha": NaN,
    "class_size_xmin": NaN,
    "num_classes": 0.0,
    "subj_cooc_rate": 0.2226471687969821,
    "subj_cooc_scale": 0.3639091255256871,
    "subj_cooc_density": 0.08984383144638353,
    "obj_cooc_rate": 0.18946948300383792,
    "obj_cooc_scale": 0.20012222459063977,
    "obj_cooc_density": 0.07166239236045954,
    "subj_row_entropy_loc": 3.1453987138791177,
    "subj_row_entropy_scale": 1.3036526351491287,
    "subj_row_entropy_shape": -11.66971369598971,
    "subj_row_entropy_lo": -0.0,
    "subj_row_entropy_hi": 3.416869350427884,
    "obj_row_entropy_loc": 3.238977717122802,
    "obj_row_entropy_scale": 1.6265379211973974,
    "obj_row_entropy_shape": -9.025448104619818,
    "obj_row_entropy_lo": -0.0,
    "obj_row_entropy_hi": 3.4319082742457057,
    "type_rel_spectrum_rate": NaN,
    "type_rel_spectrum_scale": NaN,
    "per_type_entropy_rate": NaN,
    "per_type_entropy_scale": NaN,
    "num_distinct_cs": 2370.0,
    "cs_freq_alpha": 2.658325195312499,
    "cs_freq_xmin": 1.0,
    "cs_size_loc": 0.9999996835876064,
    "cs_size_scale": 3.92674658632995,
    "cs_size_shape": 67964430.98936911,
    "cs_size_lo": 1.0,
    "cs_size_hi": 20.0,
    "inv_num_distinct_cs": 1425.0,
    "inv_cs_freq_alpha": 2.035307078958995,
    "inv_cs_freq_xmin": 2.0,
    "inv_cs_size_loc": 0.9999993469980373,
    "inv_cs_size_scale": 2.500296158823936,
    "inv_cs_size_shape": 20406449.747652635,
    "inv_cs_size_lo": 1.0,
    "inv_cs_size_hi": 25.0,
    "two_step_alpha": 1.2796181848385553,
    "two_step_vmin": 1.0,
    "two_step_vmax": 115200.0,
    "triangle_count": 17114.0,
    "four_cycle_count": 1609953.0,
    "five_cycle_count": 3457411.0,
    "six_cycle_count": 156044074.0,
    "diamond_count": 419534.0,
    "k4_count": 15038.0,
    "tailed_triangle_count": 5512162.0,
    "star_count_k2": 2936121.0,
    "star_count_k3": 671123714.0,
    "star_count_k4": 155311726868.0,
    "star_count_k5": 30460750447255.0,
    "star_count_k6": 4930222235044137.0,
    "star_count_k7": 6.91332614924741e+17,
    "star_count_k8": 8.45236697109878e+19,
    "star_count_k9": 9.294002503128292e+21,
    "star_count_k10": 9.220562775065733e+23,
    "path_template_zipf_k2": NaN,
    "path_template_zipf_k3": 1.3888894852836837,
    "path_template_zipf_k4": 1.22735389475385,
    "path_template_zipf_k5": 1.2582833883388134,
    "path_template_zipf_k6": 1.1545507710394187,
    "path_template_zipf_k7": 1.1795176552809246,
    "path_template_zipf_k8": 1.1996886125277677,
    "path_template_zipf_k9": 1.272827867516392,
    "path_template_zipf_k10": 1.369895600433193,
    "path_template_entropy_k2": -0.0,
    "path_template_entropy_k3": 0.03568909115821943,
    "path_template_entropy_k4": 0.4919401080273298,
    "path_template_entropy_k5": 1.42568989277919,
    "path_template_entropy_k6": 2.4523770776393885,
    "path_template_entropy_k7": 3.2426946163019505,
    "path_template_entropy_k8": 4.1314429098733605,
    "path_template_entropy_k9": 5.007014135577926,
    "path_template_entropy_k10": 5.759270219544888,
    "tree_template_zipf": 1.06207875103764,
    "tree_template_entropy": 0.11487708274966815,
    "num_components": 11.0,
    "largest_component_fraction": 0.9889526237518589,
    "clustering_coefficient": 0.1483488653157915,
    "degree_assortativity": -0.15474203536837075,
    "shortest_path_max": 8.0,
    "shortest_path_mean": 3.386,
    "shortest_path_var": 0.983004
  }
}