{
  "source": "/Users/cl/data/Cross_Platform_Work/Uni/tum/bpc/BPC-Data-Engeneering-Topic-2/data/graphs/fb237_v4/fb237_v4.nt",
  "features": {
    "num_entities": 4707.0,
    "num_relations": 219.0,
    "mean_degree": 7.205438708306777,
    "out_degree_alpha": 1.272073938634127,
    "out_degree_xmin": 1.0,
    "in_degree_alpha": 1.5036899853847099,
    "in_degree_xmin": 1.0,
    "relation_zipf_exponent": 1.0000005694251486,
    "relation_zipf_xmin": 1.0,
    "obj_mult_alpha_q00": 1.4,
    "obj_mult_alpha_q10": 1.4,
    "obj_mult_alpha_q25": 1.4,
    "obj_mult_alpha_q50": 1.810107421874997,
    "obj_mult_alpha_q75": 2.999999999999999,
    "obj_mult_alpha_q90": 2.999999999999999,
    "obj_mult_alpha_q100": 3.0,
    "subj_mult_alpha_q00": 1.4,
    "subj_mult_alpha_q10": 1.4,
    "subj_mult_alpha_q25": 1.4,
    "subj_mult_alpha_q50": 1.8317309242235387,
    "subj_mult_alpha_q75": 2.402600097656248,
    "subj_mult_alpha_q90": 2.999999999999999,
    "subj_mult_alpha_q100": 3.0,
    "obj_mult_max": 192.0,
    "subj_mult_max": 1045.0,
    "a_obj": -0.07730813809316167,
    "a_subj": 0.007431128239709699,
    "out_degree_max": 195.0,
    "out_degree_p90": 15.0,
    "in_degree_max": 1442.0,
    "in_degree_p90": 11.0,
    "recip_symmetric_frac_bin0": 1.0,
    "recip_symmetric_frac_bin1": 0.0,
    "recip_symmetric_frac_bin2": 0.18181818181818182,
    "recip_symmetric_frac_bin3": 0.07142857142857142,
    "recip_symmetric_frac_bin4": 0.09803921568627451,
    "recip_symmetric_frac_bin5": 0.10483870967741936,
    "recip_symmetric_value": 0.8287386199241986,
    "class_size_alpha": NaN,
    "class_size_xmin": NaN,
    "num_classes": 0.0,
    "subj_cooc_rate": 0.2226471687969821,
    "subj_cooc_scale": 0.3639091255256871,
    "subj_cooc_density": 0.08984383144638353,
    "obj_cooc_rate": 0.1894694830038379,
    "obj_cooc_scale": 0.20012222459063977,
    "obj_cooc_density": 0.07166239236045954,
    "edge_multiplicity": 1.1018843404808316,
    "bidirectional_ratio": 1.1503531786074672,
    "subj_row_entropy_q00": 0.0,
    "subj_row_entropy_q10": 0.8441614835042026,
    "subj_row_entropy_q25": 1.5589617999010659,
    "subj_row_entropy_q50": 2.542514326091726,
    "subj_row_entropy_q75": 2.859462543540357,
    "subj_row_entropy_q90": 2.9911866157920506,
    "subj_row_entropy_q100": 3.416869350427884,
    "obj_row_entropy_q00": 0.0,
    "obj_row_entropy_q10": 0.6134580981422786,
    "obj_row_entropy_q25": 1.0986122886681096,
    "obj_row_entropy_q50": 2.124123964127656,
    "obj_row_entropy_q75": 2.709487830938584,
    "obj_row_entropy_q90": 3.0545847357293465,
    "obj_row_entropy_q100": 3.4319082742457057,
    "type_rel_spectrum_rate": NaN,
    "type_rel_spectrum_scale": NaN,
    "per_type_entropy_rate": NaN,
    "per_type_entropy_scale": NaN,
    "num_distinct_cs": 2370.0,
    "cs_freq_alpha": 2.656127929687499,
    "cs_freq_vmin": 1.0,
    "cs_freq_vmax": 156.0,
    "cs_size_q00": 1.0,
    "cs_size_q10": 1.0,
    "cs_size_q25": 2.0,
    "cs_size_q50": 3.0,
    "cs_size_q75": 6.0,
    "cs_size_q90": 7.0,
    "cs_size_q100": 20.0,
    "inv_num_distinct_cs": 1425.0,
    "inv_cs_freq_alpha": 2.2005615234374982,
    "inv_cs_freq_vmin": 1.0,
    "inv_cs_freq_vmax": 172.0,
    "inv_cs_size_q00": 1.0,
    "inv_cs_size_q10": 1.0,
    "inv_cs_size_q25": 1.0,
    "inv_cs_size_q50": 2.0,
    "inv_cs_size_q75": 3.0,
    "inv_cs_size_q90": 5.0,
    "inv_cs_size_q100": 25.0,
    "two_step_alpha": 1.2796181848385553,
    "two_step_vmin": 1.0,
    "two_step_vmax": 115200.0,
    "triangle_count": 17114.0,
    "four_cycle_count": 1611970.0,
    "five_cycle_count": 3542952.0,
    "six_cycle_count": 154107385.0,
    "diamond_count": 402169.0,
    "k4_count": 14534.0,
    "tailed_triangle_count": 5562969.0,
    "path_template_zipf_k2": NaN,
    "path_template_zipf_k3": 1.3888894852836837,
    "path_template_zipf_k4": 1.226333008907059,
    "path_template_zipf_k5": 1.2756343922719755,
    "path_template_zipf_k6": 1.1778066264628364,
    "path_template_zipf_k7": 1.16429796992474,
    "path_template_zipf_k8": 1.2019111690810158,
    "path_template_zipf_k9": 1.266827171585116,
    "path_template_zipf_k10": 1.3595336534342293,
    "path_template_entropy_k2": -0.0,
    "path_template_entropy_k3": 0.03568909115821943,
    "path_template_entropy_k4": 0.4938661064470151,
    "path_template_entropy_k5": 1.4314603257754976,
    "path_template_entropy_k6": 2.4577644935821663,
    "path_template_entropy_k7": 3.212898887856215,
    "path_template_entropy_k8": 4.152794028861427,
    "path_template_entropy_k9": 5.02353429139606,
    "path_template_entropy_k10": 5.875782512982806,
    "tree_template_zipf": 1.06203931649419,
    "tree_template_entropy": 0.1102540962790119,
    "num_components": 11.0,
    "largest_component_fraction": 0.9889526237518589,
    "clustering_coefficient": 0.1483488653157916,
    "degree_assortativity": -0.15474203536837075,
    "shortest_path_max": 7.0,
    "shortest_path_mean": 3.393,
    "shortest_path_var": 1.006551
  }
}