{
  "source": "/Users/cl/data/Cross_Platform_Work/Uni/tum/bpc/BPC-Data-Engeneering-Topic-2/data/graphs/fb237_v4/fb237_v4.nt",
  "features": {
    "num_entities": 4707.0,
    "num_relations": 219.0,
    "mean_degree": 7.205438708306777,
    "out_degree_alpha": 2.9347412109374993,
    "out_degree_xmin": 9.0,
    "in_degree_alpha": 2.421341102551051,
    "in_degree_xmin": 7.0,
    "relation_zipf_exponent": 1.7680436829983301,
    "relation_zipf_xmin": 32.0,
    "obj_mult_alpha_q00": 1.4,
    "obj_mult_alpha_q10": 1.899844859648167,
    "obj_mult_alpha_q25": 2.042402404683186,
    "obj_mult_alpha_q50": 2.358105468749999,
    "obj_mult_alpha_q75": 2.7114975926068117,
    "obj_mult_alpha_q90": 2.9277978515625,
    "obj_mult_alpha_q100": 3.0,
    "subj_mult_alpha_q00": 1.4,
    "subj_mult_alpha_q10": 1.7903708092635917,
    "subj_mult_alpha_q25": 1.984545839646417,
    "subj_mult_alpha_q50": 2.2634410984064735,
    "subj_mult_alpha_q75": 2.543847656249999,
    "subj_mult_alpha_q90": 2.804604492187499,
    "subj_mult_alpha_q100": 3.0,
    "a_obj": -0.07730813809316152,
    "a_subj": 0.0074311282397096475,
    "out_degree_max": 195.0,
    "out_degree_p90": 15.0,
    "in_degree_max": 1442.0,
    "in_degree_p90": 11.0,
    "class_size_alpha": NaN,
    "class_size_xmin": NaN,
    "num_classes": 0.0,
    "subj_cooc_rate": 0.2226471687969821,
    "subj_cooc_scale": 0.3639091255256871,
    "subj_cooc_density": 0.08984383144638353,
    "obj_cooc_rate": 0.18946948300383792,
    "obj_cooc_scale": 0.20012222459063977,
    "obj_cooc_density": 0.07166239236045954,
    "subj_row_entropy_q00": 0.0,
    "subj_row_entropy_q10": 0.8441614835042026,
    "subj_row_entropy_q25": 1.5589617999010659,
    "subj_row_entropy_q50": 2.542514326091726,
    "subj_row_entropy_q75": 2.859462543540357,
    "subj_row_entropy_q90": 2.9911866157920506,
    "subj_row_entropy_q100": 3.416869350427884,
    "obj_row_entropy_q00": 0.0,
    "obj_row_entropy_q10": 0.6134580981422786,
    "obj_row_entropy_q25": 1.0986122886681096,
    "obj_row_entropy_q50": 2.124123964127656,
    "obj_row_entropy_q75": 2.709487830938584,
    "obj_row_entropy_q90": 3.0545847357293465,
    "obj_row_entropy_q100": 3.4319082742457057,
    "type_rel_spectrum_rate": NaN,
    "type_rel_spectrum_scale": NaN,
    "per_type_entropy_rate": NaN,
    "per_type_entropy_scale": NaN,
    "num_distinct_cs": 2370.0,
    "cs_freq_alpha": 2.656127929687499,
    "cs_freq_vmin": 1.0,
    "cs_freq_vmax": 156.0,
    "cs_size_q00": 1.0,
    "cs_size_q10": 1.0,
    "cs_size_q25": 2.0,
    "cs_size_q50": 3.0,
    "cs_size_q75": 6.0,
    "cs_size_q90": 7.0,
    "cs_size_q100": 20.0,
    "inv_num_distinct_cs": 1425.0,
    "inv_cs_freq_alpha": 2.2005615234374982,
    "inv_cs_freq_vmin": 1.0,
    "inv_cs_freq_vmax": 172.0,
    "inv_cs_size_q00": 1.0,
    "inv_cs_size_q10": 1.0,
    "inv_cs_size_q25": 1.0,
    "inv_cs_size_q50": 2.0,
    "inv_cs_size_q75": 3.0,
    "inv_cs_size_q90": 5.0,
    "inv_cs_size_q100": 25.0,
    "two_step_alpha": 1.2796181848385553,
    "two_step_vmin": 1.0,
    "two_step_vmax": 115200.0,
    "triangle_count": 17114.0,
    "four_cycle_count": 1520129.0,
    "five_cycle_count": 3573855.0,
    "six_cycle_count": 165156712.0,
    "diamond_count": 413970.0,
    "k4_count": 14239.0,
    "tailed_triangle_count": 5533706.0,
    "path_template_zipf_k2": NaN,
    "path_template_zipf_k3": 1.3888894852836837,
    "path_template_zipf_k4": 1.2258814128661228,
    "path_template_zipf_k5": 1.2753936214292294,
    "path_template_zipf_k6": 1.1599446122642723,
    "path_template_zipf_k7": 1.1617764876307308,
    "path_template_zipf_k8": 1.2024310866796524,
    "path_template_zipf_k9": 1.2629300163275385,
    "path_template_zipf_k10": 1.3638134174552146,
    "path_template_entropy_k2": -0.0,
    "path_template_entropy_k3": 0.03568909115821943,
    "path_template_entropy_k4": 0.48960628265195766,
    "path_template_entropy_k5": 1.4248412673927984,
    "path_template_entropy_k6": 2.432293029549522,
    "path_template_entropy_k7": 3.2528849191717106,
    "path_template_entropy_k8": 4.173332122304041,
    "path_template_entropy_k9": 4.955772035746417,
    "path_template_entropy_k10": 5.821505169127543,
    "tree_template_zipf": 1.0620740950958183,
    "tree_template_entropy": 0.12775477893941334,
    "num_components": 11.0,
    "largest_component_fraction": 0.9889526237518589,
    "clustering_coefficient": 0.1483488653157913,
    "degree_assortativity": -0.15474203536837075,
    "shortest_path_max": 7.0,
    "shortest_path_mean": 3.398,
    "shortest_path_var": 1.0195960000000002
  }
}