{
  "_num_components": 2,
  "_largest_component_fraction": 0.9993916102450425,
  "_clustering_coefficient": 0.006961337895323371,
  "_degree_assortativity": -0.12300960807679949,
  "_shortest_path_skew": {
    "__sig_type__": "tuple",
    "data": [
      4.244811444415067,
      1.2228647267702164,
      -4.505295792567332,
      2.0,
      5.0
    ]
  },
  "_pair_dists_finite": {
    "__sig_type__": "ndarray",
    "dtype": "float64",
    "data": [
      4.0,
      2.0,
      4.0,
      4.0,
      4.0,
      4.0,
      3.0,
      4.0,
      2.0,
      2.0,
      3.0,
      4.0,
      4.0,
      4.0,
      3.0,
      4.0,
      3.0,
      3.0,
      4.0,
      3.0,
      2.0,
      3.0,
      4.0,
      4.0,
      4.0,
      3.0,
      4.0,
      3.0,
      2.0,
      2.0,
      3.0,
      2.0,
      3.0,
      3.0,
      3.0,
      3.0,
      4.0,
      3.0,
      3.0,
      3.0,
      3.0,
      2.0,
      4.0,
      3.0,
      3.0,
      4.0,
      4.0,
      4.0,
      2.0,
      3.0,
      4.0,
      3.0,
      2.0,
      4.0,
      2.0,
      3.0,
      2.0,
      3.0,
      3.0,
      2.0,
      4.0,
      4.0,
      3.0,
      4.0,
      4.0,
      3.0,
      4.0,
      3.0,
      2.0,
      4.0,
      4.0,
      4.0,
      3.0,
      2.0,
      4.0,
      2.0,
      3.0,
      4.0,
      3.0,
      4.0,
      4.0,
      3.0,
      4.0,
      3.0,
      2.0,
      4.0,
      4.0,
      3.0,
      4.0,
      4.0,
      3.0,
      3.0,
      4.0,
      4.0,
      3.0,
      4.0,
      3.0,
      3.0,
      3.0,
      3.0,
      4.0,
      4.0,
      4.0,
      2.0,
      3.0,
      4.0,
      3.0,
      4.0,
      4.0,
      4.0,
      3.0,
      3.0,
      4.0,
      5.0,
      3.0,
      3.0,
      3.0,
      4.0,
      3.0,
      3.0,
      2.0,
      3.0,
      5.0,
      2.0,
      4.0,
      4.0,
      3.0,
      4.0,
      2.0,
      4.0,
      3.0,
      2.0,
      2.0,
      2.0,
      4.0,
      4.0,
      4.0,
      3.0,
      2.0,
      3.0,
      4.0,
      2.0,
      3.0,
      3.0,
      3.0,
      4.0,
      3.0,
      4.0,
      4.0,
      4.0,
      4.0,
      2.0,
      4.0,
      3.0,
      3.0,
      4.0,
      3.0,
      4.0,
      3.0,
      4.0,
      4.0,
      4.0,
      4.0,
      3.0,
      2.0,
      3.0,
      3.0,
      4.0,
      3.0,
      3.0,
      4.0,
      4.0,
      3.0,
      4.0,
      4.0,
      3.0,
      2.0,
      3.0,
      5.0,
      3.0,
      3.0,
      4.0,
      3.0,
      4.0,
      3.0,
      3.0,
      2.0,
      2.0,
      2.0,
      3.0,
      2.0,
      4.0,
      2.0,
      4.0,
      3.0,
      4.0,
      2.0,
      4.0,
      4.0,
      4.0,
      4.0,
      4.0,
      3.0,
      2.0,
      2.0,
      3.0,
      5.0,
      4.0,
      2.0,
      4.0,
      3.0,
      4.0,
      3.0,
      4.0,
      4.0,
      3.0,
      3.0,
      5.0,
      3.0,
      4.0,
      2.0,
      3.0,
      4.0,
      3.0,
      4.0,
      4.0,
      3.0,
      3.0,
      2.0,
      3.0,
      4.0,
      5.0,
      3.0,
      4.0,
      3.0,
      4.0,
      3.0,
      4.0,
      2.0,
      4.0,
      2.0,
      4.0,
      4.0,
      4.0,
      4.0,
      3.0,
      2.0,
      4.0,
      3.0,
      4.0,
      3.0,
      4.0,
      2.0,
      4.0,
      2.0,
      2.0,
      4.0,
      2.0,
      2.0,
      3.0,
      3.0,
      4.0,
      4.0,
      4.0,
      3.0,
      3.0,
      3.0,
      3.0,
      4.0,
      3.0,
      4.0,
      3.0,
      3.0,
      4.0,
      4.0,
      4.0,
      3.0,
      4.0,
      2.0,
      3.0,
      3.0,
      2.0,
      3.0,
      4.0,
      3.0,
      4.0,
      4.0,
      4.0,
      2.0,
      3.0,
      3.0,
      4.0,
      3.0,
      3.0,
      3.0,
      3.0,
      3.0,
      4.0,
      2.0,
      2.0,
      4.0,
      4.0,
      3.0,
      4.0,
      2.0,
      4.0,
      3.0,
      3.0,
      3.0,
      3.0,
      2.0,
      4.0,
      3.0,
      3.0,
      4.0,
      2.0,
      4.0,
      4.0,
      3.0,
      4.0,
      2.0,
      3.0,
      3.0,
      4.0,
      4.0,
      2.0,
      3.0,
      3.0,
      4.0,
      4.0,
      3.0,
      4.0,
      3.0,
      4.0,
      3.0,
      4.0,
      4.0,
      3.0,
      3.0,
      3.0,
      4.0,
      3.0,
      3.0,
      3.0,
      3.0,
      4.0,
      4.0,
      4.0,
      4.0,
      2.0,
      2.0,
      2.0,
      4.0,
      3.0,
      4.0,
      4.0,
      3.0,
      3.0,
      4.0,
      4.0,
      3.0,
      3.0,
      2.0,
      4.0,
      3.0,
      3.0,
      4.0,
      4.0,
      3.0,
      3.0,
      4.0,
      4.0,
      2.0,
      3.0,
      4.0,
      4.0,
      4.0,
      4.0,
      4.0,
      2.0,
      4.0,
      3.0,
      4.0,
      3.0,
      4.0,
      2.0,
      4.0,
      4.0,
      4.0,
      3.0,
      3.0,
      4.0,
      4.0,
      4.0,
      3.0,
      4.0,
      3.0,
      4.0,
      3.0,
      3.0,
      4.0,
      4.0,
      3.0,
      3.0,
      4.0,
      3.0,
      2.0,
      4.0,
      4.0,
      4.0,
      3.0,
      3.0,
      4.0,
      3.0,
      3.0,
      4.0,
      4.0,
      3.0,
      4.0,
      4.0,
      4.0,
      4.0,
      4.0,
      2.0,
      2.0,
      3.0,
      4.0,
      4.0,
      4.0,
      5.0,
      2.0,
      4.0,
      3.0,
      3.0,
      2.0,
      3.0,
      3.0,
      3.0,
      3.0,
      3.0,
      4.0,
      2.0,
      4.0,
      3.0,
      3.0,
      2.0,
      3.0,
      4.0,
      2.0,
      3.0,
      3.0,
      3.0,
      3.0,
      3.0,
      2.0,
      4.0,
      3.0,
      3.0,
      3.0,
      3.0,
      4.0,
      3.0,
      3.0,
      2.0,
      3.0,
      3.0,
      2.0,
      2.0,
      3.0,
      3.0,
      4.0,
      4.0,
      3.0,
      3.0,
      3.0,
      4.0,
      3.0,
      4.0,
      4.0,
      3.0,
      2.0,
      4.0,
      2.0,
      4.0,
      3.0,
      4.0,
      3.0,
      4.0,
      4.0,
      4.0,
      4.0,
      3.0,
      4.0,
      4.0,
      3.0,
      3.0,
      3.0,
      3.0,
      4.0,
      4.0,
      3.0,
      2.0,
      4.0,
      3.0,
      2.0,
      4.0,
      3.0,
      3.0,
      3.0,
      3.0,
      3.0,
      3.0,
      4.0,
      3.0,
      3.0,
      3.0,
      4.0,
      3.0,
      3.0,
      3.0,
      4.0,
      2.0,
      3.0,
      4.0,
      3.0,
      3.0,
      4.0,
      3.0,
      4.0,
      4.0,
      3.0,
      3.0,
      3.0,
      2.0,
      4.0,
      4.0,
      3.0,
      4.0,
      4.0,
      4.0,
      3.0,
      3.0,
      3.0,
      2.0,
      5.0,
      3.0,
      4.0,
      4.0,
      2.0,
      2.0,
      2.0,
      3.0,
      3.0,
      4.0,
      4.0,
      3.0,
      4.0,
      4.0,
      4.0,
      5.0,
      2.0,
      3.0,
      2.0,
      3.0,
      4.0,
      3.0,
      3.0,
      2.0,
      3.0,
      4.0,
      3.0,
      3.0,
      4.0,
      4.0,
      4.0,
      2.0,
      4.0,
      4.0,
      4.0,
      2.0,
      3.0,
      4.0,
      2.0,
      2.0,
      3.0,
      3.0,
      4.0,
      3.0,
      4.0,
      4.0,
      4.0,
      4.0,
      4.0,
      4.0,
      2.0,
      3.0,
      4.0,
      4.0,
      5.0,
      4.0,
      3.0,
      4.0,
      4.0,
      2.0,
      4.0,
      4.0,
      3.0,
      2.0,
      3.0,
      3.0,
      4.0,
      3.0,
      4.0,
      4.0,
      4.0,
      3.0,
      4.0,
      3.0,
      4.0,
      3.0,
      3.0,
      4.0,
      3.0,
      4.0,
      4.0,
      3.0,
      3.0,
      4.0,
      4.0,
      3.0,
      4.0,
      4.0,
      2.0,
      4.0,
      3.0,
      3.0,
      3.0,
      3.0,
      4.0,
      4.0,
      4.0,
      3.0,
      3.0,
      4.0,
      3.0,
      3.0,
      2.0,
      2.0,
      4.0,
      4.0,
      3.0,
      3.0,
      2.0,
      3.0,
      4.0,
      2.0,
      4.0,
      4.0,
      4.0,
      3.0,
      3.0,
      3.0,
      3.0,
      3.0,
      3.0,
      4.0,
      3.0,
      4.0,
      4.0,
      3.0,
      5.0,
      2.0,
      3.0,
      4.0,
      3.0,
      4.0,
      3.0,
      3.0,
      2.0,
      4.0,
      4.0,
      3.0,
      4.0,
      4.0,
      3.0,
      2.0,
