{
  "source": "/Users/cl/data/Cross_Platform_Work/Uni/tum/bpc/BPC-Data-Engeneering-Topic-2/graphs/data/lubm/raw/59410577.ttl",
  "features": {
    "num_entities": 664048.0,
    "num_relations": 18.0,
    "mean_degree": 4.0491786738308075,
    "out_degree_alpha": 1.814785150992802,
    "out_degree_xmin": 2.0,
    "in_degree_alpha": 1.9434804936611547,
    "in_degree_xmin": 5519.0,
    "relation_zipf_exponent": 1.4237113794063159,
    "relation_zipf_xmin": 6434.0,
    "obj_mult_alpha_loc": NaN,
    "obj_mult_alpha_scale": NaN,
    "obj_mult_alpha_shape": NaN,
    "obj_mult_alpha_lo": NaN,
    "obj_mult_alpha_hi": NaN,
    "subj_mult_alpha_loc": 3.000001032349661,
    "subj_mult_alpha_scale": 0.5935618207069697,
    "subj_mult_alpha_shape": -3026271.2531221835,
    "subj_mult_alpha_lo": 1.4,
    "subj_mult_alpha_hi": 3.0,
    "a_obj": 0.01594402931946762,
    "a_subj": 1.2728147387786521,
    "class_size_alpha": NaN,
    "class_size_xmin": NaN,
    "num_classes": 0.0,
    "subj_cooc_rate": 0.7623477232124358,
    "subj_cooc_scale": 779706.8932100089,
    "subj_cooc_density": 0.5864197530864198,
    "obj_cooc_rate": 0.9303520148837452,
    "obj_cooc_scale": 271014.2342923574,
    "obj_cooc_density": 0.15432098765432098,
    "subj_row_entropy_loc": 2.4495687012941127,
    "subj_row_entropy_scale": 0.6854188979635041,
    "subj_row_entropy_shape": -9827839.398308799,
    "subj_row_entropy_lo": 0.6931471805599453,
    "subj_row_entropy_hi": 2.44956836733211,
    "obj_row_entropy_loc": 1.529370192340762,
    "obj_row_entropy_scale": 0.9781116827301373,
    "obj_row_entropy_shape": -18020772.102825947,
    "obj_row_entropy_lo": -0.0,
    "obj_row_entropy_hi": 1.5293699371162248,
    "type_rel_spectrum_rate": NaN,
    "type_rel_spectrum_scale": NaN,
    "per_type_entropy_rate": NaN,
    "per_type_entropy_scale": NaN,
    "num_distinct_cs": 13.0,
    "cs_freq_alpha": 1.3466960526118967,
    "cs_freq_xmin": 402.0,
    "cs_size_loc": 1.8034361969156243,
    "cs_size_scale": 3.8183538435196915,
    "cs_size_shape": 17.783886431539123,
    "cs_size_lo": 1.0,
    "cs_size_hi": 11.0,
    "inv_cs_size_loc": 0.9999999151330814,
    "inv_cs_size_scale": 0.5424082244644852,
    "inv_cs_size_shape": 38240473.10500299,
    "inv_cs_size_lo": 1.0,
    "inv_cs_size_hi": 4.0,
    "two_step_alpha": 1.000001264621226,
    "two_step_vmin": 267.0,
    "two_step_vmax": 581129.0,
    "num_components": 2.0,
    "largest_component_fraction": 0.9993916102450425,
    "clustering_coefficient": 0.006961337895323371,
    "degree_assortativity": -0.12300960807679949,
    "shortest_path_loc": 4.244811444415067,
    "shortest_path_scale": 1.2228647267702164,
    "shortest_path_shape": -4.505295792567332,
    "shortest_path_lo": 2.0,
    "shortest_path_hi": 5.0
  }
}