{
  "_num_components": 11,
  "_largest_component_fraction": 0.9889526237518589,
  "_clustering_coefficient": 0.14834886531579183,
  "_degree_assortativity": -0.15474203536837075,
  "_shortest_path_skew": {
    "__sig_type__": "tuple",
    "data": [
      2.320177293517589,
      1.4209898817666988,
      2.3918035957783648,
      1.0,
      7.0
    ]
  },
  "_pair_dists_finite": {
    "__sig_type__": "ndarray",
    "dtype": "float64",
    "data": [
      4.0,
      3.0,
      5.0,
      4.0,
      3.0,
      4.0,
      2.0,
      3.0,
      3.0,
      2.0,
      4.0,
      4.0,
      2.0,
      3.0,
      3.0,
      2.0,
      4.0,
      2.0,
      4.0,
      2.0,
      4.0,
      4.0,
      4.0,
      3.0,
      6.0,
      3.0,
      4.0,
      2.0,
      4.0,
      4.0,
      2.0,
      2.0,
      3.0,
      3.0,
      5.0,
      4.0,
      4.0,
      4.0,
      4.0,
      4.0,
      3.0,
      4.0,
      4.0,
      3.0,
      3.0,
      3.0,
      3.0,
      3.0,
      4.0,
      4.0,
      3.0,
      4.0,
      4.0,
      5.0,
      3.0,
      3.0,
      3.0,
      3.0,
      4.0,
      3.0,
      3.0,
      3.0,
      3.0,
      5.0,
      3.0,
      3.0,
      4.0,
      3.0,
      3.0,
      3.0,
      4.0,
      3.0,
      3.0,
      2.0,
      4.0,
      2.0,
      3.0,
      3.0,
      4.0,
      4.0,
      5.0,
      3.0,
      4.0,
      2.0,
      3.0,
      3.0,
      2.0,
      4.0,
      3.0,
      4.0,
      2.0,
      3.0,
      5.0,
      3.0,
      4.0,
      4.0,
      3.0,
      5.0,
      4.0,
      3.0,
      4.0,
      1.0,
      5.0,
      3.0,
      2.0,
      5.0,
      3.0,
      4.0,
      4.0,
      5.0,
      3.0,
      3.0,
      2.0,
      4.0,
      4.0,
      3.0,
      4.0,
      2.0,
      5.0,
      3.0,
      3.0,
      4.0,
      3.0,
      4.0,
      4.0,
      3.0,
      4.0,
      4.0,
      3.0,
      3.0,
      3.0,
      2.0,
      3.0,
      3.0,
      3.0,
      3.0,
      5.0,
      3.0,
      3.0,
      2.0,
      4.0,
      5.0,
      4.0,
      3.0,
      4.0,
      4.0,
      5.0,
      4.0,
      4.0,
      3.0,
      3.0,
      3.0,
      5.0,
      2.0,
      4.0,
      3.0,
      3.0,
      4.0,
      2.0,
      3.0,
      5.0,
      5.0,
      3.0,
      4.0,
      4.0,
      5.0,
      3.0,
      4.0,
      5.0,
      3.0,
      2.0,
      2.0,
      3.0,
      3.0,
      3.0,
      5.0,
      5.0,
      4.0,
      5.0,
      3.0,
      4.0,
      2.0,
      4.0,
      3.0,
      3.0,
      3.0,
      3.0,
      2.0,
      3.0,
      2.0,
      4.0,
      3.0,
      3.0,
      2.0,
      2.0,
      4.0,
      4.0,
      3.0,
      6.0,
      3.0,
      4.0,
      4.0,
      5.0,
      5.0,
      3.0,
      4.0,
      3.0,
      5.0,
      5.0,
      3.0,
      2.0,
      5.0,
      3.0,
      5.0,
      3.0,
      2.0,
      4.0,
      4.0,
      4.0,
      3.0,
      3.0,
      3.0,
      4.0,
      3.0,
      5.0,
      3.0,
      4.0,
      4.0,
      3.0,
      3.0,
      4.0,
      5.0,
      4.0,
      3.0,
      3.0,
      3.0,
      2.0,
      2.0,
      4.0,
      3.0,
      4.0,
      3.0,
      3.0,
      3.0,
      5.0,
      4.0,
      5.0,
      3.0,
      3.0,
      3.0,
      3.0,
      3.0,
      2.0,
      4.0,
      2.0,
      4.0,
      4.0,
      4.0,
      3.0,
      4.0,
      3.0,
      5.0,
      3.0,
      5.0,
      6.0,
      5.0,
      3.0,
      3.0,
      3.0,
      4.0,
      3.0,
      3.0,
      3.0,
      2.0,
      3.0,
      3.0,
      2.0,
      2.0,
      2.0,
      4.0,
      3.0,
      3.0,
      3.0,
      5.0,
      3.0,
      4.0,
      2.0,
      3.0,
      2.0,
      3.0,
      3.0,
      3.0,
      4.0,
      4.0,
      4.0,
      2.0,
      4.0,
      5.0,
      4.0,
      3.0,
      3.0,
      4.0,
      3.0,
      3.0,
      3.0,
      3.0,
      2.0,
      4.0,
      4.0,
      3.0,
      4.0,
      3.0,
      2.0,
      3.0,
      3.0,
      4.0,
      2.0,
      2.0,
      6.0,
      3.0,
      2.0,
      3.0,
      3.0,
      5.0,
      3.0,
      4.0,
      5.0,
      6.0,
      3.0,
      3.0,
      4.0,
      5.0,
      3.0,
      4.0,
      3.0,
      5.0,
      5.0,
      4.0,
      5.0,
      4.0,
      2.0,
      3.0,
      3.0,
      4.0,
      3.0,
      6.0,
      5.0,
      5.0,
      2.0,
      3.0,
      3.0,
      2.0,
      3.0,
      3.0,
      3.0,
      3.0,
      4.0,
      6.0,
      3.0,
      2.0,
      4.0,
      3.0,
      3.0,
      3.0,
      2.0,
      3.0,
      5.0,
      5.0,
      3.0,
      3.0,
      4.0,
      3.0,
      3.0,
      3.0,
      5.0,
      5.0,
      4.0,
      4.0,
      3.0,
      3.0,
      4.0,
      3.0,
      4.0,
      4.0,
      5.0,
      3.0,
      3.0,
      3.0,
      5.0,
      3.0,
      4.0,
      2.0,
      6.0,
      2.0,
      4.0,
      4.0,
      3.0,
      2.0,
      3.0,
      4.0,
      3.0,
      2.0,
      4.0,
      4.0,
      3.0,
      3.0,
      3.0,
      3.0,
      3.0,
      2.0,
      3.0,
      3.0,
      3.0,
      3.0,
      2.0,
      5.0,
      3.0,
      4.0,
      3.0,
      4.0,
      5.0,
      4.0,
      4.0,
      4.0,
      4.0,
      3.0,
      5.0,
      2.0,
      3.0,
      3.0,
      3.0,
      3.0,
      3.0,
      2.0,
      2.0,
      3.0,
      3.0,
      3.0,
      2.0,
      5.0,
      4.0,
      2.0,
      3.0,
      2.0,
      4.0,
      3.0,
      4.0,
      4.0,
      3.0,
      3.0,
      4.0,
      1.0,
      4.0,
      3.0,
      3.0,
      4.0,
      4.0,
      4.0,
      4.0,
      2.0,
      4.0,
      3.0,
      5.0,
      3.0,
      2.0,
      3.0,
      3.0,
      2.0,
      3.0,
      4.0,
      5.0,
      2.0,
      4.0,
      3.0,
      4.0,
      3.0,
      3.0,
      4.0,
      4.0,
      2.0,
      3.0,
      4.0,
      5.0,
      3.0,
      4.0,
      5.0,
      4.0,
      2.0,
      3.0,
      3.0,
      3.0,
      5.0,
      2.0,
      3.0,
      6.0,
      3.0,
      2.0,
      2.0,
      3.0,
      4.0,
      4.0,
      3.0,
      3.0,
      4.0,
      2.0,
      2.0,
      3.0,
      3.0,
      3.0,
      2.0,
      4.0,
      2.0,
      5.0,
      5.0,
      3.0,
      4.0,
      4.0,
      4.0,
      3.0,
      3.0,
      4.0,
      3.0,
      4.0,
      4.0,
      5.0,
      3.0,
      4.0,
      5.0,
      4.0,
      5.0,
      3.0,
      5.0,
      4.0,
      3.0,
      5.0,
      3.0,
      3.0,
      4.0,
      4.0,
      4.0,
      2.0,
      2.0,
      2.0,
      3.0,
      3.0,
      2.0,
      5.0,
      3.0,
      3.0,
      3.0,
      5.0,
      3.0,
      4.0,
      2.0,
      5.0,
      3.0,
      3.0,
      3.0,
      5.0,
      5.0,
      3.0,
      2.0,
      3.0,
      4.0,
      3.0,
      3.0,
      3.0,
      5.0,
      3.0,
      7.0,
      3.0,
      4.0,
      3.0,
      3.0,
      3.0,
      3.0,
      3.0,
      3.0,
      3.0,
      5.0,
      4.0,
      3.0,
      2.0,
      3.0,
      5.0,
      4.0,
      4.0,
      3.0,
      4.0,
      2.0,
      3.0,
      2.0,
      4.0,
      3.0,
      2.0,
      2.0,
      4.0,
      3.0,
      3.0,
      3.0,
      3.0,
      2.0,
      3.0,
      3.0,
      4.0,
      4.0,
      3.0,
      3.0,
      4.0,
      4.0,
      3.0,
      3.0,
      4.0,
      3.0,
      3.0,
      2.0,
      5.0,
      3.0,
      3.0,
      4.0,
      3.0,
      3.0,
      3.0,
      5.0,
      2.0,
      4.0,
      4.0,
      3.0,
      3.0,
      4.0,
      2.0,
      2.0,
      4.0,
      3.0,
      3.0,
      4.0,
      2.0,
      4.0,
      4.0,
      2.0,
      3.0,
      3.0,
      4.0,
      4.0,
      3.0,
      2.0,
      3.0,
      3.0,
      5.0,
      3.0,
      3.0,
      4.0,
      2.0,
      2.0,
      4.0,
      3.0,
      3.0,
      3.0,
      5.0,
      2.0,
      5.0,
      2.0,
      3.0,
      2.0,
      4.0,
      3.0,
      3.0,
      5.0,
      5.0,
      3.0,
      3.0,
      3.0,
      4.0,
      3.0,
      3.0,
      2.0,
      3.0,
      3.0,
      4.0,
      4.0,
      3.0,
      4.0,
      2.0,
      4.0,
      4.0,
      4.0,
