{
  "_triangle_count": 18607,
  "_four_cycle_count": 1666427,
  "_five_cycle_count": 4916083,
  "_six_cycle_count": 170977548,
  "_diamond_count": 362267,
  "_k4_count": 18044,
  "_tailed_triangle_count": 5444826,
  "_star_counts": {
    "__sig_type__": "dict",
    "items": [
      [
        2,
        2954522
      ],
      [
        3,
        689098852
      ],
      [
        4,
        153583761519
      ],
      [
        5,
        29339550593706
      ],
      [
        6,
        4972256902552735
      ],
      [
        7,
        644119642679367680
      ],
      [
        8,
        86693408314855374848
      ],
      [
        9,
        9062570809663228477440
      ],
      [
        10,
        915991133691660776505344
      ]
    ]
  },
  "_path_template_zipf": {
    "__sig_type__": "dict",
    "items": [
      [
        2,
        NaN
      ],
      [
        3,
        1.3476986206035586
      ],
      [
        4,
        1.2368722620836747
      ],
      [
        5,
        1.2411117807289285
      ],
      [
        6,
        1.2574608565207708
      ],
      [
        7,
        1.3653886887566486
      ],
      [
        8,
        1.560732918872654
      ],
      [
        9,
        1.7303618613164375
      ],
      [
        10,
        1.8042438881107643
      ]
    ]
  },
  "_path_template_entropy": {
    "__sig_type__": "dict",
    "items": [
      [
        2,
        -0.0
      ],
      [
        3,
        0.021382352734922977
      ],
      [
        4,
        0.4977611451337463
      ],
      [
        5,
        1.419358158180192
      ],
      [
        6,
        2.4472975647898894
      ],
      [
        7,
        3.2590251273949176
      ],
      [
        8,
        4.0050059950200065
      ],
      [
        9,
        5.169106787277899
      ],
      [
        10,
        6.0256367171611505
      ]
    ]
  },
  "_tree_template_zipf": 1.1049021988747543,
  "_tree_template_entropy": 2.559499808214231
}