{
  "_num_entities": 4707,
  "_num_triples": 33916,
  "_num_relations": 219,
  "_density": 0.0015307921623766256,
  "_triples_per_entity": 7.205438708306777,
  "_relation_reuse": 154.8675799086758
}