{
  "source": "/Users/cl/data/Cross_Platform_Work/Uni/tum/bpc/BPC-Data-Engeneering-Topic-2/graphs/data/raw/59621618.nt",
  "features": {
    "num_entities": 4707.0,
    "num_triples": 33916.0,
    "num_relations": 219.0,
    "density": 0.0015307921623766256,
    "triples_per_entity": 7.205438708306777,
    "relation_reuse": 154.8675799086758,
    "out_degree_alpha": 2.9347412109374993,
    "out_degree_ks": 0.04761097344543802,
    "in_degree_alpha": 2.421341102551051,
    "in_degree_ks": 0.02513893983617177,
    "obj_multiplicity_alpha_mean": 2.372995403865439,
    "obj_multiplicity_alpha_std": 0.39565443914616233,
    "obj_multiplicity_alpha_median": 2.358105468749999,
    "obj_multiplicity_ks_mean": 0.13235946011025038,
    "obj_multiplicity_ks_std": 0.08822160919255796,
    "obj_multiplicity_ks_median": 0.10218463515411957,
    "subj_multiplicity_alpha_mean": 2.2911444528658778,
    "subj_multiplicity_alpha_std": 0.3757792454451747,
    "subj_multiplicity_alpha_median": 2.2634410984064735,
    "subj_multiplicity_ks_mean": 0.11619637569773192,
    "subj_multiplicity_ks_std": 0.07299283674459649,
    "subj_multiplicity_ks_median": 0.10062782556448299,
    "functionality_mean": 0.643611486115288,
    "functionality_std": 0.340878387246348,
    "functionality_median": 0.7333333333333333,
    "inverse_functionality_mean": 0.46929925649182824,
    "inverse_functionality_std": 0.3575372572513555,
    "inverse_functionality_median": 0.5,
    "subj_singular_value_01": 3242.823158426171,
    "subj_singular_value_02": 1901.4228377911152,
    "subj_singular_value_03": 730.6009685450658,
    "subj_singular_value_04": 562.1506206520842,
    "subj_singular_value_05": 459.9655294242667,
    "subj_singular_value_06": 447.8339261780264,
    "subj_singular_value_07": 443.8375949706147,
    "subj_singular_value_08": 368.85535412572307,
    "subj_singular_value_09": 351.19096844060203,
    "subj_singular_value_10": 322.9394380592603,
    "subj_cooc_density": 0.08984383144638353,
    "subj_row_entropy_mean": 2.165542223058749,
    "subj_row_entropy_std": 0.8598782896153889,
    "obj_singular_value_01": 1284.801190763321,
    "obj_singular_value_02": 1148.1773760712438,
    "obj_singular_value_03": 523.5409704258445,
    "obj_singular_value_04": 384.97694184267607,
    "obj_singular_value_05": 321.2757124699068,
    "obj_singular_value_06": 299.6280353930743,
    "obj_singular_value_07": 270.86509850057996,
    "obj_singular_value_08": 263.09179911797315,
    "obj_singular_value_09": 236.29850976981484,
    "obj_singular_value_10": 226.22126006521225,
    "obj_cooc_density": 0.07166239236045954,
    "obj_row_entropy_mean": 1.9360175523550893,
    "obj_row_entropy_std": 0.9736107252561402,
    "num_classes": 0.0,
    "class_size_zipf_exponent": NaN,
    "mean_type_relation_entropy": 0.0,
    "num_distinct_cs": 2370.0,
    "cs_freq_alpha": 2.658325195312499,
    "cs_freq_ks": 0.032550845831056496,
    "cs_size_mean": 3.97973917093619,
    "cs_size_median": 3.0,
    "cs_size_p90": 7.0,
    "inv_num_distinct_cs": 1425.0,
    "inv_cs_freq_alpha": 2.035307078958995,
    "inv_cs_freq_ks": 0.02369543977793853,
    "inv_cs_size_mean": 2.5927796011108306,
    "inv_cs_size_median": 2.0,
    "inv_cs_size_p90": 5.0,
    "pair_freq_top_01": 0.011044585246759286,
    "pair_freq_top_02": 0.008079986048944951,
    "pair_freq_top_03": 0.008041233118254568,
    "pair_freq_top_04": 0.007188668643066132,
    "pair_freq_top_05": 0.007130539247030557,
    "pair_freq_top_06": 0.007091786316340173,
    "pair_freq_top_07": 0.007014280454959406,
    "pair_freq_top_08": 0.006801139336162297,
    "pair_freq_top_09": 0.006762386405471913,
    "pair_freq_top_10": 0.006200468910461354,
    "pair_freq_top_11": 0.006181092445116162,
    "pair_freq_top_12": 0.005909821930283478,
    "pair_freq_top_13": 0.005909821930283478,
    "pair_freq_top_14": 0.0058323160689027105,
    "pair_freq_top_15": 0.005619174950105602,
    "pair_freq_top_16": 0.005270398573892151,
    "pair_freq_top_17": 0.005231645643201767,
    "pair_freq_top_18": 0.005154139781821001,
    "pair_freq_top_19": 0.005134763316475809,
    "pair_freq_top_20": 0.004960375128369083,
    "pair_freq_alpha": 2.2521873526435794,
    "pair_freq_ks": 0.039962011109252904,
    "triangle_count": 18607.0,
    "four_cycle_count": 1666427.0,
    "five_cycle_count": 4916083.0,
    "six_cycle_count": 170977548.0,
    "diamond_count": 362267.0,
    "k4_count": 18044.0,
    "tailed_triangle_count": 5444826.0,
    "star_count_k2": 2954522.0,
    "star_count_k3": 689098852.0,
    "star_count_k4": 153583761519.0,
    "star_count_k5": 29339550593706.0,
    "star_count_k6": 4972256902552735.0,
    "star_count_k7": 6.441196426793677e+17,
    "star_count_k8": 8.669340831485537e+19,
    "star_count_k9": 9.062570809663228e+21,
    "star_count_k10": 9.159911336916608e+23,
    "path_template_zipf_k2": NaN,
    "path_template_zipf_k3": 1.3476986206035586,
    "path_template_zipf_k4": 1.2368722620836747,
    "path_template_zipf_k5": 1.2411117807289285,
    "path_template_zipf_k6": 1.2574608565207708,
    "path_template_zipf_k7": 1.3653886887566486,
    "path_template_zipf_k8": 1.560732918872654,
    "path_template_zipf_k9": 1.7303618613164375,
    "path_template_zipf_k10": 1.8042438881107643,
    "path_template_entropy_k2": -0.0,
    "path_template_entropy_k3": 0.021382352734922977,
    "path_template_entropy_k4": 0.4977611451337463,
    "path_template_entropy_k5": 1.419358158180192,
    "path_template_entropy_k6": 2.4472975647898894,
    "path_template_entropy_k7": 3.2590251273949176,
    "path_template_entropy_k8": 4.0050059950200065,
    "path_template_entropy_k9": 5.169106787277899,
    "path_template_entropy_k10": 6.0256367171611505,
    "tree_template_zipf": 1.1049021988747543,
    "tree_template_entropy": 2.559499808214231,
    "num_components": 11.0,
    "largest_component_fraction": 0.9889526237518589,
    "avg_shortest_path_length": 3.357,
    "avg_shortest_path_length_se": 0.031161854492373527,
    "clustering_coefficient": 0.14834886531579158,
    "degree_assortativity": -0.15474203536837075
  }
}