{
  "block_e_estimated": true,
  "per_feature_relative_error": {
    "num_entities": 0.0,
    "num_relations": 0.3333333333333333,
    "mean_degree": 0.0,
    "type_edge_frac": 0.0,
    "out_degree_alpha": 0.04108672603297575,
    "out_degree_xmin": 0.0,
    "in_degree_alpha": 0.012706483835625936,
    "in_degree_xmin": 0.0,
    "rel_freq_logq_q00": 0.5241879678559637,
    "rel_freq_logq_q10": 0.4600821172384989,
    "rel_freq_logq_q25": 0.4501161932704404,
    "rel_freq_logq_q50": 0.21007837564932746,
    "rel_freq_logq_q75": 0.431278809492272,
    "rel_freq_logq_q90": 0.1435025580206879,
    "rel_freq_logq_q100": 0.029060451313817872,
    "obj_mult_alpha_q00": NaN,
    "obj_mult_alpha_q10": NaN,
    "obj_mult_alpha_q25": NaN,
    "obj_mult_alpha_q50": NaN,
    "obj_mult_alpha_q75": NaN,
    "obj_mult_alpha_q90": NaN,
    "obj_mult_alpha_q100": NaN,
    "subj_mult_alpha_q00": NaN,
    "subj_mult_alpha_q10": NaN,
    "subj_mult_alpha_q25": NaN,
    "subj_mult_alpha_q50": NaN,
    "subj_mult_alpha_q75": NaN,
    "subj_mult_alpha_q90": NaN,
    "subj_mult_alpha_q100": NaN,
    "obj_mult_max": 0.45,
    "subj_mult_max": 0.15254237288135594,
    "a_obj": 0.882266396802779,
    "a_subj": 0.512199698307121,
    "out_degree_max": 0.15384615384615385,
    "out_degree_p90": 0.2,
    "in_degree_max": 0.046875,
    "in_degree_p90": 0.0,
    "subject_frac": 0.0,
    "object_frac": 0.002592016588906106,
    "recip_symmetric_frac_bin0": NaN,
    "recip_symmetric_frac_bin1": NaN,
    "recip_symmetric_frac_bin2": NaN,
    "recip_symmetric_frac_bin3": 1.0,
    "recip_symmetric_frac_bin4": 0.0,
    "recip_symmetric_frac_bin5": 1.0,
    "recip_symmetric_value": NaN,
    "class_size_alpha": NaN,
    "class_size_xmin": NaN,
    "num_classes": 0.0,
    "subj_cooc_rate": 0.04267291783915683,
    "subj_cooc_scale": 0.27134796430446806,
    "subj_cooc_density": 0.42105263157894735,
    "obj_cooc_rate": 0.14261614477030474,
    "obj_cooc_scale": 0.052849872198211335,
    "obj_cooc_density": 0.3604651162790697,
    "edge_multiplicity": 0.0004070418235471969,
    "bidirectional_ratio": 0.30828870851013923,
    "subj_row_entropy_q00": NaN,
    "subj_row_entropy_q10": NaN,
    "subj_row_entropy_q25": NaN,
    "subj_row_entropy_q50": NaN,
    "subj_row_entropy_q75": NaN,
    "subj_row_entropy_q90": NaN,
    "subj_row_entropy_q100": NaN,
    "obj_row_entropy_q00": NaN,
    "obj_row_entropy_q10": NaN,
    "obj_row_entropy_q25": NaN,
    "obj_row_entropy_q50": NaN,
    "obj_row_entropy_q75": NaN,
    "obj_row_entropy_q90": NaN,
    "obj_row_entropy_q100": NaN,
    "type_rel_spectrum_rate": NaN,
    "type_rel_spectrum_scale": NaN,
    "per_type_entropy_rate": NaN,
    "per_type_entropy_scale": NaN,
    "num_distinct_cs": 0.46511627906976744,
    "cs_freq_alpha": 0.15721721096458452,
    "cs_freq_vmin": 1.0,
    "cs_freq_vmax": 0.13287514318442153,
    "cs_size_q00": 0.0,
    "cs_size_q10": 0.0,
    "cs_size_q25": 0.0,
    "cs_size_q50": 0.5,
    "cs_size_q75": 0.0,
    "cs_size_q90": 0.0,
    "cs_size_q100": 0.0,
    "inv_num_distinct_cs": 0.1875,
    "inv_cs_freq_alpha": 0.0862296147532974,
    "inv_cs_freq_vmin": 2.0,
    "inv_cs_freq_vmax": 0.3074361820199778,
    "inv_cs_size_q00": 0.0,
    "inv_cs_size_q10": 0.0,
    "inv_cs_size_q25": 0.0,
    "inv_cs_size_q50": 0.0,
    "inv_cs_size_q75": 0.0,
    "inv_cs_size_q90": 0.0,
    "inv_cs_size_q100": 0.0,
    "two_step_alpha": 0.06787505554231914,
    "two_step_vmin": 1.0,
    "two_step_vmax": 0.5091164884637028,
    "triangle_count": 0.14545454545454545,
    "four_cycle_count": 0.8660436137071651,
    "five_cycle_count": 0.00425531914893617,
    "six_cycle_count": 0.5806697108066972,
    "diamond_count": 0.8092566619915849,
    "k4_count": 0.15789473684210525,
    "tailed_triangle_count": 0.015082956259426848,
    "path_template_zipf_k2": NaN,
    "path_template_zipf_k3": 0.05732381299195655,
    "path_template_zipf_k4": 0.01688158567417052,
    "path_template_zipf_k5": 0.006548865629858565,
    "path_template_zipf_k6": 0.0006150664414355201,
    "path_template_zipf_k7": 0.04611451398254198,
    "path_template_zipf_k8": 0.02631751831276943,
    "path_template_zipf_k9": 0.04421221739253719,
    "path_template_zipf_k10": 0.027946157660171014,
    "path_template_entropy_k2": 0.0,
    "path_template_entropy_k3": 0.46348554938571096,
    "path_template_entropy_k4": 0.62860033561309,
    "path_template_entropy_k5": 0.6678530584976523,
    "path_template_entropy_k6": 0.6783092867362781,
    "path_template_entropy_k7": 0.6863660592119973,
    "path_template_entropy_k8": 0.6862376881706842,
    "path_template_entropy_k9": 0.6786037187525891,
    "path_template_entropy_k10": 0.6707761695355517,
    "tree_template_zipf": 0.020082613998232753,
    "tree_template_entropy": 0.21174675202225526,
    "num_components": 0.0,
    "largest_component_fraction": 0.0,
    "clustering_coefficient": 0.3342963927160633,
    "degree_assortativity": 0.03621334618003627,
    "shortest_path_max": 0.25,
    "shortest_path_mean": 0.28627450980392155,
    "shortest_path_var": 0.6904137837471169
  },
  "mean_relative_error": 0.2615020797098764,
  "median_relative_error": 0.13287514318442153,
  "normalised_w1": {
    "b:out_degree": 232.45870201651917,
    "b:in_degree": 1.0732239288465226,
    "b:relation_freq": 0.5683977635286668,
    "b:obj_mult_alpha": NaN,
    "b:subj_mult_alpha": NaN,
    "c:class_size": NaN,
    "c:subj_cooc_spectrum": 0.30184756795332435,
    "c:obj_cooc_spectrum": 0.1691462677685839,
    "c:subj_row_entropy": NaN,
    "c:obj_row_entropy": NaN,
    "c:type_rel_spectrum": NaN,
    "c:per_type_entropy": NaN,
    "d:cs_freq": 6.2088755643413025,
    "d:cs_size": 0.2515457377763259,
    "d:inv_cs_freq": 0.33688785414923084,
    "d:inv_cs_size": 0.0,
    "d:two_step": 0.4743560824439241
  },
  "mean_normalised_w1": 24.184298278332708
}