{
  "_num_components": 66,
  "_largest_component_fraction": 0.997731014818682,
  "_clustering_coefficient": 0.22123818152975996,
  "_degree_assortativity": -0.05182350347378684,
  "_shortest_path_max": 10.0,
  "_shortest_path_mean": 4.325,
  "_shortest_path_var": 1.203375,
  "_pair_dists_finite": {
    "__sig_type__": "ndarray",
    "dtype": "float64",
    "data": [
      5.0,
      5.0,
      4.0,
      6.0,
      4.0,
      7.0,
      5.0,
      4.0,
      4.0,
      3.0,
      5.0,
      7.0,
      5.0,
      4.0,
      4.0,
      4.0,
      4.0,
      3.0,
      3.0,
      5.0,
      6.0,
      3.0,
      4.0,
      5.0,
      5.0,
      4.0,
      4.0,
      4.0,
      4.0,
      4.0,
      6.0,
      4.0,
      5.0,
      4.0,
      4.0,
      4.0,
      5.0,
      6.0,
      4.0,
      4.0,
      4.0,
      5.0,
      3.0,
      5.0,
      4.0,
      6.0,
      4.0,
      4.0,
      6.0,
      4.0,
      5.0,
      4.0,
      4.0,
      5.0,
      4.0,
      4.0,
      2.0,
      5.0,
      6.0,
      3.0,
      6.0,
      4.0,
      4.0,
      6.0,
      4.0,
      4.0,
      5.0,
      4.0,
      3.0,
      3.0,
      4.0,
      4.0,
      5.0,
      5.0,
      5.0,
      5.0,
      4.0,
      4.0,
      5.0,
      5.0,
      6.0,
      5.0,
      5.0,
      3.0,
      4.0,
      3.0,
      5.0,
      8.0,
      5.0,
      4.0,
      5.0,
      3.0,
      8.0,
      4.0,
      6.0,
      4.0,
      5.0,
      5.0,
      3.0,
      4.0,
      5.0,
      6.0,
      4.0,
      4.0,
      3.0,
      3.0,
      3.0,
      4.0,
      6.0,
      3.0,
      5.0,
      4.0,
      4.0,
      3.0,
      7.0,
      6.0,
      5.0,
      5.0,
      4.0,
      4.0,
      4.0,
      2.0,
      3.0,
      3.0,
      4.0,
      4.0,
      6.0,
      4.0,
      5.0,
      4.0,
      4.0,
      4.0,
      4.0,
      5.0,
      6.0,
      4.0,
      3.0,
      8.0,
      5.0,
      4.0,
      4.0,
      3.0,
      5.0,
      4.0,
      4.0,
      4.0,
      4.0,
      4.0,
      5.0,
      4.0,
      5.0,
      5.0,
      4.0,
      5.0,
      4.0,
      5.0,
      3.0,
      4.0,
      4.0,
      5.0,
      7.0,
      5.0,
      3.0,
      4.0,
      4.0,
      4.0,
      5.0,
      3.0,
      6.0,
      4.0,
      5.0,
      9.0,
      10.0,
      5.0,
      3.0,
      4.0,
      4.0,
      3.0,
      4.0,
      6.0,
      5.0,
      4.0,
      4.0,
      5.0,
      5.0,
      4.0,
      4.0,
      4.0,
      4.0,
      5.0,
      4.0,
      3.0,
      4.0,
      2.0,
      5.0,
      4.0,
      4.0,
      5.0,
      6.0,
      5.0,
      3.0,
      5.0,
      4.0,
      4.0,
      4.0,
      5.0,
      5.0,
      5.0,
      3.0,
      6.0,
      4.0,
      6.0,
      2.0,
      5.0,
      5.0,
      4.0,
      4.0,
      4.0,
      4.0,
      3.0,
      4.0,
      3.0,
      6.0,
      5.0,
      5.0,
      4.0,
      4.0,
      5.0,
      4.0,
      5.0,
      3.0,
      6.0,
      6.0,
      5.0,
      5.0,
      2.0,
      5.0,
      3.0,
      3.0,
      5.0,
      4.0,
      4.0,
      7.0,
      4.0,
      5.0,
      5.0,
      4.0,
      4.0,
      3.0,
      3.0,
      3.0,
      4.0,
      4.0,
      5.0,
      5.0,
      4.0,
      4.0,
      5.0,
      3.0,
      4.0,
      3.0,
      5.0,
      6.0,
      6.0,
      5.0,
      5.0,
      5.0,
      3.0,
      6.0,
      3.0,
      4.0,
      4.0,
      5.0,
      6.0,
      5.0,
      6.0,
      5.0,
      6.0,
      3.0,
      3.0,
      4.0,
      3.0,
      4.0,
      5.0,
      4.0,
      5.0,
      4.0,
      4.0,
      2.0,
      5.0,
      5.0,
      5.0,
      6.0,
      3.0,
      5.0,
      4.0,
      4.0,
      4.0,
      2.0,
      4.0,
      5.0,
      4.0,
      4.0,
      5.0,
      5.0,
      4.0,
      5.0,
      4.0,
      4.0,
      4.0,
      3.0,
      6.0,
      5.0,
      4.0,
      5.0,
      4.0,
      4.0,
      6.0,
      4.0,
      3.0,
      3.0,
      4.0,
      7.0,
      6.0,
      2.0,
      5.0,
      5.0,
      4.0,
      6.0,
      5.0,
      4.0,
      4.0,
      3.0,
      3.0,
      4.0,
      5.0,
      5.0,
      3.0,
      4.0,
      6.0,
      5.0,
      4.0,
      5.0,
      4.0,
      2.0,
      5.0,
      6.0,
      4.0,
      4.0,
      3.0,
      3.0,
      2.0,
      3.0,
      5.0,
      5.0,
      4.0,
      4.0,
      5.0,
      5.0,
      5.0,
      5.0,
      4.0,
      3.0,
      4.0,
      4.0,
      3.0,
      4.0,
      4.0,
      5.0,
      5.0,
      6.0,
      3.0,
      4.0,
      3.0,
      7.0,
      5.0,
      3.0,
      2.0,
      4.0,
      3.0,
      9.0,
      3.0,
      5.0,
      4.0,
      5.0,
      5.0,
      4.0,
      4.0,
      5.0,
      3.0,
      5.0,
      3.0,
      5.0,
      4.0,
      5.0,
      5.0,
      4.0,
      4.0,
      4.0,
      3.0,
      4.0,
      2.0,
      5.0,
      5.0,
      4.0,
      4.0,
      2.0,
      5.0,
      4.0,
      4.0,
      6.0,
      5.0,
      4.0,
      4.0,
      4.0,
      4.0,
      5.0,
      4.0,
      4.0,
      5.0,
      5.0,
      4.0,
      6.0,
      6.0,
      4.0,
      3.0,
      4.0,
      4.0,
      4.0,
      6.0,
      4.0,
      4.0,
      4.0,
      7.0,
      3.0,
      3.0,
      5.0,
      4.0,
      5.0,
      2.0,
      6.0,
      6.0,
      4.0,
      5.0,
      5.0,
      4.0,
      4.0,
      7.0,
      4.0,
      3.0,
      6.0,
      6.0,
      5.0,
      3.0,
      4.0,
      5.0,
      5.0,
      3.0,
      4.0,
      3.0,
      4.0,
      4.0,
      5.0,
      5.0,
      6.0,
      4.0,
      4.0,
      3.0,
      5.0,
      4.0,
      4.0,
      5.0,
      4.0,
      4.0,
      7.0,
      3.0,
      4.0,
      4.0,
      5.0,
      4.0,
      3.0,
      4.0,
      5.0,
      4.0,
      4.0,
      3.0,
      4.0,
      4.0,
      4.0,
      5.0,
      4.0,
      2.0,
      4.0,
      5.0,
      4.0,
      4.0,
      2.0,
      4.0,
      4.0,
      5.0,
      6.0,
      5.0,
      5.0,
      5.0,
      4.0,
      4.0,
      4.0,
      4.0,
      6.0,
      5.0,
      5.0,
      2.0,
      4.0,
      4.0,
      4.0,
      5.0,
      4.0,
      5.0,
      5.0,
      3.0,
      2.0,
      5.0,
      3.0,
      5.0,
      4.0,
      5.0,
      4.0,
      4.0,
      4.0,
      7.0,
      6.0,
      3.0,
      5.0,
      5.0,
      4.0,
      4.0,
      2.0,
      3.0,
      5.0,
      3.0,
      3.0,
      4.0,
      4.0,
      4.0,
      3.0,
      4.0,
      3.0,
      5.0,
      5.0,
      5.0,
      5.0,
      2.0,
      5.0,
      7.0,
      5.0,
      5.0,
      4.0,
      4.0,
      4.0,
      3.0,
      5.0,
      5.0,
      3.0,
      5.0,
      5.0,
      4.0,
      4.0,
      4.0,
      3.0,
      3.0,
      4.0,
      6.0,
      3.0,
      4.0,
      4.0,
      5.0,
      3.0,
      5.0,
      6.0,
      4.0,
      4.0,
      4.0,
      4.0,
      6.0,
      6.0,
      5.0,
      4.0,
      4.0,
      6.0,
      7.0,
      5.0,
      4.0,
      3.0,
      5.0,
      2.0,
      6.0,
      4.0,
      2.0,
      5.0,
      5.0,
      4.0,
      4.0,
      4.0,
      4.0,
      3.0,
      4.0,
      3.0,
      5.0,
      5.0,
      6.0,
      6.0,
      5.0,
      4.0,
      5.0,
      4.0,
      6.0,
      4.0,
      4.0,
      3.0,
      5.0,
      2.0,
      4.0,
      5.0,
      5.0,
      4.0,
      5.0,
      4.0,
      3.0,
      5.0,
      5.0,
      3.0,
      4.0,
      5.0,
      5.0,
      6.0,
      4.0,
      4.0,
      3.0,
      4.0,
      5.0,
      5.0,
      2.0,
      3.0,
      4.0,
      3.0,
      4.0,
      5.0,
      5.0,
      3.0,
      5.0,
      3.0,
      2.0,
      4.0,
      6.0,
      3.0,
      5.0,
      5.0,
      4.0,
      4.0,
      3.0,
      4.0,
      4.0,
      2.0,
      3.0,
      4.0,
      4.0,
      5.0,
      5.0,
      5.0,
      5.0,
      4.0,
      4.0,
      4.0,
      4.0,
      4.0,
      4.0,
      2.0,
      2.0,
      7.0,
      4.0,
      3.0,
      3.0,
      6.0,
      5.0,
      4.0,
      4.0,
      4.0,
      4.0,
      6.0,
      5.0,
      5.0,
      4.0,
      5.0,
