{
  "_triangle_count": 383579,
  "_four_cycle_count": 26770440,
  "_five_cycle_count": 105851087,
  "_six_cycle_count": 10627814159,
  "_diamond_count": 17236278,
  "_k4_count": 153289,
  "_tailed_triangle_count": 632864060,
  "_star_counts": {
    "__sig_type__": "dict",
    "items": [
      [
        2,
        195074642
      ],
      [
        3,
        422514193217
      ],
      [
        4,
        1198780898561102
      ],
      [
        5,
        3061611950849569280
      ],
      [
        6,
        6511877741071858401280
      ],
      [
        7,
        12074266408309308772057088
      ],
      [
        8,
        19555417028339108459074027520
      ],
      [
        9,
        28349610450168231791791045607424
      ],
      [
        10,
        36285998822650898248904980926824448
      ]
    ]
  },
  "_path_template_zipf": {
    "__sig_type__": "dict",
    "items": [
      [
        2,
        NaN
      ],
      [
        3,
        1.32078253993864
      ],
      [
        4,
        1.1772027447424493
      ],
      [
        5,
        1.176776389644781
      ],
      [
        6,
        1.1533326255798482
      ],
      [
        7,
        1.1951821257819117
      ],
      [
        8,
        1.258463442352748
      ],
      [
        9,
        NaN
      ],
      [
        10,
        NaN
      ]
    ]
  },
  "_path_template_entropy": {
    "__sig_type__": "dict",
    "items": [
      [
        2,
        -0.0
      ],
      [
        3,
        0.014155106072812283
      ],
      [
        4,
        0.4975056838308911
      ],
      [
        5,
        1.4159442332438639
      ],
      [
        6,
        1.9805809747771048
      ],
      [
        7,
        2.480086130274706
      ],
      [
        8,
        2.947525858469089
      ],
      [
        9,
        NaN
      ],
      [
        10,
        NaN
      ]
    ]
  },
  "_tree_template_zipf": 1.070879895920555,
  "_tree_template_entropy": 0.09766783645183094
}