{
  "_triangle_count": 383579,
  "_four_cycle_count": 26765215,
  "_five_cycle_count": 117978638,
  "_six_cycle_count": 10770796485,
  "_diamond_count": 16366492,
  "_k4_count": 159749,
  "_tailed_triangle_count": 628680757,
  "_star_counts": {
    "__sig_type__": "dict",
    "items": [
      [
        2,
        195821833
      ],
      [
        3,
        422324824106
      ],
      [
        4,
        1206443453345240
      ],
      [
        5,
        3019087642981996544
      ],
      [
        6,
        6577941279790678933504
      ],
      [
        7,
        12078859777139652274683904
      ],
      [
        8,
        19693746003841198414310146048
      ],
      [
        9,
        28167418555153224838360044929024
      ],
      [
        10,
        36554027236079598719023927724605440
      ]
    ]
  },
  "_path_template_zipf": {
    "__sig_type__": "dict",
    "items": [
      [
        2,
        NaN
      ],
      [
        3,
        1.32078253993864
      ],
      [
        4,
        1.1786264251297895
      ],
      [
        5,
        1.175154981114122
      ],
      [
        6,
        1.165833170241008
      ],
      [
        7,
        1.1892097326302893
      ],
      [
        8,
        1.2648020917603735
      ],
      [
        9,
        NaN
      ],
      [
        10,
        NaN
      ]
    ]
  },
  "_path_template_entropy": {
    "__sig_type__": "dict",
    "items": [
      [
        2,
        -0.0
      ],
      [
        3,
        0.014155106072812283
      ],
      [
        4,
        0.4953473979616522
      ],
      [
        5,
        1.4085619697323617
      ],
      [
        6,
        1.9702334770723564
      ],
      [
        7,
        2.4852396648324615
      ],
      [
        8,
        2.951153555060117
      ],
      [
        9,
        NaN
      ],
      [
        10,
        NaN
      ]
    ]
  },
  "_tree_template_zipf": 1.070879050236965,
  "_tree_template_entropy": 0.09882160980886658
}