{
  "source": "/Users/cl/data/Cross_Platform_Work/Uni/tum/bpc/BPC-Data-Engeneering-Topic-2/data/graphs/dbpedia100k/dbpedia100k.nt",
  "features": {
    "num_entities": 99604.0,
    "num_relations": 470.0,
    "mean_degree": 7.002309144211075,
    "type_edge_frac": 0.0,
    "out_degree_alpha": 1.180386275476339,
    "out_degree_xmin": 1.0,
    "in_degree_alpha": 1.5628808296043424,
    "in_degree_xmin": 1.0,
    "rel_freq_logq_q00": -13.455197575810896,
    "rel_freq_logq_q10": -12.76205039525095,
    "rel_freq_logq_q25": -10.970290926022894,
    "rel_freq_logq_q50": -9.05461337484255,
    "rel_freq_logq_q75": -6.931902039753117,
    "rel_freq_logq_q90": -5.442847936483101,
    "rel_freq_logq_q100": -2.400900682064897,
    "obj_mult_alpha_q00": 1.4,
    "obj_mult_alpha_q10": 1.4,
    "obj_mult_alpha_q25": 1.6099520417596669,
    "obj_mult_alpha_q50": 2.307202148437498,
    "obj_mult_alpha_q75": 2.999999999999999,
    "obj_mult_alpha_q90": 2.999999999999999,
    "obj_mult_alpha_q100": 3.0,
    "subj_mult_alpha_q00": 1.4,
    "subj_mult_alpha_q10": 1.4,
    "subj_mult_alpha_q25": 1.5102295706323252,
    "subj_mult_alpha_q50": 1.8774169921874975,
    "subj_mult_alpha_q75": 2.559558105468749,
    "subj_mult_alpha_q90": 2.999999999999999,
    "subj_mult_alpha_q100": 3.0,
    "obj_mult_max": 101.0,
    "subj_mult_max": 7429.0,
    "a_obj": 0.08729619015570662,
    "a_subj": 0.12233589963246838,
    "out_degree_max": 115.0,
    "out_degree_p90": 16.0,
    "in_degree_max": 14767.0,
    "in_degree_p90": 11.0,
    "subject_frac": 0.9083470543351673,
    "object_frac": 0.7054937552708727,
    "recip_symmetric_frac_bin0": 0.0,
    "recip_symmetric_frac_bin1": 0.0,
    "recip_symmetric_frac_bin2": 0.0,
    "recip_symmetric_frac_bin3": 0.037037037037037035,
    "recip_symmetric_frac_bin4": 0.02127659574468085,
    "recip_symmetric_frac_bin5": 0.025906735751295335,
    "recip_symmetric_value": 0.8050051598235554,
    "class_size_alpha": NaN,
    "class_size_xmin": NaN,
    "class_size_max": NaN,
    "num_classes": 0.0,
    "subj_cooc_rate": 0.24720964437364795,
    "subj_cooc_scale": 0.45467017647643543,
    "subj_cooc_density": 0.04076052512449072,
    "obj_cooc_rate": 0.20091577210491718,
    "obj_cooc_scale": 0.13051144492265163,
    "obj_cooc_density": 0.08276143051154368,
    "edge_multiplicity": 1.1379458368969817,
    "bidirectional_ratio": 1.058515996053898,
    "subj_row_entropy_q00": 0.0,
    "subj_row_entropy_q10": 1.1458306259962032,
    "subj_row_entropy_q25": 1.6442926139247636,
    "subj_row_entropy_q50": 2.179237796301293,
    "subj_row_entropy_q75": 2.6376818524047514,
    "subj_row_entropy_q90": 2.9420723526749066,
    "subj_row_entropy_q100": 3.657108262608536,
    "obj_row_entropy_q00": 0.0,
    "obj_row_entropy_q10": 0.6931471805599453,
    "obj_row_entropy_q25": 1.3862943611198906,
    "obj_row_entropy_q50": 2.210362048104734,
    "obj_row_entropy_q75": 2.965825793623024,
    "obj_row_entropy_q90": 3.581123028820483,
    "obj_row_entropy_q100": 4.126739367634224,
    "type_rel_spectrum_rate": NaN,
    "type_rel_spectrum_scale": NaN,
    "per_type_entropy_rate": NaN,
    "per_type_entropy_scale": NaN,
    "num_distinct_cs": 13275.0,
    "cs_freq_alpha": 2.1200683593749976,
    "cs_freq_vmin": 1.0,
    "cs_freq_vmax": 3693.0,
    "cs_size_q00": 1.0,
    "cs_size_q10": 1.0,
    "cs_size_q25": 2.0,
    "cs_size_q50": 4.0,
    "cs_size_q75": 5.0,
    "cs_size_q90": 7.0,
    "cs_size_q100": 18.0,
    "inv_num_distinct_cs": 8614.0,
    "inv_cs_freq_alpha": 2.0990478515624984,
    "inv_cs_freq_vmin": 1.0,
    "inv_cs_freq_vmax": 7445.0,
    "inv_cs_size_q00": 1.0,
    "inv_cs_size_q10": 1.0,
    "inv_cs_size_q25": 1.0,
    "inv_cs_size_q50": 2.0,
    "inv_cs_size_q75": 2.0,
    "inv_cs_size_q90": 4.0,
    "inv_cs_size_q100": 43.0,
    "two_step_alpha": 1.2946138224422947,
    "two_step_vmin": 1.0,
    "two_step_vmax": 286158.0,
    "triangle_count": 383579.0,
    "four_cycle_count": 26770440.0,
    "five_cycle_count": 105851087.0,
    "six_cycle_count": 10627814159.0,
    "diamond_count": 17236278.0,
    "k4_count": 153289.0,
    "tailed_triangle_count": 632864060.0,
    "path_template_zipf_k2": NaN,
    "path_template_zipf_k3": 1.32078253993864,
    "path_template_zipf_k4": 1.1772027447424493,
    "path_template_zipf_k5": 1.176776389644781,
    "path_template_zipf_k6": 1.1533326255798482,
    "path_template_zipf_k7": 1.1951821257819117,
    "path_template_zipf_k8": 1.258463442352748,
    "path_template_zipf_k9": NaN,
    "path_template_zipf_k10": NaN,
    "path_template_entropy_k2": -0.0,
    "path_template_entropy_k3": 0.014155106072812283,
    "path_template_entropy_k4": 0.4975056838308911,
    "path_template_entropy_k5": 1.4159442332438639,
    "path_template_entropy_k6": 1.9805809747771048,
    "path_template_entropy_k7": 2.480086130274706,
    "path_template_entropy_k8": 2.947525858469089,
    "path_template_entropy_k9": NaN,
    "path_template_entropy_k10": NaN,
    "tree_template_zipf": 1.070879895920555,
    "tree_template_entropy": 0.09766783645183094,
    "num_components": 66.0,
    "largest_component_fraction": 0.997731014818682,
    "clustering_coefficient": 0.22123818152976202,
    "degree_assortativity": -0.05182350347378684,
    "shortest_path_max": 11.0,
    "shortest_path_mean": 4.317,
    "shortest_path_var": 1.074511
  }
}