{
  "source": "/Users/cl/data/Cross_Platform_Work/Uni/tum/bpc/BPC-Data-Engeneering-Topic-2/data/graphs/dbpedia100k/dbpedia100k.nt",
  "features": {
    "num_entities": 99604.0,
    "num_relations": 470.0,
    "mean_degree": 7.002309144211075,
    "out_degree_alpha": 2.1822024159237507,
    "out_degree_xmin": 4.0,
    "in_degree_alpha": 2.188062300017494,
    "in_degree_xmin": 20.0,
    "relation_zipf_exponent": 2.1003470680070686,
    "relation_zipf_xmin": 2701.0,
    "obj_mult_alpha_q00": 1.4,
    "obj_mult_alpha_q10": 2.067164373139678,
    "obj_mult_alpha_q25": 2.306197093280261,
    "obj_mult_alpha_q50": 2.6437866210937493,
    "obj_mult_alpha_q75": 2.8980285644531247,
    "obj_mult_alpha_q90": 2.999999999999999,
    "obj_mult_alpha_q100": 3.0,
    "subj_mult_alpha_q00": 1.4,
    "subj_mult_alpha_q10": 1.7688150909183775,
    "subj_mult_alpha_q25": 1.959099822087742,
    "subj_mult_alpha_q50": 2.229650509031197,
    "subj_mult_alpha_q75": 2.648437499999999,
    "subj_mult_alpha_q90": 2.91677490234375,
    "subj_mult_alpha_q100": 3.0,
    "a_obj": 0.08729619015570654,
    "a_subj": 0.12233589963246858,
    "class_size_alpha": NaN,
    "class_size_xmin": NaN,
    "num_classes": 0.0,
    "subj_cooc_rate": 0.24720964437364795,
    "subj_cooc_scale": 0.45467017647643543,
    "subj_cooc_density": 0.04076052512449072,
    "obj_cooc_rate": 0.2009157721049173,
    "obj_cooc_scale": 0.13051144492265168,
    "obj_cooc_density": 0.08276143051154368,
    "subj_row_entropy_q00": 0.0,
    "subj_row_entropy_q10": 1.1458306259962032,
    "subj_row_entropy_q25": 1.6442926139247636,
    "subj_row_entropy_q50": 2.179237796301293,
    "subj_row_entropy_q75": 2.6376818524047514,
    "subj_row_entropy_q90": 2.9420723526749066,
    "subj_row_entropy_q100": 3.657108262608536,
    "obj_row_entropy_q00": 0.0,
    "obj_row_entropy_q10": 0.6931471805599453,
    "obj_row_entropy_q25": 1.3862943611198906,
    "obj_row_entropy_q50": 2.210362048104734,
    "obj_row_entropy_q75": 2.965825793623024,
    "obj_row_entropy_q90": 3.581123028820483,
    "obj_row_entropy_q100": 4.126739367634224,
    "type_rel_spectrum_rate": NaN,
    "type_rel_spectrum_scale": NaN,
    "per_type_entropy_rate": NaN,
    "per_type_entropy_scale": NaN,
    "num_distinct_cs": 13275.0,
    "cs_freq_alpha": 2.1200683593749976,
    "cs_size_q00": 1.0,
    "cs_size_q10": 1.0,
    "cs_size_q25": 2.0,
    "cs_size_q50": 4.0,
    "cs_size_q75": 5.0,
    "cs_size_q90": 7.0,
    "cs_size_q100": 18.0,
    "inv_num_distinct_cs": 8614.0,
    "inv_cs_freq_alpha": 2.0990478515624984,
    "inv_cs_size_q00": 1.0,
    "inv_cs_size_q10": 1.0,
    "inv_cs_size_q25": 1.0,
    "inv_cs_size_q50": 2.0,
    "inv_cs_size_q75": 2.0,
    "inv_cs_size_q90": 4.0,
    "inv_cs_size_q100": 43.0,
    "two_step_alpha": 1.2946138224422947,
    "two_step_vmin": 1.0,
    "two_step_vmax": 286158.0,
    "triangle_count": 383579.0,
    "four_cycle_count": 26770440.0,
    "five_cycle_count": 105851087.0,
    "six_cycle_count": 10627814159.0,
    "diamond_count": 17236278.0,
    "k4_count": 153289.0,
    "tailed_triangle_count": 632864060.0,
    "star_count_k2": 195074642.0,
    "star_count_k3": 422514193217.0,
    "star_count_k4": 1198780898561102.0,
    "star_count_k5": 3.0616119508495693e+18,
    "star_count_k6": 6.511877741071858e+21,
    "star_count_k7": 1.2074266408309309e+25,
    "star_count_k8": 1.9555417028339108e+28,
    "star_count_k9": 2.834961045016823e+31,
    "star_count_k10": 3.62859988226509e+34,
    "path_template_zipf_k2": NaN,
    "path_template_zipf_k3": 1.32078253993864,
    "path_template_zipf_k4": 1.1772027447424493,
    "path_template_zipf_k5": 1.176776389644781,
    "path_template_zipf_k6": 1.1533326255798482,
    "path_template_zipf_k7": 1.1951821257819117,
    "path_template_zipf_k8": 1.258463442352748,
    "path_template_zipf_k9": NaN,
    "path_template_zipf_k10": NaN,
    "path_template_entropy_k2": -0.0,
    "path_template_entropy_k3": 0.014155106072812283,
    "path_template_entropy_k4": 0.4975056838308911,
    "path_template_entropy_k5": 1.4159442332438639,
    "path_template_entropy_k6": 1.9805809747771048,
    "path_template_entropy_k7": 2.480086130274706,
    "path_template_entropy_k8": 2.947525858469089,
    "path_template_entropy_k9": NaN,
    "path_template_entropy_k10": NaN,
    "tree_template_zipf": 1.070879895920555,
    "tree_template_entropy": 0.09766783645183094,
    "num_components": 66.0,
    "largest_component_fraction": 0.997731014818682,
    "clustering_coefficient": 0.22123818152976202,
    "degree_assortativity": -0.05182350347378684,
    "shortest_path_max": 11.0,
    "shortest_path_mean": 4.317,
    "shortest_path_var": 1.074511,
    "out_degree_max": 115,
    "out_degree_p90": 16.0,
    "in_degree_max": 14767,
    "in_degree_p90": 11.0,
    "cs_freq_vmin": 1.0,
    "cs_freq_vmax": 3693.0,
    "inv_cs_freq_vmin": 1.0,
    "inv_cs_freq_vmax": 7445.0
  }
}