{
  "source": "dbpedia100k/raw/dbpedia100k.nt",
  "features": {
    "num_entities": 99604.0,
    "num_relations": 470.0,
    "mean_degree": 7.002309144211075,
    "out_degree_alpha": 2.1822024159237507,
    "out_degree_xmin": 4.0,
    "in_degree_alpha": 2.188062300017494,
    "in_degree_xmin": 20.0,
    "relation_zipf_exponent": 2.1003470680070686,
    "relation_zipf_xmin": 2701.0,
    "obj_mult_alpha_loc": 3.0000001642850336,
    "obj_mult_alpha_scale": 0.5551491549762848,
    "obj_mult_alpha_shape": -17865499.776311286,
    "obj_mult_alpha_lo": 1.4,
    "obj_mult_alpha_hi": 3.0,
    "subj_mult_alpha_loc": 2.096990540494719,
    "subj_mult_alpha_scale": 0.46812832044604025,
    "subj_mult_alpha_shape": 0.6245358096442671,
    "subj_mult_alpha_lo": 1.4,
    "subj_mult_alpha_hi": 3.0,
    "a_obj": 0.08729619015570643,
    "a_subj": 0.12233589963246908,
    "class_size_alpha": NaN,
    "class_size_xmin": NaN,
    "num_classes": 0.0,
    "subj_cooc_rate": 0.24720964437364804,
    "subj_cooc_scale": 45286.96825775884,
    "subj_cooc_density": 0.04076052512449072,
    "obj_cooc_rate": 0.20091577210491723,
    "obj_cooc_scale": 12999.461960075805,
    "obj_cooc_density": 0.08276143051154368,
    "subj_row_entropy_loc": 2.9433571256685016,
    "subj_row_entropy_scale": 1.0874244041853076,
    "subj_row_entropy_shape": -3.3833309705105115,
    "subj_row_entropy_lo": -0.0,
    "subj_row_entropy_hi": 3.657108262608536,
    "obj_row_entropy_loc": 3.284656123485798,
    "obj_row_entropy_scale": 1.5428379894059274,
    "obj_row_entropy_shape": -2.2771390741390576,
    "obj_row_entropy_lo": -0.0,
    "obj_row_entropy_hi": 4.126739367634224,
    "type_rel_spectrum_rate": NaN,
    "type_rel_spectrum_scale": NaN,
    "per_type_entropy_rate": NaN,
    "per_type_entropy_scale": NaN,
    "num_distinct_cs": 13275.0,
    "cs_freq_alpha": 1.812972521354907,
    "cs_freq_xmin": 3.0,
    "cs_size_loc": 0.9999996705179053,
    "cs_size_scale": 3.543727789815927,
    "cs_size_shape": 56373344.02598189,
    "cs_size_lo": 1.0,
    "cs_size_hi": 18.0,
    "inv_cs_size_loc": 0.9999990335275695,
    "inv_cs_size_scale": 2.1302577646446217,
    "inv_cs_size_shape": 12024193.289494876,
    "inv_cs_size_lo": 1.0,
    "inv_cs_size_hi": 43.0,
    "two_step_alpha": 1.2946138224422947,
    "two_step_vmin": 1.0,
    "two_step_vmax": 286158.0,
    "num_components": 66.0,
    "largest_component_fraction": 0.997731014818682,
    "clustering_coefficient": 0.22123818152975952,
    "degree_assortativity": -0.05182350347378684,
    "shortest_path_loc": 3.329781486815752,
    "shortest_path_scale": 1.4336175502860748,
    "shortest_path_shape": 1.6129020887576617,
    "shortest_path_lo": 2.0,
    "shortest_path_hi": 10.0
  }
}