{
  "source": "tests/graphs/59622641.ttl",
  "features": {
    "num_entities": 3861.0,
    "num_triples": 9842.0,
    "num_relations": 9.0,
    "density": 0.0006602125224243847,
    "triples_per_entity": 2.549080549080549,
    "relation_reuse": 1093.5555555555557,
    "out_degree_alpha": 2.5889648437499995,
    "out_degree_ks": 0.11733674218600842,
    "in_degree_alpha": 2.9113037109375,
    "in_degree_ks": 0.05070124436512635,
    "obj_multiplicity_alpha_mean": 2.5945908221905603,
    "obj_multiplicity_alpha_std": 0.34349969064117325,
    "obj_multiplicity_alpha_median": 2.7065185546874995,
    "obj_multiplicity_ks_mean": 0.0735508428512566,
    "obj_multiplicity_ks_std": 0.033897344878366695,
    "obj_multiplicity_ks_median": 0.06621830746761448,
    "subj_multiplicity_alpha_mean": 2.650261472055407,
    "subj_multiplicity_alpha_std": 0.3025788250483818,
    "subj_multiplicity_alpha_median": 2.8348388671875,
    "subj_multiplicity_ks_mean": 0.0549279032860255,
    "subj_multiplicity_ks_std": 0.02980262335118924,
    "subj_multiplicity_ks_median": 0.0638419785244736,
    "functionality_mean": 0.7157946722146611,
    "functionality_std": 0.2127207639828326,
    "functionality_median": 0.6875,
    "inverse_functionality_mean": 0.7721944231218784,
    "inverse_functionality_std": 0.21611257497320094,
    "inverse_functionality_median": 0.8324324324324325,
    "subj_singular_value_01": 4799.705045677194,
    "subj_singular_value_02": 790.5949350583171,
    "subj_singular_value_03": 189.00780884779437,
    "subj_singular_value_04": 172.95373405143587,
    "subj_singular_value_05": 162.95976979704355,
    "subj_singular_value_06": 146.2655392800739,
    "subj_singular_value_07": 17.72245718248997,
    "subj_singular_value_08": 15.799792338312145,
    "subj_singular_value_09": 0.0,
    "subj_singular_value_10": 0.0,
    "subj_cooc_density": 0.7037037037037037,
    "subj_row_entropy_mean": 1.2019313815654182,
    "subj_row_entropy_std": 0.14344055786829052,
    "obj_singular_value_01": 3197.6278377740064,
    "obj_singular_value_02": 978.2866379468005,
    "obj_singular_value_03": 384.0840160115892,
    "obj_singular_value_04": 243.35703217986244,
    "obj_singular_value_05": 175.28545580644797,
    "obj_singular_value_06": 52.6066859496014,
    "obj_singular_value_07": 24.974924506199386,
    "obj_singular_value_08": 17.77913734243636,
    "obj_singular_value_09": 0.0,
    "obj_singular_value_10": 0.0,
    "obj_cooc_density": 0.5308641975308642,
    "obj_row_entropy_mean": 0.9384553810428655,
    "obj_row_entropy_std": 0.1177263203751985,
    "num_classes": 0.0,
    "class_size_zipf_exponent": NaN,
    "mean_type_relation_entropy": 0.0,
    "num_distinct_cs": 43.0,
    "cs_freq_alpha": 1.3910884048144039,
    "cs_freq_ks": 0.08801306452829721,
    "cs_size_mean": 1.7289950576606261,
    "cs_size_median": 2.0,
    "cs_size_p90": 2.0,
    "inv_num_distinct_cs": 32.0,
    "inv_cs_freq_alpha": 1.6059770346652233,
    "inv_cs_freq_ks": 0.1306129829080407,
    "inv_cs_size_mean": 1.315966822187662,
    "inv_cs_size_median": 1.0,
    "inv_cs_size_p90": 2.0,
    "pair_freq_top_01": 0.3169262248493805,
    "pair_freq_top_02": 0.23144253722860067,
    "pair_freq_top_03": 0.11060588837103558,
    "pair_freq_top_04": 0.08832556553370467,
    "pair_freq_top_05": 0.038308514266227126,
    "pair_freq_top_06": 0.019665795157440037,
    "pair_freq_top_07": 0.018188018642719107,
    "pair_freq_top_08": 0.01716494259406616,
    "pair_freq_top_09": 0.016823917244515176,
    "pair_freq_top_10": 0.01614186654541321,
    "pair_freq_top_11": 0.01591451631237922,
    "pair_freq_top_12": 0.014323064681141298,
    "pair_freq_top_13": 0.013754689098556327,
    "pair_freq_top_14": 0.011708537001250427,
    "pair_freq_top_15": 0.007388882573604638,
    "pair_freq_top_16": 0.0072752074570876435,
    "pair_freq_top_17": 0.006252131408434693,
    "pair_freq_top_18": 0.006252131408434693,
    "pair_freq_top_19": 0.005570080709332727,
    "pair_freq_top_20": 0.005456405592815732,
    "pair_freq_alpha": 1.4507313436621745,
    "pair_freq_ks": 0.14166028786394358,
    "triangle_count": 640.0,
    "four_cycle_count": 1111.0,
    "five_cycle_count": 673.0,
    "six_cycle_count": 1060.0,
    "diamond_count": 428.0,
    "k4_count": 45.0,
    "tailed_triangle_count": 7596.0,
    "star_count_k2": 32017.0,
    "star_count_k3": 114084.0,
    "star_count_k4": 1436961.0,
    "star_count_k5": 7785610.0,
    "star_count_k6": 55900516.0,
    "star_count_k7": 695535042.0,
    "star_count_k8": 9723732285.0,
    "star_count_k9": 25912710850.0,
    "star_count_k10": 300259884157.0,
    "path_template_zipf_k2": NaN,
    "path_template_zipf_k3": 1.4356988851679682,
    "path_template_zipf_k4": 1.2716681856111327,
    "path_template_zipf_k5": 1.398517382118214,
    "path_template_zipf_k6": 1.31576376054847,
    "path_template_zipf_k7": 1.3208410648627806,
    "path_template_zipf_k8": 1.3798315888596577,
    "path_template_zipf_k9": 1.4303354202127667,
    "path_template_zipf_k10": 1.4787372699098718,
    "path_template_entropy_k2": -0.0,
    "path_template_entropy_k3": 0.056220005319768,
    "path_template_entropy_k4": 0.3128136256097127,
    "path_template_entropy_k5": 0.8780052170592222,
    "path_template_entropy_k6": 1.2439775439572796,
    "path_template_entropy_k7": 1.5406035094677657,
    "path_template_entropy_k8": 1.828700378480889,
    "path_template_entropy_k9": 2.402067578203268,
    "path_template_entropy_k10": 2.168666175651338,
    "tree_template_zipf": 1.1714760237084219,
    "tree_template_entropy": 0.7431160128014623,
    "num_components": 1.0,
    "largest_component_fraction": 1.0,
    "avg_shortest_path_length": 7.175,
    "avg_shortest_path_length_se": 0.05005498510236244,
    "clustering_coefficient": 0.09545844927629758,
    "degree_assortativity": -0.07911869248475038
  },