{
  "_triangle_count": 256787,
  "_four_cycle_count": 346580454,
  "_five_cycle_count": 628276597,
  "_six_cycle_count": 762740139859,
  "_diamond_count": 125280890,
  "_k4_count": 524519,
  "_tailed_triangle_count": 1635270373,
  "_star_counts": {
    "__sig_type__": "dict",
    "items": [
      [
        2,
        972387589
      ],
      [
        3,
        3483494722237
      ],
      [
        4,
        11598698655738440
      ],
      [
        5,
        33874012330077048832
      ],
      [
        6,
        86997950043068525707264
      ],
      [
        7,
        198940291410419553241399296
      ],
      [
        8,
        411882522117136583462072877056
      ],
      [
        9,
        775473521897007079057601742241792
      ],
      [
        10,
        1331012189066864478196296404908900352
      ]
    ]
  },
  "_path_template_zipf": {
    "__sig_type__": "dict",
    "items": [
      [
        2,
        NaN
      ],
      [
        3,
        1.2427541267436326
      ],
      [
        4,
        1.1645142913455808
      ],
      [
        5,
        1.1541334736602544
      ],
      [
        6,
        1.1426996295010237
      ],
      [
        7,
        1.2049509363723443
      ],
      [
        8,
        1.2457445535635332
      ],
      [
        9,
        NaN
      ],
      [
        10,
        NaN
      ]
    ]
  },
  "_path_template_entropy": {
    "__sig_type__": "dict",
    "items": [
      [
        2,
        -0.0
      ],
      [
        3,
        0.002440315491004783
      ],
      [
        4,
        0.42245849217068754
      ],
      [
        5,
        1.3301358899560127
      ],
      [
        6,
        2.203571245674292
      ],
      [
        7,
        2.8616004820895875
      ],
      [
        8,
        3.5048306881307187
      ],
      [
        9,
        NaN
      ],
      [
        10,
        NaN
      ]
    ]
  },
  "_tree_template_zipf": 1.059434268007576,
  "_tree_template_entropy": 0.14691849696178727
}