{
  "_triangle_count": 256787,
  "_four_cycle_count": 344442358,
  "_five_cycle_count": 612847472,
  "_six_cycle_count": 767341367724,
  "_diamond_count": 144706620,
  "_k4_count": 462488,
  "_tailed_triangle_count": 1621430963,
  "_star_counts": {
    "__sig_type__": "dict",
    "items": [
      [
        2,
        971847310
      ],
      [
        3,
        3475904894156
      ],
      [
        4,
        11581646244738374
      ],
      [
        5,
        33808394661043179520
      ],
      [
        6,
        86956104664758649618432
      ],
      [
        7,
        199802754579618830535884800
      ],
      [
        8,
        411727073601318539732115783680
      ],
      [
        9,
        781867453946045103295621513609216
      ],
      [
        10,
        1333635693955048410689051523746365440
      ]
    ]
  },
  "_path_template_zipf": {
    "__sig_type__": "dict",
    "items": [
      [
        2,
        NaN
      ],
      [
        3,
        1.2427541267436326
      ],
      [
        4,
        1.1611962593204301
      ],
      [
        5,
        1.1810227915425044
      ],
      [
        6,
        1.1551276480418027
      ],
      [
        7,
        1.1979862301459492
      ],
      [
        8,
        1.241168949276553
      ],
      [
        9,
        NaN
      ],
      [
        10,
        NaN
      ]
    ]
  },
  "_path_template_entropy": {
    "__sig_type__": "dict",
    "items": [
      [
        2,
        -0.0
      ],
      [
        3,
        0.002440315491004783
      ],
      [
        4,
        0.4271699645173978
      ],
      [
        5,
        1.3209392556686752
      ],
      [
        6,
        2.1706593002584906
      ],
      [
        7,
        2.7955990825234425
      ],
      [
        8,
        3.51905697732681
      ],
      [
        9,
        NaN
      ],
      [
        10,
        NaN
      ]
    ]
  },
  "_tree_template_zipf": 1.0594295127830158,
  "_tree_template_entropy": 0.1377705628853271
}