{
  "source": "/Users/cl/data/Cross_Platform_Work/Uni/tum/bpc/BPC-Data-Engeneering-Topic-2/data/graphs/codex_l/codex_l.nt",
  "features": {
    "num_entities": 77951.0,
    "num_relations": 69.0,
    "mean_degree": 7.856692024476915,
    "out_degree_alpha": 2.6838867187499993,
    "out_degree_xmin": 5.0,
    "in_degree_alpha": 1.9058641178326048,
    "in_degree_xmin": 13.0,
    "relation_zipf_exponent": 2.810666868920132,
    "relation_zipf_xmin": 24580.0,
    "obj_mult_alpha_q00": 1.4,
    "obj_mult_alpha_q10": 2.3101318359374985,
    "obj_mult_alpha_q25": 2.4806396484374993,
    "obj_mult_alpha_q50": 2.9352172851562495,
    "obj_mult_alpha_q75": 2.999999999999999,
    "obj_mult_alpha_q90": 2.999999999999999,
    "obj_mult_alpha_q100": 3.0,
    "subj_mult_alpha_q00": 1.4,
    "subj_mult_alpha_q10": 1.6636448282033105,
    "subj_mult_alpha_q25": 1.8049377816311558,
    "subj_mult_alpha_q50": 2.0984115789716,
    "subj_mult_alpha_q75": 2.3549926757812485,
    "subj_mult_alpha_q90": 2.7788671874999995,
    "subj_mult_alpha_q100": 3.0,
    "a_obj": -0.05583657407163435,
    "a_subj": 0.03866258471443812,
    "class_size_alpha": NaN,
    "class_size_xmin": NaN,
    "num_classes": 0.0,
    "subj_cooc_rate": 0.2589014086618029,
    "subj_cooc_scale": 0.6317743098585273,
    "subj_cooc_density": 0.419449695442134,
    "obj_cooc_rate": 0.23708665318298205,
    "obj_cooc_scale": 0.07485967215955064,
    "obj_cooc_density": 0.23419449695442135,
    "subj_row_entropy_q00": 0.9095923046136882,
    "subj_row_entropy_q10": 1.7087484606953158,
    "subj_row_entropy_q25": 2.068874711643168,
    "subj_row_entropy_q50": 2.4580724932231206,
    "subj_row_entropy_q75": 2.6793135676513176,
    "subj_row_entropy_q90": 2.8323854479584742,
    "subj_row_entropy_q100": 3.053081996468482,
    "obj_row_entropy_q00": 0.0,
    "obj_row_entropy_q10": 0.5447710680483229,
    "obj_row_entropy_q25": 0.9347698978582792,
    "obj_row_entropy_q50": 1.427349675952598,
    "obj_row_entropy_q75": 2.1407755799285537,
    "obj_row_entropy_q90": 2.4802612464768132,
    "obj_row_entropy_q100": 2.815910594070961,
    "type_rel_spectrum_rate": NaN,
    "type_rel_spectrum_scale": NaN,
    "per_type_entropy_rate": NaN,
    "per_type_entropy_scale": NaN,
    "num_distinct_cs": 9454.0,
    "cs_freq_alpha": 1.8462820349949207,
    "cs_freq_xmin": 2.0,
    "cs_size_q00": 1.0,
    "cs_size_q10": 3.0,
    "cs_size_q25": 4.0,
    "cs_size_q50": 5.0,
    "cs_size_q75": 6.0,
    "cs_size_q90": 8.0,
    "cs_size_q100": 17.0,
    "inv_num_distinct_cs": 1018.0,
    "inv_cs_freq_alpha": 1.724616783519365,
    "inv_cs_freq_xmin": 1.0,
    "inv_cs_size_q00": 1.0,
    "inv_cs_size_q10": 1.0,
    "inv_cs_size_q25": 1.0,
    "inv_cs_size_q50": 1.0,
    "inv_cs_size_q75": 2.0,
    "inv_cs_size_q90": 3.0,
    "inv_cs_size_q100": 16.0,
    "two_step_alpha": 1.1740537497426844,
    "two_step_vmin": 1.0,
    "two_step_vmax": 6778374.0,
    "triangle_count": 256787.0,
    "four_cycle_count": 346580454.0,
    "five_cycle_count": 628276597.0,
    "six_cycle_count": 762740139859.0,
    "diamond_count": 125280890.0,
    "k4_count": 524519.0,
    "tailed_triangle_count": 1635270373.0,
    "star_count_k2": 972387589.0,
    "star_count_k3": 3483494722237.0,
    "star_count_k4": 1.159869865573844e+16,
    "star_count_k5": 3.387401233007705e+19,
    "star_count_k6": 8.699795004306853e+22,
    "star_count_k7": 1.9894029141041955e+26,
    "star_count_k8": 4.118825221171366e+29,
    "star_count_k9": 7.754735218970071e+32,
    "star_count_k10": 1.3310121890668645e+36,
    "path_template_zipf_k2": NaN,
    "path_template_zipf_k3": 1.2427541267436326,
    "path_template_zipf_k4": 1.1645142913455808,
    "path_template_zipf_k5": 1.1541334736602544,
    "path_template_zipf_k6": 1.1426996295010237,
    "path_template_zipf_k7": 1.2049509363723443,
    "path_template_zipf_k8": 1.2457445535635332,
    "path_template_zipf_k9": NaN,
    "path_template_zipf_k10": NaN,
    "path_template_entropy_k2": -0.0,
    "path_template_entropy_k3": 0.002440315491004783,
    "path_template_entropy_k4": 0.42245849217068754,
    "path_template_entropy_k5": 1.3301358899560127,
    "path_template_entropy_k6": 2.203571245674292,
    "path_template_entropy_k7": 2.8616004820895875,
    "path_template_entropy_k8": 3.5048306881307187,
    "path_template_entropy_k9": NaN,
    "path_template_entropy_k10": NaN,
    "tree_template_zipf": 1.059434268007576,
    "tree_template_entropy": 0.14691849696178727,
    "num_components": 2.0,
    "largest_component_fraction": 0.9998588857102538,
    "clustering_coefficient": 0.09801092946826899,
    "degree_assortativity": -0.17819478317966392,
    "shortest_path_max": 5.0,
    "shortest_path_mean": 3.031,
    "shortest_path_var": 0.4580390000000001,
    "out_degree_max": 265,
    "out_degree_p90": 14.0,
    "in_degree_max": 18433,
    "in_degree_p90": 7.0
  }
}