{
  "source": "/Users/cl/data/Cross_Platform_Work/Uni/tum/bpc/BPC-Data-Engeneering-Topic-2/data/graphs/codex_l/codex_l.nt",
  "features": {
    "num_entities": 77951.0,
    "num_relations": 69.0,
    "mean_degree": 7.856692024476915,
    "type_edge_frac": 0.0,
    "out_degree_alpha": 1.1560363552445607,
    "out_degree_xmin": 1.0,
    "in_degree_alpha": 1.4642528013125722,
    "in_degree_xmin": 1.0,
    "rel_freq_logq_q00": -13.325201358968004,
    "rel_freq_logq_q10": -10.491988014911787,
    "rel_freq_logq_q25": -8.207207546551247,
    "rel_freq_logq_q50": -6.313086064661624,
    "rel_freq_logq_q75": -4.517729469252719,
    "rel_freq_logq_q90": -3.2068427890466547,
    "rel_freq_logq_q100": -1.181365884713569,
    "obj_mult_alpha_q00": 1.4,
    "obj_mult_alpha_q10": 1.5486567880588027,
    "obj_mult_alpha_q25": 2.358837890624999,
    "obj_mult_alpha_q50": 2.999999999999999,
    "obj_mult_alpha_q75": 2.999999999999999,
    "obj_mult_alpha_q90": 2.999999999999999,
    "obj_mult_alpha_q100": 3.0,
    "subj_mult_alpha_q00": 1.4,
    "subj_mult_alpha_q10": 1.4,
    "subj_mult_alpha_q25": 1.4,
    "subj_mult_alpha_q50": 1.405845921872314,
    "subj_mult_alpha_q75": 1.9583227235937934,
    "subj_mult_alpha_q90": 2.406298828124999,
    "subj_mult_alpha_q100": 3.0,
    "obj_mult_max": 195.0,
    "subj_mult_max": 14071.0,
    "a_obj": -0.05583657407163418,
    "a_subj": 0.03866258471443831,
    "out_degree_max": 265.0,
    "out_degree_p90": 14.0,
    "in_degree_max": 18433.0,
    "in_degree_p90": 7.0,
    "recip_symmetric_frac_bin0": NaN,
    "recip_symmetric_frac_bin1": NaN,
    "recip_symmetric_frac_bin2": 0.0,
    "recip_symmetric_frac_bin3": 0.0,
    "recip_symmetric_frac_bin4": 0.1,
    "recip_symmetric_frac_bin5": 0.0784313725490196,
    "recip_symmetric_value": 0.8652584824499396,
    "class_size_alpha": NaN,
    "class_size_xmin": NaN,
    "num_classes": 0.0,
    "subj_cooc_rate": 0.25890140866180295,
    "subj_cooc_scale": 0.6317743098585276,
    "subj_cooc_density": 0.419449695442134,
    "obj_cooc_rate": 0.23708665318298203,
    "obj_cooc_scale": 0.07485967215955053,
    "obj_cooc_density": 0.23419449695442135,
    "edge_multiplicity": 1.0185520271686164,
    "bidirectional_ratio": 1.015648172859609,
    "subj_row_entropy_q00": 0.9095923046136882,
    "subj_row_entropy_q10": 1.7087484606953158,
    "subj_row_entropy_q25": 2.068874711643168,
    "subj_row_entropy_q50": 2.4580724932231206,
    "subj_row_entropy_q75": 2.6793135676513176,
    "subj_row_entropy_q90": 2.8323854479584742,
    "subj_row_entropy_q100": 3.053081996468482,
    "obj_row_entropy_q00": 0.0,
    "obj_row_entropy_q10": 0.5447710680483229,
    "obj_row_entropy_q25": 0.9347698978582792,
    "obj_row_entropy_q50": 1.427349675952598,
    "obj_row_entropy_q75": 2.1407755799285537,
    "obj_row_entropy_q90": 2.4802612464768132,
    "obj_row_entropy_q100": 2.815910594070961,
    "type_rel_spectrum_rate": NaN,
    "type_rel_spectrum_scale": NaN,
    "per_type_entropy_rate": NaN,
    "per_type_entropy_scale": NaN,
    "num_distinct_cs": 9454.0,
    "cs_freq_alpha": 1.9790894661656528,
    "cs_freq_vmin": 1.0,
    "cs_freq_vmax": 2325.0,
    "cs_size_q00": 1.0,
    "cs_size_q10": 3.0,
    "cs_size_q25": 4.0,
    "cs_size_q50": 5.0,
    "cs_size_q75": 6.0,
    "cs_size_q90": 8.0,
    "cs_size_q100": 17.0,
    "inv_num_distinct_cs": 1018.0,
    "inv_cs_freq_alpha": 1.7170087807734988,
    "inv_cs_freq_vmin": 1.0,
    "inv_cs_freq_vmax": 5141.0,
    "inv_cs_size_q00": 1.0,
    "inv_cs_size_q10": 1.0,
    "inv_cs_size_q25": 1.0,
    "inv_cs_size_q50": 1.0,
    "inv_cs_size_q75": 2.0,
    "inv_cs_size_q90": 3.0,
    "inv_cs_size_q100": 16.0,
    "two_step_alpha": 1.1740537497426844,
    "two_step_vmin": 1.0,
    "two_step_vmax": 6778374.0,
    "triangle_count": 256787.0,
    "four_cycle_count": 346580454.0,
    "five_cycle_count": 628276597.0,
    "six_cycle_count": 762740139859.0,
    "diamond_count": 125280890.0,
    "k4_count": 524519.0,
    "tailed_triangle_count": 1635270373.0,
    "path_template_zipf_k2": NaN,
    "path_template_zipf_k3": 1.2427541267436326,
    "path_template_zipf_k4": 1.1645142913455808,
    "path_template_zipf_k5": 1.1541334736602544,
    "path_template_zipf_k6": 1.1426996295010237,
    "path_template_zipf_k7": 1.2049509363723443,
    "path_template_zipf_k8": 1.2457445535635332,
    "path_template_zipf_k9": NaN,
    "path_template_zipf_k10": NaN,
    "path_template_entropy_k2": -0.0,
    "path_template_entropy_k3": 0.002440315491004783,
    "path_template_entropy_k4": 0.42245849217068754,
    "path_template_entropy_k5": 1.3301358899560127,
    "path_template_entropy_k6": 2.203571245674292,
    "path_template_entropy_k7": 2.8616004820895875,
    "path_template_entropy_k8": 3.5048306881307187,
    "path_template_entropy_k9": NaN,
    "path_template_entropy_k10": NaN,
    "tree_template_zipf": 1.059434268007576,
    "tree_template_entropy": 0.14691849696178727,
    "num_components": 2.0,
    "largest_component_fraction": 0.9998588857102538,
    "clustering_coefficient": 0.09801092946826899,
    "degree_assortativity": -0.17819478317966392,
    "shortest_path_max": 5.0,
    "shortest_path_mean": 3.031,
    "shortest_path_var": 0.4580390000000001
  }
}