{
  "source": "/Users/cl/data/Cross_Platform_Work/Uni/tum/bpc/BPC-Data-Engeneering-Topic-2/graphs/data/codex_l/raw/codex_l.nt",
  "features": {
    "num_entities": 77951.0,
    "num_relations": 69.0,
    "mean_degree": 7.856692024476915,
    "out_degree_alpha": 2.6838867187499993,
    "out_degree_xmin": 5.0,
    "in_degree_alpha": 1.9058641178326048,
    "in_degree_xmin": 13.0,
    "relation_zipf_exponent": 2.810666868920132,
    "relation_zipf_xmin": 24580.0,
    "obj_mult_alpha_loc": 3.000000132715525,
    "obj_mult_alpha_scale": 0.39349538202265766,
    "obj_mult_alpha_shape": -16662842.855437458,
    "obj_mult_alpha_lo": 1.4,
    "obj_mult_alpha_hi": 3.0,
    "subj_mult_alpha_loc": 1.605867587250445,
    "subj_mult_alpha_scale": 0.6749630298118652,
    "subj_mult_alpha_shape": 3.702835159404793,
    "subj_mult_alpha_lo": 1.4,
    "subj_mult_alpha_hi": 3.0,
    "a_obj": -0.05583657407163404,
    "a_subj": 0.038662584714438085,
    "class_size_alpha": NaN,
    "class_size_xmin": NaN,
    "num_classes": 0.0,
    "subj_cooc_rate": 0.2589014086618028,
    "subj_cooc_scale": 49247.439227782124,
    "subj_cooc_density": 0.419449695442134,
    "obj_cooc_rate": 0.2370866531829821,
    "obj_cooc_scale": 5835.3863045091275,
    "obj_cooc_density": 0.23419449695442135,
    "subj_row_entropy_loc": 2.935529650210504,
    "subj_row_entropy_scale": 0.7818125350317497,
    "subj_row_entropy_shape": -8.334167840804918,
    "subj_row_entropy_lo": 0.9095923046136882,
    "subj_row_entropy_hi": 3.053081996468482,
    "obj_row_entropy_loc": 1.4108571308060214,
    "obj_row_entropy_scale": 0.7286511510946143,
    "obj_row_entropy_shape": 0.07315470285183157,
    "obj_row_entropy_lo": -0.0,
    "obj_row_entropy_hi": 2.815910594070961,
    "type_rel_spectrum_rate": NaN,
    "type_rel_spectrum_scale": NaN,
    "per_type_entropy_rate": NaN,
    "per_type_entropy_scale": NaN,
    "num_distinct_cs": 9454.0,
    "cs_freq_alpha": 1.8462820349949207,
    "cs_freq_xmin": 2.0,
    "cs_size_loc": 3.256484785602067,
    "cs_size_scale": 2.828757337238499,
    "cs_size_shape": 2.5234284744036,
    "cs_size_lo": 1.0,
    "cs_size_hi": 17.0,
    "inv_cs_size_loc": 0.9999989026382492,
    "inv_cs_size_scale": 1.28851447679802,
    "inv_cs_size_shape": 6764591.687183838,
    "inv_cs_size_lo": 1.0,
    "inv_cs_size_hi": 16.0,
    "two_step_alpha": 1.1740537497426844,
    "two_step_vmin": 1.0,
    "two_step_vmax": 6778374.0,
    "num_components": 2.0,
    "largest_component_fraction": 0.9998588857102538,
    "clustering_coefficient": 0.09801092946826868,
    "degree_assortativity": -0.17819478317966392,
    "shortest_path_loc": 2.3702594836547326,
    "shortest_path_scale": 0.9034802814423681,
    "shortest_path_shape": 1.4905123218911278,
    "shortest_path_lo": 2.0,
    "shortest_path_hi": 5.0
  }
}