{
  "_num_components": 1,
  "_largest_component_fraction": 1.0,
  "_avg_shortest_path_length": 3.04,
  "_avg_shortest_path_length_se": 0.02320575973416839,
  "_clustering_coefficient": 0.11309206083696323,
  "_degree_assortativity": -0.1698693737135014,
  "_pair_dists_finite": {
    "__sig_type__": "ndarray",
    "dtype": "float64",
    "data": [
      3.0,
      3.0,
      3.0,
      3.0,
      3.0,
      4.0,
      4.0,
      3.0,
      3.0,
      3.0,
      3.0,
      5.0,
      4.0,
      2.0,
      3.0,
      4.0,
      2.0,
      3.0,
      2.0,
      2.0,
      3.0,
      2.0,
      2.0,
      4.0,
      3.0,
      3.0,
      2.0,
      3.0,
      3.0,
      3.0,
      5.0,
      4.0,
      3.0,
      3.0,
      3.0,
      2.0,
      4.0,
      3.0,
      2.0,
      3.0,
      4.0,
      3.0,
      3.0,
      3.0,
      3.0,
      4.0,
      3.0,
      3.0,
      3.0,
      4.0,
      2.0,
      2.0,
      3.0,
      3.0,
      3.0,
      4.0,
      3.0,
      3.0,
      3.0,
      3.0,
      4.0,
      3.0,
      2.0,
      4.0,
      3.0,
      3.0,
      5.0,
      4.0,
      3.0,
      2.0,
      4.0,
      2.0,
      3.0,
      3.0,
      3.0,
      3.0,
      3.0,
      3.0,
      3.0,
      4.0,
      5.0,
      3.0,
      4.0,
      3.0,
      4.0,
      4.0,
      3.0,
      5.0,
      4.0,
      3.0,
      3.0,
      4.0,
      4.0,
      2.0,
      3.0,
      3.0,
      4.0,
      3.0,
      3.0,
      3.0,
      3.0,
      3.0,
      4.0,
      2.0,
      4.0,
      3.0,
      3.0,
      3.0,
      3.0,
      3.0,
      3.0,
      3.0,
      3.0,
      2.0,
      3.0,
      3.0,
      4.0,
      3.0,
      3.0,
      2.0,
      3.0,
      3.0,
      3.0,
      2.0,
      4.0,
      3.0,
      4.0,
      5.0,
      2.0,
      3.0,
      2.0,
      3.0,
      3.0,
      3.0,
      4.0,
      3.0,
      3.0,
      2.0,
      2.0,
      3.0,
      5.0,
      3.0,
      3.0,
      4.0,
      3.0,
      4.0,
      3.0,
      4.0,
      3.0,
      4.0,
      3.0,
      2.0,
      3.0,
      3.0,
      2.0,
      4.0,
      2.0,
      4.0,
      3.0,
      2.0,
      5.0,
      3.0,
      4.0,
      3.0,
      3.0,
      3.0,
      3.0,
      2.0,
      3.0,
      3.0,
      2.0,
      3.0,
      3.0,
      4.0,
      2.0,
      2.0,
      3.0,
      2.0,
      3.0,
      2.0,
      3.0,
      3.0,
      3.0,
      4.0,
      3.0,
      2.0,
      2.0,
      2.0,
      2.0,
      2.0,
      2.0,
      2.0,
      3.0,
      3.0,
      4.0,
      3.0,
      4.0,
      4.0,
      4.0,
      4.0,
      4.0,
      4.0,
      4.0,
      3.0,
      3.0,
      3.0,
      3.0,
      5.0,
      2.0,
      4.0,
      3.0,
      4.0,
      3.0,
      4.0,
      3.0,
      2.0,
      2.0,
      3.0,
      3.0,
      3.0,
      4.0,
      3.0,
      3.0,
      3.0,
      3.0,
      4.0,
      4.0,
      4.0,
      3.0,
      3.0,
      3.0,
      3.0,
      4.0,
      4.0,
      3.0,
      4.0,
      2.0,
      2.0,
      3.0,
      3.0,
      3.0,
      4.0,
      3.0,
      4.0,
      3.0,
      3.0,
      3.0,
      3.0,
      3.0,
      4.0,
      2.0,
      3.0,
      2.0,
      4.0,
      4.0,
      2.0,
      3.0,
      3.0,
      2.0,
      3.0,
      3.0,
      4.0,
      3.0,
      3.0,
      3.0,
      3.0,
      2.0,
      3.0,
      3.0,
      3.0,
      3.0,
      2.0,
      3.0,
      3.0,
      4.0,
      3.0,
      4.0,
      3.0,
      3.0,
      4.0,
      3.0,
      2.0,
      3.0,
      4.0,
      3.0,
      3.0,
      2.0,
      3.0,
      3.0,
      3.0,
      3.0,
      3.0,
      3.0,
      3.0,
      4.0,
      3.0,
      2.0,
      3.0,
      2.0,
      3.0,
      3.0,
      4.0,
      3.0,
      4.0,
      3.0,
      4.0,
      3.0,
      2.0,
      2.0,
      3.0,
      3.0,
      3.0,
      3.0,
      3.0,
      3.0,
      3.0,
      4.0,
      2.0,
      4.0,
      3.0,
      2.0,
      2.0,
      3.0,
      4.0,
      4.0,
      2.0,
      3.0,
      2.0,
      2.0,
      2.0,
      2.0,
      3.0,
      2.0,
      4.0,
      2.0,
      4.0,
      4.0,
      2.0,
      4.0,
      3.0,
      3.0,
      2.0,
      4.0,
      3.0,
      4.0,
      4.0,
      4.0,
      3.0,
      3.0,
      3.0,
      3.0,
      3.0,
      2.0,
      3.0,
      2.0,
      3.0,
      2.0,
      3.0,
      2.0,
      3.0,
      3.0,
      4.0,
      3.0,
      3.0,
      2.0,
      3.0,
      2.0,
      3.0,
      3.0,
      4.0,
      3.0,
      3.0,
      2.0,
      3.0,
      4.0,
      3.0,
      4.0,
      4.0,
      2.0,
      3.0,
      3.0,
      4.0,
      3.0,
      3.0,
      4.0,
      3.0,
      2.0,
      2.0,
      5.0,
      3.0,
      4.0,
      3.0,
      4.0,
      3.0,
      3.0,
      3.0,
      2.0,
      3.0,
      2.0,
      3.0,
      4.0,
      3.0,
      2.0,
      3.0,
      2.0,
      3.0,
      2.0,
      3.0,
      3.0,
      3.0,
      3.0,
      2.0,
      3.0,
      3.0,
      3.0,
      3.0,
      3.0,
      3.0,
      4.0,
      3.0,
      4.0,
      4.0,
      3.0,
      3.0,
      2.0,
      4.0,
      3.0,
      4.0,
      2.0,
      4.0,
      3.0,
      3.0,
      4.0,
      3.0,
      3.0,
      3.0,
      3.0,
      4.0,
      2.0,
      3.0,
      4.0,
      3.0,
      3.0,
      3.0,
      3.0,
      3.0,
      3.0,
      4.0,
      3.0,
      2.0,
      4.0,
      4.0,
      3.0,
      2.0,
      4.0,
      3.0,
      3.0,
      4.0,
      4.0,
      3.0,
      3.0,
      2.0,
      2.0,
      2.0,
      3.0,
      4.0,
      3.0,
      3.0,
      3.0,
      4.0,
      4.0,
      4.0,
      3.0,
      3.0,
      3.0,
      2.0,
      3.0,
      2.0,
      3.0,
      2.0,
      3.0,
      2.0,
      2.0,
      3.0,
      2.0,
      3.0,
      3.0,
      2.0,
      4.0,
      3.0,
      4.0,
      3.0,
      2.0,
      3.0,
      3.0,
      2.0,
      2.0,
      3.0,
      3.0,
      5.0,
      3.0,
      3.0,
      4.0,
      3.0,
      3.0,
      4.0,
      3.0,
      3.0,
      4.0,
      3.0,
      3.0,
      3.0,
      3.0,
      4.0,
      3.0,
      3.0,
      3.0,
      3.0,
      3.0,
      3.0,
      3.0,
      3.0,
      2.0,
      4.0,
      3.0,
      2.0,
      3.0,
      2.0,
      4.0,
      4.0,
      3.0,
      2.0,
      3.0,
      2.0,
      4.0,
      2.0,
      3.0,
      2.0,
      3.0,
      2.0,
      4.0,
      3.0,
      2.0,
      2.0,
      3.0,
      2.0,
      2.0,
      4.0,
      2.0,
      2.0,
      4.0,
      4.0,
      3.0,
      3.0,
      4.0,
      3.0,
      4.0,
      3.0,
      4.0,
      4.0,
      2.0,
      3.0,
      3.0,
      3.0,
      3.0,
      3.0,
      3.0,
      3.0,
      4.0,
      3.0,
      3.0,
      2.0,
      3.0,
      3.0,
      2.0,
      3.0,
      4.0,
      2.0,
      4.0,
      3.0,
      2.0,
      3.0,
      3.0,
      2.0,
      3.0,
      3.0,
      3.0,
      2.0,
      4.0,
      3.0,
      4.0,
      4.0,
      2.0,
      4.0,
      3.0,
      3.0,
      3.0,
      4.0,
      3.0,
      4.0,
      2.0,
      4.0,
      4.0,
      2.0,
      3.0,
      4.0,
      2.0,
      4.0,
      4.0,
      4.0,
      3.0,
      2.0,
      3.0,
      2.0,
      3.0,
      3.0,
      4.0,
      3.0,
      2.0,
      4.0,
      2.0,
      2.0,
      4.0,
      2.0,
      2.0,
      3.0,
      3.0,
      2.0,
      3.0,
      2.0,
      4.0,
      3.0,
      2.0,
      4.0,
      2.0,
      3.0,
      3.0,
      2.0,
      3.0,
      3.0,
      3.0,
      4.0,
      3.0,
      3.0,
      2.0,
      2.0,
      2.0,
      3.0,
      4.0,
      3.0,
      2.0,
      3.0,
      2.0,
      3.0,
      3.0,
      3.0,
      4.0,
      3.0,
      3.0,
      3.0,
      2.0,
      4.0,
      2.0,
      3.0,
      4.0,
      4.0,
      4.0,
      3.0,
      4.0,
      3.0,
      3.0,
      3.0,
      3.0,
      3.0,
      4.0,
      3.0,
      3.0,
      2.0,
      4.0,
      3.0,
      4.0,
      3.0,
      3.0,
      4.0,
      2.0,
      4.0,
      3.0,
      2.0,
      5.0,
      3.0,
      3.0,
      3.0,
      3.0,
      3.0,
      2.0,
