{
  "_triangle_count": 20109822,
  "_four_cycle_count": 46969527398,
  "_five_cycle_count": 343451675307,
  "_six_cycle_count": 136406255300373,
  "_diamond_count": 5705025144,
  "_k4_count": 87698607,
  "_tailed_triangle_count": 148164487960,
  "_star_counts": {
    "__sig_type__": "dict",
    "items": [
      [
        2,
        3396036695
      ],
      [
        3,
        10792731884046
      ],
      [
        4,
        31536048727467088
      ],
      [
        5,
        77302142276654317568
      ],
      [
        6,
        161833987410492097822720
      ],
      [
        7,
        302138861500439487909462016
      ],
      [
        8,
        505666043235646757471764086784
      ],
      [
        9,
        766298443753775652171015247626240
      ],
      [
        10,
        1028980656653791142457408773290983424
      ]
    ]
  },
  "_path_template_zipf": {
    "__sig_type__": "dict",
    "items": [
      [
        2,
        NaN
      ],
      [
        3,
        1.3433186779902804
      ],
      [
        4,
        1.1871188629207161
      ],
      [
        5,
        1.2024605563752113
      ],
      [
        6,
        1.2495407563077476
      ],
      [
        7,
        1.3594836061251354
      ],
      [
        8,
        1.4347217369467455
      ],
      [
        9,
        1.6004382998542566
      ],
      [
        10,
        NaN
      ]
    ]
  },
  "_path_template_entropy": {
    "__sig_type__": "dict",
    "items": [
      [
        2,
        -0.0
      ],
      [
        3,
        0.020089497997887725
      ],
      [
        4,
        0.7312600835802561
      ],
      [
        5,
        1.4179146765872004
      ],
      [
        6,
        2.6932405540327005
      ],
      [
        7,
        3.0410442963061572
      ],
      [
        8,
        4.326820440953824
      ],
      [
        9,
        4.6729300561015785
      ],
      [
        10,
        NaN
      ]
    ]
  },
  "_tree_template_zipf": 1.0606020902608384,
  "_tree_template_entropy": 2.7083052470162814
}