{
  "_num_entities": 45158,
  "_num_triples": 2250197,
  "_num_relations": 24,
  "_density": 0.0011034461478263088,
  "_triples_per_entity": 49.82942114354046,
  "_relation_reuse": 93758.20833333333
}