{
  "source": "/Users/cl/data/Cross_Platform_Work/Uni/tum/bpc/BPC-Data-Engeneering-Topic-2/graphs/data/hetionet/raw/hetionet.nt",
  "features": {
    "num_entities": 45158.0,
    "num_triples": 2250197.0,
    "num_relations": 24.0,
    "density": 0.0011034461478263088,
    "triples_per_entity": 49.82942114354046,
    "relation_reuse": 93758.20833333333,
    "out_degree_alpha": 2.6775128622688094,
    "out_degree_ks": 0.038120157636513885,
    "in_degree_alpha": 2.5979361005188477,
    "in_degree_ks": 0.023141188803651125,
    "obj_multiplicity_alpha_mean": 2.3048299117049176,
    "obj_multiplicity_alpha_std": 0.5739647898768988,
    "obj_multiplicity_alpha_median": 2.3196610547280097,
    "obj_multiplicity_ks_mean": 0.11203037243284464,
    "obj_multiplicity_ks_std": 0.09068291329699919,
    "obj_multiplicity_ks_median": 0.0851204507116462,
    "subj_multiplicity_alpha_mean": 2.3070151160964003,
    "subj_multiplicity_alpha_std": 0.42847095185471934,
    "subj_multiplicity_alpha_median": 2.349213404309445,
    "subj_multiplicity_ks_mean": 0.08133083990106543,
    "subj_multiplicity_ks_std": 0.052889771422781395,
    "subj_multiplicity_ks_median": 0.06259685275957583,
    "functionality_mean": 0.1596505256567544,
    "functionality_std": 0.1894139598056072,
    "functionality_median": 0.11612423169436231,
    "inverse_functionality_mean": 0.2521679408983751,
    "inverse_functionality_std": 0.2413594534835694,
    "inverse_functionality_median": 0.20849056603773586,
    "subj_singular_value_01": 50640.62447011889,
    "subj_singular_value_02": 5384.9310822846965,
    "subj_singular_value_03": 3983.609884717043,
    "subj_singular_value_04": 3935.3509040079057,
    "subj_singular_value_05": 3593.113853498648,
    "subj_singular_value_06": 2878.8519892342024,
    "subj_singular_value_07": 2654.641829014921,
    "subj_singular_value_08": 1509.485871840741,
    "subj_singular_value_09": 527.6731762161103,
    "subj_singular_value_10": 526.5831231289538,
    "subj_cooc_density": 0.25,
    "subj_row_entropy_mean": 1.6414593786131568,
    "subj_row_entropy_std": 0.45411292475509935,
    "obj_singular_value_01": 73141.07969454855,
    "obj_singular_value_02": 11380.999999999998,
    "obj_singular_value_03": 6252.235673993489,
    "obj_singular_value_04": 5701.000000000002,
    "obj_singular_value_05": 4562.866671148606,
    "obj_singular_value_06": 3915.9821111139245,
    "obj_singular_value_07": 3756.021508062047,
    "obj_singular_value_08": 3441.2085086016723,
    "obj_singular_value_09": 3146.273262217189,
    "obj_singular_value_10": 2884.0000000000005,
    "obj_cooc_density": 0.2847222222222222,
    "obj_row_entropy_mean": 1.3467777527408937,
    "obj_row_entropy_std": 1.0274534848102914,
    "num_classes": 0.0,
    "class_size_zipf_exponent": NaN,
    "mean_type_relation_entropy": 0.0,
    "num_distinct_cs": 204.0,
    "cs_freq_alpha": 2.2054456327869363,
    "cs_freq_ks": 0.09516461118907471,
    "cs_size_mean": 3.843579302810607,
    "cs_size_median": 4.0,
    "cs_size_p90": 6.0,
    "inv_num_distinct_cs": 819.0,
    "inv_cs_freq_alpha": 1.6107841606503706,
    "inv_cs_freq_ks": 0.04596781613539158,
    "inv_cs_size_mean": 2.9492806080897656,
    "inv_cs_size_median": 1.0,
    "inv_cs_size_p90": 7.0,
    "pair_freq_top_01": 0.12497645384606178,
    "pair_freq_top_02": 0.11299637703254059,
    "pair_freq_top_03": 0.09430282810310268,
    "pair_freq_top_04": 0.08223497824908714,
    "pair_freq_top_05": 0.06207605097116843,
    "pair_freq_top_06": 0.05082120025828675,
    "pair_freq_top_07": 0.0375036175532403,
    "pair_freq_top_08": 0.03719387862688565,
    "pair_freq_top_09": 0.028210976730826114,
    "pair_freq_top_10": 0.026776898267962812,
    "pair_freq_top_11": 0.02044805227742003,
    "pair_freq_top_12": 0.019734281524575712,
    "pair_freq_top_13": 0.01795690167607126,
    "pair_freq_top_14": 0.017696529029618057,
    "pair_freq_top_15": 0.01514761725916271,
    "pair_freq_top_16": 0.014888298960640907,
    "pair_freq_top_17": 0.013182973819685986,
    "pair_freq_top_18": 0.011540453620374333,
    "pair_freq_top_19": 0.010365858732195055,
    "pair_freq_top_20": 0.010347695451884974,
    "pair_freq_alpha": 1.9390611148875954,
    "pair_freq_ks": 0.06840488230093322,
    "triangle_count": 20109822.0,
    "four_cycle_count": 46969527398.0,
    "five_cycle_count": 343451675307.0,
    "six_cycle_count": 136406255300373.0,
    "diamond_count": 5705025144.0,
    "k4_count": 87698607.0,
    "tailed_triangle_count": 148164487960.0,
    "star_count_k2": 3396036695.0,
    "star_count_k3": 10792731884046.0,
    "star_count_k4": 3.153604872746709e+16,
    "star_count_k5": 7.730214227665432e+19,
    "star_count_k6": 1.618339874104921e+23,
    "star_count_k7": 3.021388615004395e+26,
    "star_count_k8": 5.0566604323564676e+29,
    "star_count_k9": 7.662984437537757e+32,
    "star_count_k10": 1.0289806566537911e+36,
    "path_template_zipf_k2": NaN,
    "path_template_zipf_k3": 1.3433186779902804,
    "path_template_zipf_k4": 1.1871188629207161,
    "path_template_zipf_k5": 1.2024605563752113,
    "path_template_zipf_k6": 1.2495407563077476,
    "path_template_zipf_k7": 1.3594836061251354,
    "path_template_zipf_k8": 1.4347217369467455,
    "path_template_zipf_k9": 1.6004382998542566,
    "path_template_zipf_k10": NaN,
    "path_template_entropy_k2": -0.0,
    "path_template_entropy_k3": 0.020089497997887725,
    "path_template_entropy_k4": 0.7312600835802561,
    "path_template_entropy_k5": 1.4179146765872004,
    "path_template_entropy_k6": 2.6932405540327005,
    "path_template_entropy_k7": 3.0410442963061572,
    "path_template_entropy_k8": 4.326820440953824,
    "path_template_entropy_k9": 4.6729300561015785,
    "path_template_entropy_k10": NaN,
    "tree_template_zipf": 1.0606020902608384,
    "tree_template_entropy": 2.7083052470162814,
    "num_components": 1.0,
    "largest_component_fraction": 1.0,
    "avg_shortest_path_length": 3.04,
    "avg_shortest_path_length_se": 0.02320575973416839,
    "clustering_coefficient": 0.11309206083696323,
    "degree_assortativity": -0.1698693737135014
  }
}