{
  "block_e_estimated": true,
  "per_feature_relative_error": {
    "num_entities": 0.0,
    "num_relations": 0.2222222222222222,
    "mean_degree": 0.0,
    "type_edge_frac": 0.0,
    "out_degree_alpha": 0.027375021535774483,
    "out_degree_xmin": 0.0,
    "in_degree_alpha": 0.03644069263632841,
    "in_degree_xmin": 0.0,
    "rel_freq_logq_q00": 0.41593110329953603,
    "rel_freq_logq_q10": 0.3842426983557546,
    "rel_freq_logq_q25": 0.438733461015243,
    "rel_freq_logq_q50": 0.4566149276093329,
    "rel_freq_logq_q75": 0.41422801100485246,
    "rel_freq_logq_q90": 0.2084248451198164,
    "rel_freq_logq_q100": 0.43719432131889174,
    "obj_mult_alpha_q00": NaN,
    "obj_mult_alpha_q10": NaN,
    "obj_mult_alpha_q25": NaN,
    "obj_mult_alpha_q50": NaN,
    "obj_mult_alpha_q75": NaN,
    "obj_mult_alpha_q90": NaN,
    "obj_mult_alpha_q100": NaN,
    "subj_mult_alpha_q00": NaN,
    "subj_mult_alpha_q10": NaN,
    "subj_mult_alpha_q25": NaN,
    "subj_mult_alpha_q50": NaN,
    "subj_mult_alpha_q75": NaN,
    "subj_mult_alpha_q90": NaN,
    "subj_mult_alpha_q100": NaN,
    "obj_mult_max": 0.25,
    "subj_mult_max": 0.03389830508474576,
    "a_obj": 0.7294102230023833,
    "a_subj": 2.4184092367697274,
    "out_degree_max": 0.11538461538461539,
    "out_degree_p90": 0.0,
    "in_degree_max": 0.03125,
    "in_degree_p90": 0.0,
    "subject_frac": 0.0035694673256452336,
    "object_frac": 0.0007776049766717874,
    "recip_symmetric_frac_bin0": NaN,
    "recip_symmetric_frac_bin1": NaN,
    "recip_symmetric_frac_bin2": NaN,
    "recip_symmetric_frac_bin3": 1.0,
    "recip_symmetric_frac_bin4": 0.0,
    "recip_symmetric_frac_bin5": 1.0,
    "recip_symmetric_value": NaN,
    "class_size_alpha": NaN,
    "class_size_xmin": NaN,
    "num_classes": 0.0,
    "subj_cooc_rate": 0.11921433898437384,
    "subj_cooc_scale": 0.4641810431668397,
    "subj_cooc_density": 0.07303974221267445,
    "obj_cooc_rate": 0.06919363867940077,
    "obj_cooc_scale": 0.06740949830207638,
    "obj_cooc_density": 0.8068343616516372,
    "edge_multiplicity": 0.00030549898167021974,
    "bidirectional_ratio": 0.30835853752855125,
    "subj_row_entropy_q00": NaN,
    "subj_row_entropy_q10": NaN,
    "subj_row_entropy_q25": NaN,
    "subj_row_entropy_q50": NaN,
    "subj_row_entropy_q75": NaN,
    "subj_row_entropy_q90": NaN,
    "subj_row_entropy_q100": NaN,
    "obj_row_entropy_q00": NaN,
    "obj_row_entropy_q10": NaN,
    "obj_row_entropy_q25": NaN,
    "obj_row_entropy_q50": NaN,
    "obj_row_entropy_q75": NaN,
    "obj_row_entropy_q90": NaN,
    "obj_row_entropy_q100": NaN,
    "type_rel_spectrum_rate": NaN,
    "type_rel_spectrum_scale": NaN,
    "per_type_entropy_rate": NaN,
    "per_type_entropy_scale": NaN,
    "num_distinct_cs": 0.4883720930232558,
    "cs_freq_alpha": 0.2261782933516673,
    "cs_freq_vmin": 0.0,
    "cs_freq_vmax": 0.5561282932416953,
    "cs_size_q00": 0.0,
    "cs_size_q10": 0.0,
    "cs_size_q25": 0.0,
    "cs_size_q50": 0.0,
    "cs_size_q75": 0.5,
    "cs_size_q90": 0.5,
    "cs_size_q100": 0.0,
    "inv_num_distinct_cs": 0.15625,
    "inv_cs_freq_alpha": 0.002540733426184731,
    "inv_cs_freq_vmin": 0.0,
    "inv_cs_freq_vmax": 0.3196448390677026,
    "inv_cs_size_q00": 0.0,
    "inv_cs_size_q10": 0.0,
    "inv_cs_size_q25": 0.0,
    "inv_cs_size_q50": 0.0,
    "inv_cs_size_q75": 0.5,
    "inv_cs_size_q90": 0.0,
    "inv_cs_size_q100": 0.0,
    "two_step_alpha": 0.06787248421038104,
    "two_step_vmin": 0.0,
    "two_step_vmax": 0.6486212718064153,
    "triangle_count": 0.17575757575757575,
    "four_cycle_count": 0.7834890965732088,
    "five_cycle_count": 0.02269503546099291,
    "six_cycle_count": 1.10882800608828,
    "diamond_count": 0.8092566619915849,
    "k4_count": 0.21052631578947367,
    "tailed_triangle_count": 0.07604323780794368,
    "path_template_zipf_k2": NaN,
    "path_template_zipf_k3": 0.06268554423459986,
    "path_template_zipf_k4": 0.008658514390325086,
    "path_template_zipf_k5": 0.015311427571740102,
    "path_template_zipf_k6": 0.08681004808177721,
    "path_template_zipf_k7": 0.04587372173212457,
    "path_template_zipf_k8": 0.06594738184509265,
    "path_template_zipf_k9": 0.06441282988148449,
    "path_template_zipf_k10": 0.03689060377411685,
    "path_template_entropy_k2": 0.0,
    "path_template_entropy_k3": 0.5013057200978696,
    "path_template_entropy_k4": 0.6350279810391809,
    "path_template_entropy_k5": 0.6658471374398436,
    "path_template_entropy_k6": 0.6837222258203345,
    "path_template_entropy_k7": 0.6742779427787164,
    "path_template_entropy_k8": 0.6681823617939281,
    "path_template_entropy_k9": 0.6624439929377035,
    "path_template_entropy_k10": 0.6553007989457784,
    "tree_template_zipf": 0.023384623633942014,
    "tree_template_entropy": 0.24292911651481808,
    "num_components": 0.0,
    "largest_component_fraction": 0.0,
    "clustering_coefficient": 0.3365958118884967,
    "degree_assortativity": 0.02135503824807128,
    "shortest_path_max": 0.3333333333333333,
    "shortest_path_mean": 0.28949579831932765,
    "shortest_path_var": 0.6595879120879121
  },
  "mean_relative_error": 0.2644655496858489,
  "median_relative_error": 0.07303974221267445,
  "normalised_w1": {
    "b:out_degree": 106.07988358302858,
    "b:in_degree": 1.9447932217315584,
    "b:relation_freq": 0.5996038827869823,
    "b:obj_mult_alpha": NaN,
    "b:subj_mult_alpha": NaN,
    "c:class_size": NaN,
    "c:subj_cooc_spectrum": 0.5834649930673211,
    "c:obj_cooc_spectrum": 0.11954978293175522,
    "c:subj_row_entropy": NaN,
    "c:obj_row_entropy": NaN,
    "c:type_rel_spectrum": NaN,
    "c:per_type_entropy": NaN,
    "d:cs_freq": 6.56411136452348,
    "d:cs_size": 0.3219345369379117,
    "d:inv_cs_freq": 0.09705877037907974,
    "d:inv_cs_size": 0.19895383771146127,
    "d:two_step": 0.47782104334923936
  },
  "mean_normalised_w1": 11.698717501644735
}