{
  "_triangle_count": 275420,
  "_four_cycle_count": 355906224,
  "_five_cycle_count": 1596735078,
  "_six_cycle_count": 848816862187,
  "_diamond_count": 122810794,
  "_k4_count": 272308,
  "_tailed_triangle_count": 1607704933,
  "_star_counts": {
    "__sig_type__": "dict",
    "items": [
      [
        2,
        971894810
      ],
      [
        3,
        3438559980358
      ],
      [
        4,
        11533103894697344
      ],
      [
        5,
        34418509799521718272
      ],
      [
        6,
        87775147096956720906240
      ],
      [
        7,
        198528768223279424584286208
      ],
      [
        8,
        413203751128092389777078222848
      ],
      [
        9,
        777782552219413953040707731062784
      ],
      [
        10,
        1343820273857034275092100029888856064
      ]
    ]
  },
  "_path_template_zipf": {
    "__sig_type__": "dict",
    "items": [
      [
        2,
        NaN
      ],
      [
        3,
        1.225703494515983
      ],
      [
        4,
        1.1515546883315855
      ],
      [
        5,
        1.2207312635099314
      ],
      [
        6,
        1.2451825475064657
      ],
      [
        7,
        1.3340298517548337
      ],
      [
        8,
        1.5002600083843314
      ],
      [
        9,
        NaN
      ],
      [
        10,
        NaN
      ]
    ]
  },
  "_path_template_entropy": {
    "__sig_type__": "dict",
    "items": [
      [
        2,
        -0.0
      ],
      [
        3,
        0.0013980014862224176
      ],
      [
        4,
        0.42402017146125953
      ],
      [
        5,
        1.3900152270348434
      ],
      [
        6,
        2.1588137532305205
      ],
      [
        7,
        2.8633293931357207
      ],
      [
        8,
        3.4955355767947993
      ],
      [
        9,
        NaN
      ],
      [
        10,
        NaN
      ]
    ]
  },
  "_tree_template_zipf": 1.06841079814282,
  "_tree_template_entropy": 2.288127353643292
}