{
  "_num_entities": 77951,
  "_num_triples": 612437,
  "_num_relations": 69,
  "_density": 0.00010079013770800779,
  "_triples_per_entity": 7.856692024476915,
  "_relation_reuse": 8875.898550724638
}