{
  "source": "/Users/cl/data/Cross_Platform_Work/Uni/tum/bpc/BPC-Data-Engeneering-Topic-2/graphs/data/codex_l/raw/codex_l.nt",
  "features": {
    "num_entities": 77951.0,
    "num_triples": 612437.0,
    "num_relations": 69.0,
    "density": 0.00010079013770800779,
    "triples_per_entity": 7.856692024476915,
    "relation_reuse": 8875.898550724638,
    "out_degree_alpha": 2.6838867187499993,
    "out_degree_ks": 0.12573115394251383,
    "in_degree_alpha": 1.9058641178326048,
    "in_degree_ks": 0.015228665490832516,
    "obj_multiplicity_alpha_mean": 2.7465404138696403,
    "obj_multiplicity_alpha_std": 0.3009910713861125,
    "obj_multiplicity_alpha_median": 2.9352172851562495,
    "obj_multiplicity_ks_mean": 0.08139110545947768,
    "obj_multiplicity_ks_std": 0.06426804820822775,
    "obj_multiplicity_ks_median": 0.06084344996650776,
    "subj_multiplicity_alpha_mean": 2.131483202320704,
    "subj_multiplicity_alpha_std": 0.42344131186191153,
    "subj_multiplicity_alpha_median": 2.0984115789716,
    "subj_multiplicity_ks_mean": 0.07574824711861698,
    "subj_multiplicity_ks_std": 0.05290074993229745,
    "subj_multiplicity_ks_median": 0.060420031198247515,
    "functionality_mean": 0.7745838743145891,
    "functionality_std": 0.27070666285104755,
    "functionality_median": 0.8811881188118812,
    "inverse_functionality_mean": 0.3842311593446583,
    "inverse_functionality_std": 0.31663555795167736,
    "inverse_functionality_median": 0.3289824977751409,
    "subj_singular_value_01": 197488.23517021464,
    "subj_singular_value_02": 23064.645330581185,
    "subj_singular_value_03": 16306.33838071725,
    "subj_singular_value_04": 15403.988965272998,
    "subj_singular_value_05": 13624.729271543809,
    "subj_singular_value_06": 10701.778294070522,
    "subj_singular_value_07": 9862.57601501101,
    "subj_singular_value_08": 8330.706856121995,
    "subj_singular_value_09": 7516.096607389148,
    "subj_singular_value_10": 7097.9850230439015,
    "subj_cooc_density": 0.419449695442134,
    "subj_row_entropy_mean": 2.322969673613972,
    "subj_row_entropy_std": 0.48579898385606,
    "obj_singular_value_01": 6944.437775195918,
    "obj_singular_value_02": 6574.248525426527,
    "obj_singular_value_03": 2678.741758146672,
    "obj_singular_value_04": 2355.1983131295256,
    "obj_singular_value_05": 2073.480138898699,
    "obj_singular_value_06": 1830.511904727154,
    "obj_singular_value_07": 1120.733793856943,
    "obj_singular_value_08": 1014.9374315442184,
    "obj_singular_value_09": 948.248904724965,
    "obj_singular_value_10": 902.9712456114883,
    "obj_cooc_density": 0.23419449695442135,
    "obj_row_entropy_mean": 1.4532740325891353,
    "obj_row_entropy_std": 0.7274155671097262,
    "num_classes": 0.0,
    "class_size_zipf_exponent": NaN,
    "mean_type_relation_entropy": 0.0,
    "num_distinct_cs": 9454.0,
    "cs_freq_alpha": 1.8462820349949207,
    "cs_freq_ks": 0.013055605373605506,
    "cs_size_mean": 5.333749497732621,
    "cs_size_median": 5.0,
    "cs_size_p90": 8.0,
    "inv_num_distinct_cs": 1018.0,
    "inv_cs_freq_alpha": 1.724616783519365,
    "inv_cs_freq_ks": 0.03130530971920753,
    "inv_cs_size_mean": 1.5825210224657993,
    "inv_cs_size_median": 1.0,
    "inv_cs_size_p90": 3.0,
    "pair_freq_top_01": 0.46394723805093774,
    "pair_freq_top_02": 0.1490866055049388,
    "pair_freq_top_03": 0.06131109813085711,
    "pair_freq_top_04": 0.05113404816599004,
    "pair_freq_top_05": 0.03984045147556239,
    "pair_freq_top_06": 0.028287036764523696,
    "pair_freq_top_07": 0.01912550839391533,
    "pair_freq_top_08": 0.015275465280276979,
    "pair_freq_top_09": 0.01028382449388531,
    "pair_freq_top_10": 0.00977623480978323,
    "pair_freq_top_11": 0.008293163979804282,
    "pair_freq_top_12": 0.007819317784680401,
    "pair_freq_top_13": 0.007163201992905517,
    "pair_freq_top_14": 0.006437203640792415,
    "pair_freq_top_15": 0.006406471741094217,
    "pair_freq_top_16": 0.005872530650792123,
    "pair_freq_top_17": 0.005760280504901156,
    "pair_freq_top_18": 0.005139550887166291,
    "pair_freq_top_19": 0.0046904134131806035,
    "pair_freq_top_20": 0.004390212718133176,
    "pair_freq_alpha": 1.5486234006477266,
    "pair_freq_ks": 0.034668038096825615,
    "triangle_count": 275420.0,
    "four_cycle_count": 355906224.0,
    "five_cycle_count": 1596735078.0,
    "six_cycle_count": 848816862187.0,
    "diamond_count": 122810794.0,
    "k4_count": 272308.0,
    "tailed_triangle_count": 1607704933.0,
    "star_count_k2": 971894810.0,
    "star_count_k3": 3438559980358.0,
    "star_count_k4": 1.1533103894697344e+16,
    "star_count_k5": 3.441850979952172e+19,
    "star_count_k6": 8.777514709695672e+22,
    "star_count_k7": 1.9852876822327942e+26,
    "star_count_k8": 4.132037511280924e+29,
    "star_count_k9": 7.77782552219414e+32,
    "star_count_k10": 1.3438202738570343e+36,
    "path_template_zipf_k2": NaN,
    "path_template_zipf_k3": 1.225703494515983,
    "path_template_zipf_k4": 1.1515546883315855,
    "path_template_zipf_k5": 1.2207312635099314,
    "path_template_zipf_k6": 1.2451825475064657,
    "path_template_zipf_k7": 1.3340298517548337,
    "path_template_zipf_k8": 1.5002600083843314,
    "path_template_zipf_k9": NaN,
    "path_template_zipf_k10": NaN,
    "path_template_entropy_k2": -0.0,
    "path_template_entropy_k3": 0.0013980014862224176,
    "path_template_entropy_k4": 0.42402017146125953,
    "path_template_entropy_k5": 1.3900152270348434,
    "path_template_entropy_k6": 2.1588137532305205,
    "path_template_entropy_k7": 2.8633293931357207,
    "path_template_entropy_k8": 3.4955355767947993,
    "path_template_entropy_k9": NaN,
    "path_template_entropy_k10": NaN,
    "tree_template_zipf": 1.06841079814282,
    "tree_template_entropy": 2.288127353643292,
    "num_components": 2.0,
    "largest_component_fraction": 0.9998588857102538,
    "avg_shortest_path_length": 2.973,
    "avg_shortest_path_length_se": 0.021682248625929424,
    "clustering_coefficient": 0.09801092946826935,
    "degree_assortativity": -0.17819478317966392
  }
}