{
  "_num_components": 2,
  "_largest_component_fraction": 0.9993916102450425,
  "_avg_shortest_path_length": 3.177,
  "_avg_shortest_path_length_se": 0.023111984708888113,
  "_clustering_coefficient": 0.006961337895323427,
  "_degree_assortativity": -0.12300960807669455,
  "_pair_dists_finite": {
    "__sig_type__": "ndarray",
    "dtype": "float64",
    "data": [
      3.0,
      3.0,
      2.0,
      3.0,
      3.0,
      4.0,
      4.0,
      3.0,
      3.0,
      3.0,
      3.0,
      4.0,
      3.0,
      4.0,
      4.0,
      4.0,
      4.0,
      3.0,
      3.0,
      3.0,
      4.0,
      3.0,
      3.0,
      4.0,
      4.0,
      3.0,
      3.0,
      4.0,
      3.0,
      2.0,
      4.0,
      2.0,
      3.0,
      3.0,
      4.0,
      3.0,
      4.0,
      3.0,
      3.0,
      4.0,
      4.0,
      3.0,
      3.0,
      3.0,
      3.0,
      3.0,
      3.0,
      4.0,
      4.0,
      3.0,
      3.0,
      2.0,
      4.0,
      4.0,
      2.0,
      3.0,
      3.0,
      3.0,
      4.0,
      2.0,
      4.0,
      3.0,
      3.0,
      4.0,
      4.0,
      3.0,
      4.0,
      4.0,
      2.0,
      3.0,
      4.0,
      3.0,
      3.0,
      4.0,
      3.0,
      4.0,
      3.0,
      2.0,
      3.0,
      4.0,
      4.0,
      3.0,
      4.0,
      2.0,
      2.0,
      4.0,
      4.0,
      3.0,
      3.0,
      3.0,
      4.0,
      2.0,
      4.0,
      3.0,
      4.0,
      3.0,
      3.0,
      2.0,
      4.0,
      3.0,
      2.0,
      2.0,
      4.0,
      3.0,
      3.0,
      4.0,
      4.0,
      4.0,
      3.0,
      4.0,
      2.0,
      4.0,
      4.0,
      3.0,
      2.0,
      2.0,
      3.0,
      3.0,
      3.0,
      3.0,
      4.0,
      4.0,
      3.0,
      3.0,
      4.0,
      3.0,
      3.0,
      4.0,
      3.0,
      4.0,
      4.0,
      3.0,
      4.0,
      3.0,
      3.0,
      2.0,
      3.0,
      2.0,
      2.0,
      2.0,
      4.0,
      4.0,
      4.0,
      3.0,
      3.0,
      3.0,
      2.0,
      4.0,
      4.0,
      3.0,
      4.0,
      2.0,
      4.0,
      4.0,
      4.0,
      3.0,
      2.0,
      3.0,
      3.0,
      4.0,
      3.0,
      2.0,
      4.0,
      3.0,
      4.0,
      3.0,
      3.0,
      2.0,
      3.0,
      4.0,
      3.0,
      2.0,
      4.0,
      3.0,
      2.0,
      3.0,
      2.0,
      3.0,
      4.0,
      2.0,
      3.0,
      4.0,
      4.0,
      2.0,
      3.0,
      2.0,
      3.0,
      2.0,
      3.0,
      3.0,
      3.0,
      4.0,
      3.0,
      2.0,
      4.0,
      4.0,
      3.0,
      3.0,
      3.0,
      4.0,
      3.0,
      4.0,
      3.0,
      4.0,
      3.0,
      3.0,
      4.0,
      4.0,
      3.0,
      4.0,
      4.0,
      2.0,
      2.0,
      3.0,
      3.0,
      2.0,
      3.0,
      2.0,
      2.0,
      3.0,
      3.0,
      2.0,
      4.0,
      4.0,
      4.0,
      3.0,
      4.0,
      3.0,
      2.0,
      2.0,
      4.0,
      4.0,
      3.0,
      4.0,
      4.0,
      3.0,
      3.0,
      3.0,
      3.0,
      4.0,
      3.0,
      3.0,
      3.0,
      4.0,
      4.0,
      4.0,
      4.0,
      3.0,
      2.0,
      4.0,
      3.0,
      3.0,
      2.0,
      3.0,
      4.0,
      3.0,
      2.0,
      2.0,
      2.0,
      2.0,
      3.0,
      3.0,
      3.0,
      4.0,
      4.0,
      2.0,
      2.0,
      4.0,
      4.0,
      3.0,
      3.0,
      3.0,
      3.0,
      4.0,
      2.0,
      4.0,
      2.0,
      4.0,
      3.0,
      3.0,
      3.0,
      3.0,
      2.0,
      4.0,
      3.0,
      3.0,
      3.0,
      4.0,
      3.0,
      3.0,
      3.0,
      4.0,
      3.0,
      4.0,
      2.0,
      3.0,
      3.0,
      3.0,
      4.0,
      3.0,
      3.0,
      3.0,
      4.0,
      4.0,
      3.0,
      3.0,
      3.0,
      3.0,
      4.0,
      3.0,
      3.0,
      4.0,
      3.0,
      3.0,
      3.0,
      3.0,
      3.0,
      4.0,
      4.0,
      3.0,
      3.0,
      2.0,
      2.0,
      4.0,
      4.0,
      4.0,
      3.0,
      2.0,
      3.0,
      2.0,
      4.0,
      3.0,
      3.0,
      4.0,
      2.0,
      4.0,
      4.0,
      3.0,
      4.0,
      4.0,
      3.0,
      2.0,
      3.0,
      2.0,
      3.0,
      3.0,
      4.0,
      4.0,
      4.0,
      2.0,
      3.0,
      2.0,
      2.0,
      3.0,
      3.0,
      3.0,
      3.0,
      3.0,
      4.0,
      3.0,
      4.0,
      4.0,
      3.0,
      3.0,
      3.0,
      2.0,
      3.0,
      4.0,
      3.0,
      4.0,
      4.0,
      3.0,
      2.0,
      3.0,
      4.0,
      4.0,
      4.0,
      4.0,
      3.0,
      2.0,
      3.0,
      3.0,
      3.0,
      3.0,
      2.0,
      3.0,
      3.0,
      3.0,
      4.0,
      3.0,
      4.0,
      3.0,
      3.0,
      2.0,
      3.0,
      4.0,
      3.0,
      3.0,
      2.0,
      2.0,
      4.0,
      3.0,
      3.0,
      4.0,
      2.0,
      3.0,
      3.0,
      4.0,
      4.0,
      2.0,
      2.0,
      2.0,
      2.0,
      3.0,
      3.0,
      4.0,
      4.0,
      2.0,
      3.0,
      3.0,
      4.0,
      4.0,
      3.0,
      3.0,
      3.0,
      3.0,
      4.0,
      4.0,
      2.0,
      3.0,
      3.0,
      3.0,
      3.0,
      3.0,
      2.0,
      5.0,
      2.0,
      3.0,
      2.0,
      4.0,
      4.0,
      3.0,
      3.0,
      4.0,
      3.0,
      3.0,
      4.0,
      4.0,
      4.0,
      3.0,
      3.0,
      3.0,
      3.0,
      3.0,
      3.0,
      4.0,
      4.0,
      4.0,
      4.0,
      3.0,
      4.0,
      2.0,
      4.0,
      4.0,
      2.0,
      3.0,
      3.0,
      2.0,
      4.0,
      4.0,
      3.0,
      4.0,
      4.0,
      2.0,
      4.0,
      3.0,
      3.0,
      3.0,
      4.0,
      2.0,
      3.0,
      4.0,
      3.0,
      3.0,
      4.0,
      3.0,
      2.0,
      3.0,
      3.0,
      3.0,
      4.0,
      5.0,
      2.0,
      3.0,
      3.0,
      3.0,
      3.0,
      3.0,
      4.0,
      2.0,
      3.0,
      4.0,
      3.0,
      4.0,
      3.0,
      3.0,
      3.0,
      3.0,
      3.0,
      4.0,
      3.0,
      3.0,
      4.0,
      3.0,
      4.0,
      4.0,
      4.0,
      4.0,
      2.0,
      2.0,
      3.0,
      3.0,
      2.0,
      3.0,
      3.0,
      2.0,
      4.0,
      3.0,
      3.0,
      4.0,
      4.0,
      2.0,
      4.0,
      2.0,
      3.0,
      3.0,
      3.0,
      2.0,
      3.0,
      4.0,
      4.0,
      4.0,
      2.0,
      2.0,
      3.0,
      3.0,
      2.0,
      3.0,
      3.0,
      4.0,
      3.0,
      3.0,
      4.0,
      3.0,
      3.0,
      2.0,
      4.0,
      4.0,
      3.0,
      4.0,
      2.0,
      2.0,
      2.0,
      3.0,
      4.0,
      3.0,
      3.0,
      4.0,
      4.0,
      3.0,
      3.0,
      3.0,
      4.0,
      3.0,
      3.0,
      2.0,
      3.0,
      4.0,
      4.0,
      4.0,
      2.0,
      4.0,
      4.0,
      3.0,
      4.0,
      4.0,
      4.0,
      4.0,
      4.0,
      4.0,
      2.0,
      3.0,
      2.0,
      3.0,
      3.0,
      3.0,
      4.0,
      2.0,
      4.0,
      3.0,
      3.0,
      4.0,
      4.0,
      3.0,
      4.0,
      3.0,
      3.0,
      2.0,
      4.0,
      3.0,
      4.0,
      2.0,
      4.0,
      3.0,
      3.0,
      3.0,
      2.0,
      3.0,
      2.0,
      4.0,
      3.0,
      2.0,
      4.0,
      4.0,
      3.0,
      3.0,
      3.0,
      3.0,
      3.0,
      2.0,
      3.0,
      5.0,
      3.0,
      3.0,
      3.0,
      3.0,
      3.0,
      3.0,
      3.0,
      3.0,
      3.0,
      4.0,
      3.0,
      3.0,
      4.0,
      2.0,
      2.0,
      2.0,
      4.0,
      4.0,
      2.0,
      4.0,
      4.0,
      4.0,
      3.0,
      2.0,
      4.0,
      3.0,
      3.0,
      4.0,
      3.0,
      3.0,
      3.0,
      3.0,
      4.0,
      3.0,
      4.0,
      3.0,
      3.0,
      4.0,
      3.0,
      3.0,
      4.0,
      2.0,
      3.0,
      4.0,
      4.0,
      3.0,
      3.0,
      4.0,
      4.0,
      2.0,
      3.0,
      4.0,
      2.0,
      4.0,
      2.0,
      4.0,
      4.0,
      5.0,
      4.0,
      4.0,
      4.0,
