{
  "_num_entities": 664048,
  "_num_triples": 2688849,
  "_num_relations": 18,
  "_density": 6.097719854334035e-06,
  "_triples_per_entity": 4.0491786738308075,
  "_relation_reuse": 149380.5
}