{
  "_triangle_count": 0,
  "_four_cycle_count": 20762061168,
  "_five_cycle_count": 0,
  "_six_cycle_count": 0,
  "_diamond_count": 0,
  "_k4_count": 0,
  "_tailed_triangle_count": 19114924092,
  "_star_counts": {
    "__sig_type__": "dict",
    "items": [
      [
        2,
        54067275144
      ],
      [
        3,
        3301156874911734
      ],
      [
        4,
        162789198736664100864
      ],
      [
        5,
        6607794430935393059733504
      ],
      [
        6,
        228300178136633318985288384512
      ],
      [
        7,
        6904471416244882105747517776855040
      ],
      [
        8,
        184979488708141150146825129595378860032
      ],
      [
        9,
        4490253369142074838281931541674211420405760
      ],
      [
        10,
        98133907488773869372825031755289210630055133184
      ]
    ]
  },
  "_path_template_zipf": {
    "__sig_type__": "dict",
    "items": [
      [
        2,
        NaN
      ],
      [
        3,
        NaN
      ],
      [
        4,
        1.8170041138946835
      ],
      [
        5,
        1.2203158872138047
      ],
      [
        6,
        1.2536948036698694
      ],
      [
        7,
        NaN
      ],
      [
        8,
        NaN
      ],
      [
        9,
        NaN
      ],
      [
        10,
        NaN
      ]
    ]
  },
  "_path_template_entropy": {
    "__sig_type__": "dict",
    "items": [
      [
        2,
        -0.0
      ],
      [
        3,
        -0.0
      ],
      [
        4,
        0.24920547244590308
      ],
      [
        5,
        0.36038604236723
      ],
      [
        6,
        1.4421694899793687
      ],
      [
        7,
        NaN
      ],
      [
        8,
        NaN
      ],
      [
        9,
        NaN
      ],
      [
        10,
        NaN
      ]
    ]
  },
  "_tree_template_zipf": 1.1232787482220232,
  "_tree_template_entropy": 1.460312896901537
}