{
  "source": "/Users/cl/data/Cross_Platform_Work/Uni/tum/bpc/BPC-Data-Engeneering-Topic-2/graphs/data/lubm/raw/59410577.ttl",
  "features": {
    "num_entities": 664048.0,
    "num_triples": 2688849.0,
    "num_relations": 18.0,
    "density": 6.097719854334035e-06,
    "triples_per_entity": 4.0491786738308075,
    "relation_reuse": 149380.5,
    "out_degree_alpha": 1.814785150992802,
    "out_degree_ks": 0.21629114296494334,
    "in_degree_alpha": 1.9434804936611547,
    "in_degree_ks": 0.11101872876891505,
    "obj_multiplicity_alpha_mean": 2.468518066406249,
    "obj_multiplicity_alpha_std": 0.33270263671875067,
    "obj_multiplicity_alpha_median": 2.468518066406249,
    "obj_multiplicity_ks_mean": 0.20639527346383646,
    "obj_multiplicity_ks_std": 0.011954239717381743,
    "obj_multiplicity_ks_median": 0.20639527346383646,
    "subj_multiplicity_alpha_mean": 2.6672779047037967,
    "subj_multiplicity_alpha_std": 0.49162502765621885,
    "subj_multiplicity_alpha_median": 2.937744140625,
    "subj_multiplicity_ks_mean": 0.2745585615477422,
    "subj_multiplicity_ks_std": 0.1549324205947733,
    "subj_multiplicity_ks_median": 0.24470978993224884,
    "functionality_mean": 0.8599393673193083,
    "functionality_std": 0.31541556234914747,
    "functionality_median": 1.0,
    "inverse_functionality_mean": 0.2347446491997817,
    "inverse_functionality_std": 0.4105976714055339,
    "inverse_functionality_median": 0.0,
    "subj_singular_value_01": 1542592.26118679,
    "subj_singular_value_02": 370418.6853512933,
    "subj_singular_value_03": 99343.89836163323,
    "subj_singular_value_04": 68876.14269554653,
    "subj_singular_value_05": 23637.878222448202,
    "subj_singular_value_06": 12777.964385655607,
    "subj_singular_value_07": 8913.953780477525,
    "subj_singular_value_08": 7657.860009621928,
    "subj_singular_value_09": 1747.3618103413862,
    "subj_singular_value_10": 744.3470237687959,
    "subj_cooc_density": 0.5864197530864198,
    "subj_row_entropy_mean": 2.012503029912405,
    "subj_row_entropy_std": 0.5281548111015222,
    "obj_singular_value_01": 225060.00000000006,
    "obj_singular_value_02": 89555.21879956199,
    "obj_singular_value_03": 59292.3542747042,
    "obj_singular_value_04": 8966.645725295792,
    "obj_singular_value_05": 7963.490173389028,
    "obj_singular_value_06": 3000.519850190819,
    "obj_singular_value_07": 1612.826681474684,
    "obj_singular_value_08": 983.9999999999999,
    "obj_singular_value_09": 115.29102704899043,
    "obj_singular_value_10": 30.0,
    "obj_cooc_density": 0.15432098765432098,
    "obj_row_entropy_mean": 0.7375978232162947,
    "obj_row_entropy_std": 0.5740479879678989,
    "num_classes": 0.0,
    "class_size_zipf_exponent": NaN,
    "mean_type_relation_entropy": 0.0,
    "num_distinct_cs": 13.0,
    "cs_freq_alpha": 1.3466960526118967,
    "cs_freq_ks": 0.2245176071753901,
    "cs_size_mean": 4.880262217523638,
    "cs_size_median": 6.0,
    "cs_size_p90": 8.0,
    "inv_num_distinct_cs": 14.0,
    "inv_cs_freq_alpha": 1.220835276694582,
    "inv_cs_freq_ks": 0.2070835190607464,
    "inv_cs_size_mean": 1.2125025221490544,
    "inv_cs_size_median": 1.0,
    "inv_cs_size_p90": 2.0,
    "pair_freq_top_01": 0.09332611086415249,
    "pair_freq_top_02": 0.09332611086415249,
    "pair_freq_top_03": 0.07788286366941691,
    "pair_freq_top_04": 0.05660297061249451,
    "pair_freq_top_05": 0.04625153207136048,
    "pair_freq_top_06": 0.04625153207136048,
    "pair_freq_top_07": 0.04625153207136048,
    "pair_freq_top_08": 0.04625153207136048,
    "pair_freq_top_09": 0.04051830905573014,
    "pair_freq_top_10": 0.0397246511245468,
    "pair_freq_top_11": 0.03382167974119878,
    "pair_freq_top_12": 0.03382167974119878,
    "pair_freq_top_13": 0.03382167974119878,
    "pair_freq_top_14": 0.02596555826496291,
    "pair_freq_top_15": 0.02596555826496291,
    "pair_freq_top_16": 0.02596555826496291,
    "pair_freq_top_17": 0.024991231541270212,
    "pair_freq_top_18": 0.02028597380639757,
    "pair_freq_top_19": 0.02028597380639757,
    "pair_freq_top_20": 0.01327473990117658,
    "pair_freq_alpha": 2.357618690242891,
    "pair_freq_ks": 0.18352252858995682,
    "triangle_count": 0.0,
    "four_cycle_count": 20762061168.0,
    "five_cycle_count": 0.0,
    "six_cycle_count": 0.0,
    "diamond_count": 0.0,
    "k4_count": 0.0,
    "tailed_triangle_count": 19114924092.0,
    "star_count_k2": 54067275144.0,
    "star_count_k3": 3301156874911734.0,
    "star_count_k4": 1.627891987366641e+20,
    "star_count_k5": 6.607794430935393e+24,
    "star_count_k6": 2.2830017813663332e+29,
    "star_count_k7": 6.904471416244882e+33,
    "star_count_k8": 1.8497948870814115e+38,
    "star_count_k9": 4.490253369142075e+42,
    "star_count_k10": 9.813390748877387e+46,
    "path_template_zipf_k2": NaN,
    "path_template_zipf_k3": NaN,
    "path_template_zipf_k4": 1.8170041138946835,
    "path_template_zipf_k5": 1.2203158872138047,
    "path_template_zipf_k6": 1.2536948036698694,
    "path_template_zipf_k7": NaN,
    "path_template_zipf_k8": NaN,
    "path_template_zipf_k9": NaN,
    "path_template_zipf_k10": NaN,
    "path_template_entropy_k2": -0.0,
    "path_template_entropy_k3": -0.0,
    "path_template_entropy_k4": 0.24920547244590308,
    "path_template_entropy_k5": 0.36038604236723,
    "path_template_entropy_k6": 1.4421694899793687,
    "path_template_entropy_k7": NaN,
    "path_template_entropy_k8": NaN,
    "path_template_entropy_k9": NaN,
    "path_template_entropy_k10": NaN,
    "tree_template_zipf": 1.1232787482220232,
    "tree_template_entropy": 1.460312896901537,
    "num_components": 2.0,
    "largest_component_fraction": 0.9993916102450425,
    "avg_shortest_path_length": 3.177,
    "avg_shortest_path_length_se": 0.023111984708888113,
    "clustering_coefficient": 0.006961337895323427,
    "degree_assortativity": -0.12300960807669455
  }
}