{
  "_triangle_count": 170463,
  "_four_cycle_count": 12835,
  "_five_cycle_count": 0,
  "_six_cycle_count": 2092535757,
  "_diamond_count": 218563,
  "_k4_count": 0,
  "_tailed_triangle_count": 30798609974,
  "_star_counts": {
    "__sig_type__": "dict",
    "items": [
      [
        2,
        17931233454
      ],
      [
        3,
        1054672238381766
      ],
      [
        4,
        48324728693932867584
      ],
      [
        5,
        1781521314869351492354048
      ],
      [
        6,
        54706199894155153865797795840
      ],
      [
        7,
        1440825847624343753247742574460928
      ],
      [
        8,
        33241494916916870025234238094767554560
      ],
      [
        9,
        682060306424068322597745990694051032072192
      ],
      [
        10,
        12552457017051533073892563834073303270622756864
      ]
    ]
  },
  "_path_template_zipf": {
    "__sig_type__": "dict",
    "items": [
      [
        2,
        NaN
      ],
      [
        3,
        1.1729550633369352
      ],
      [
        4,
        1.1257435481604623
      ],
      [
        5,
        1.1345806642560996
      ],
      [
        6,
        1.250284564849911
      ],
      [
        7,
        1.24996916112117
      ],
      [
        8,
        NaN
      ],
      [
        9,
        NaN
      ],
      [
        10,
        NaN
      ]
    ]
  },
  "_path_template_entropy": {
    "__sig_type__": "dict",
    "items": [
      [
        2,
        -0.0
      ],
      [
        3,
        0.00011941628887277925
      ],
      [
        4,
        0.6730438338151408
      ],
      [
        5,
        1.5506190019498494
      ],
      [
        6,
        0.009302700116228498
      ],
      [
        7,
        0.873460261799418
      ],
      [
        8,
        NaN
      ],
      [
        9,
        NaN
      ],
      [
        10,
        NaN
      ]
    ]
  },
  "_tree_template_zipf": 1.0750489710810294,
  "_tree_template_entropy": 0.4552477933725817
}