{
  "_num_components": 4,
  "_largest_component_fraction": 0.9996223550098935,
  "_clustering_coefficient": 0.37298612766891776,
  "_degree_assortativity": -0.23796754981122656,
  "_shortest_path_skew": {
    "__sig_type__": "tuple",
    "data": [
      1.9999993024352127,
      0.8843401530689132,
      6788185.239163723,
      2.0,
      5.0
    ]
  },
  "_pair_dists_finite": {
    "__sig_type__": "ndarray",
    "dtype": "float64",
    "data": [
      2.0,
      2.0,
      3.0,
      3.0,
      3.0,
      2.0,
      2.0,
      2.0,
      3.0,
      2.0,
      3.0,
      2.0,
      2.0,
      3.0,
      3.0,
      2.0,
      3.0,
      2.0,
      2.0,
      2.0,
      2.0,
      3.0,
      2.0,
      3.0,
      5.0,
      2.0,
      2.0,
      3.0,
      2.0,
      2.0,
      3.0,
      2.0,
      2.0,
      2.0,
      2.0,
      3.0,
      2.0,
      2.0,
      3.0,
      2.0,
      2.0,
      2.0,
      3.0,
      4.0,
      3.0,
      5.0,
      3.0,
      2.0,
      2.0,
      3.0,
      2.0,
      3.0,
      2.0,
      2.0,
      2.0,
      2.0,
      2.0,
      4.0,
      5.0,
      3.0,
      4.0,
      2.0,
      4.0,
      3.0,
      2.0,
      2.0,
      2.0,
      2.0,
      2.0,
      4.0,
      2.0,
      3.0,
      2.0,
      2.0,
      3.0,
      2.0,
      3.0,
      2.0,
      2.0,
      2.0,
      3.0,
      2.0,
      3.0,
      2.0,
      2.0,
      3.0,
      3.0,
      2.0,
      4.0,
      3.0,
      3.0,
      2.0,
      2.0,
      3.0,
      3.0,
      2.0,
      2.0,
      4.0,
      3.0,
      2.0,
      2.0,
      2.0,
      2.0,
      2.0,
      2.0,
      2.0,
      2.0,
      2.0,
      2.0,
      3.0,
      2.0,
      2.0,
      2.0,
      4.0,
      2.0,
      2.0,
      2.0,
      2.0,
      2.0,
      4.0,
      2.0,
      3.0,
      3.0,
      2.0,
      2.0,
      4.0,
      3.0,
      2.0,
      3.0,
      2.0,
      2.0,
      3.0,
      2.0,
      4.0,
      2.0,
      3.0,
      2.0,
      3.0,
      2.0,
      2.0,
      3.0,
      2.0,
      2.0,
      2.0,
      2.0,
      2.0,
      2.0,
      3.0,
      2.0,
      2.0,
      3.0,
      2.0,
      3.0,
      2.0,
      2.0,
      2.0,
      2.0,
      2.0,
      2.0,
      2.0,
      5.0,
      2.0,
      2.0,
      3.0,
      2.0,
      2.0,
      2.0,
      2.0,
      2.0,
      3.0,
      3.0,
      2.0,
      3.0,
      2.0,
      3.0,
      3.0,
      2.0,
      2.0,
      2.0,
      2.0,
      2.0,
      4.0,
      3.0,
      2.0,
      3.0,
      3.0,
      5.0,
      2.0,
      2.0,
      2.0,
      3.0,
      2.0,
      2.0,
      3.0,
      3.0,
      2.0,
      3.0,
      3.0,
      4.0,
      3.0,
      3.0,
      2.0,
      5.0,
      2.0,
      3.0,
      2.0,
      2.0,
      2.0,
      2.0,
      3.0,
      2.0,
      2.0,
      2.0,
      2.0,
      2.0,
      2.0,
      2.0,
      2.0,
      3.0,
      2.0,
      2.0,
      2.0,
      3.0,
      3.0,
      2.0,
      2.0,
      2.0,
      3.0,
      3.0,
      2.0,
      2.0,
      2.0,
      2.0,
      2.0,
      4.0,
      2.0,
      2.0,
      2.0,
      3.0,
      3.0,
      3.0,
      2.0,
      2.0,
      2.0,
      2.0,
      3.0,
      2.0,
      3.0,
      3.0,
      3.0,
      3.0,
      2.0,
      3.0,
      3.0,
      4.0,
      2.0,
      4.0,
      4.0,
      3.0,
      2.0,
      3.0,
      2.0,
      3.0,
      2.0,
      4.0,
      2.0,
      5.0,
      2.0,
      2.0,
      2.0,
      2.0,
      2.0,
      2.0,
      2.0,
      3.0,
      3.0,
      4.0,
      3.0,
      3.0,
      2.0,
      3.0,
      2.0,
      3.0,
      2.0,
      2.0,
      3.0,
      3.0,
      2.0,
      3.0,
      3.0,
      2.0,
      2.0,
      2.0,
      2.0,
      3.0,
      2.0,
      3.0,
      2.0,
      3.0,
      2.0,
      2.0,
      2.0,
      3.0,
      3.0,
      2.0,
      2.0,
      3.0,
      2.0,
      2.0,
      4.0,
      4.0,
      3.0,
      3.0,
      3.0,
      2.0,
      2.0,
      3.0,
      3.0,
      2.0,
      2.0,
      2.0,
      3.0,
      3.0,
      2.0,
      3.0,
      4.0,
      3.0,
      2.0,
      3.0,
      3.0,
      2.0,
      2.0,
      2.0,
      2.0,
      2.0,
      2.0,
      2.0,
      2.0,
      2.0,
      2.0,
      3.0,
      3.0,
      2.0,
      3.0,
      3.0,
      3.0,
      3.0,
      3.0,
      2.0,
      2.0,
      4.0,
      3.0,
      2.0,
      2.0,
      3.0,
      5.0,
      2.0,
      2.0,
      2.0,
      2.0,
      2.0,
      2.0,
      2.0,
      2.0,
      2.0,
      2.0,
      2.0,
      3.0,
      2.0,
      3.0,
      2.0,
      2.0,
      3.0,
      3.0,
      3.0,
      2.0,
      2.0,
      5.0,
      2.0,
      2.0,
      3.0,
      2.0,
      4.0,
      2.0,
      3.0,
      2.0,
      3.0,
      2.0,
      2.0,
      5.0,
      3.0,
      2.0,
      3.0,
      3.0,
      3.0,
      2.0,
      2.0,
      3.0,
      3.0,
      2.0,
      2.0,
      3.0,
      2.0,
      2.0,
      3.0,
      3.0,
      2.0,
      2.0,
      3.0,
      2.0,
      2.0,
      2.0,
      2.0,
      3.0,
      2.0,
      3.0,
      4.0,
      3.0,
      3.0,
      3.0,
      3.0,
      2.0,
      2.0,
      2.0,
      2.0,
      3.0,
      2.0,
      3.0,
      2.0,
      3.0,
      2.0,
      2.0,
      4.0,
      2.0,
      2.0,
      2.0,
      4.0,
      2.0,
      2.0,
      2.0,
      4.0,
      2.0,
      3.0,
      3.0,
      2.0,
      2.0,
      2.0,
      3.0,
      2.0,
      2.0,
      2.0,
      3.0,
      2.0,
      3.0,
      2.0,
      3.0,
      2.0,
      3.0,
      3.0,
      2.0,
      2.0,
      2.0,
      2.0,
      2.0,
      3.0,
      4.0,
      3.0,
      3.0,
      3.0,
      3.0,
      3.0,
      3.0,
      3.0,
      2.0,
      2.0,
      2.0,
      3.0,
      2.0,
      2.0,
      2.0,
      2.0,
      2.0,
      2.0,
      4.0,
      2.0,
      2.0,
      2.0,
      3.0,
      2.0,
      2.0,
      2.0,
      3.0,
      2.0,
      2.0,
      4.0,
      3.0,
      3.0,
      3.0,
      2.0,
      2.0,
      2.0,
      3.0,
      3.0,
      2.0,
      2.0,
      2.0,
      2.0,
      3.0,
      2.0,
      2.0,
      2.0,
      3.0,
      2.0,
      2.0,
      2.0,
      2.0,
      2.0,
      2.0,
      2.0,
      3.0,
      4.0,
      3.0,
      2.0,
      3.0,
      2.0,
      2.0,
      2.0,
      2.0,
      3.0,
      3.0,
      4.0,
      3.0,
      4.0,
      2.0,
      3.0,
      4.0,
      2.0,
      3.0,
      4.0,
      3.0,
      3.0,
      2.0,
      2.0,
      2.0,
      2.0,
      2.0,
      3.0,
      3.0,
      2.0,
      3.0,
      2.0,
      2.0,
      2.0,
      3.0,
      3.0,
      3.0,
      3.0,
      4.0,
      2.0,
      2.0,
      2.0,
      5.0,
      2.0,
      2.0,
      2.0,
      2.0,
      2.0,
      3.0,
      2.0,
      4.0,
      5.0,
      3.0,
      3.0,
      2.0,
      2.0,
      2.0,
      2.0,
      2.0,
      2.0,
      2.0,
      2.0,
      3.0,
      2.0,
      2.0,
      2.0,
      2.0,
      3.0,
      5.0,
      3.0,
      3.0,
      3.0,
      3.0,
      2.0,
      3.0,
      3.0,
      3.0,
      3.0,
      2.0,
      3.0,
      3.0,
      3.0,
      2.0,
      3.0,
      2.0,
      2.0,
      2.0,
      2.0,
      2.0,
      2.0,
      3.0,
      2.0,
      3.0,
      2.0,
      3.0,
      3.0,
      2.0,
      3.0,
      2.0,
      3.0,
      2.0,
      3.0,
      2.0,
      2.0,
      2.0,
      3.0,
      2.0,
      2.0,
      2.0,
      4.0,
      2.0,
      2.0,
      3.0,
      5.0,
      2.0,
      3.0,
      2.0,
      3.0,
      3.0,
      2.0,
      2.0,
      2.0,
      2.0,
      2.0,
      2.0,
      3.0,
      3.0,
      2.0,
      2.0,
      3.0,
      3.0,
      2.0,
      4.0,
      3.0,
      3.0,
      2.0,
      2.0,
      2.0,
      2.0,
      2.0,
      3.0,
      5.0,
      3.0,
      4.0,
      4.0,
      2.0,
      3.0,
      2.0,
      2.0,
      2.0,
      3.0,
      2.0,
      3.0,
      2.0,
      2.0,
      2.0,
      3.0,
      4.0,
      2.0,
      2.0,
      2.0,
      2.0,
      2.0,
      4.0,
      3.0,
      3.0,
      2.0,
