{
  "_num_components": 4,
  "_largest_component_fraction": 0.9996223550098935,
  "_clustering_coefficient": 0.37298612766891204,
  "_degree_assortativity": -0.23796754981122656,
  "_shortest_path_max": 5.0,
  "_shortest_path_mean": 2.537,
  "_shortest_path_var": 0.44063100000000005,
  "_pair_dists_finite": {
    "__sig_type__": "ndarray",
    "dtype": "float64",
    "data": [
      2.0,
      3.0,
      3.0,
      4.0,
      3.0,
      4.0,
      3.0,
      3.0,
      2.0,
      2.0,
      3.0,
      2.0,
      2.0,
      2.0,
      3.0,
      2.0,
      2.0,
      3.0,
      3.0,
      4.0,
      3.0,
      3.0,
      2.0,
      4.0,
      3.0,
      3.0,
      2.0,
      3.0,
      2.0,
      2.0,
      2.0,
      2.0,
      3.0,
      2.0,
      2.0,
      3.0,
      3.0,
      3.0,
      2.0,
      2.0,
      2.0,
      3.0,
      4.0,
      2.0,
      2.0,
      3.0,
      2.0,
      3.0,
      4.0,
      2.0,
      2.0,
      3.0,
      2.0,
      3.0,
      3.0,
      2.0,
      2.0,
      2.0,
      3.0,
      2.0,
      2.0,
      2.0,
      3.0,
      3.0,
      2.0,
      3.0,
      2.0,
      2.0,
      3.0,
      2.0,
      2.0,
      2.0,
      2.0,
      2.0,
      2.0,
      3.0,
      4.0,
      3.0,
      3.0,
      2.0,
      5.0,
      3.0,
      3.0,
      2.0,
      3.0,
      3.0,
      3.0,
      3.0,
      2.0,
      2.0,
      2.0,
      3.0,
      2.0,
      2.0,
      4.0,
      2.0,
      2.0,
      3.0,
      3.0,
      2.0,
      2.0,
      2.0,
      3.0,
      3.0,
      2.0,
      3.0,
      2.0,
      3.0,
      2.0,
      2.0,
      2.0,
      2.0,
      3.0,
      2.0,
      3.0,
      4.0,
      4.0,
      3.0,
      2.0,
      3.0,
      2.0,
      3.0,
      2.0,
      2.0,
      3.0,
      2.0,
      2.0,
      2.0,
      3.0,
      2.0,
      2.0,
      2.0,
      2.0,
      2.0,
      2.0,
      2.0,
      2.0,
      2.0,
      2.0,
      2.0,
      3.0,
      2.0,
      3.0,
      2.0,
      2.0,
      2.0,
      2.0,
      3.0,
      2.0,
      2.0,
      3.0,
      3.0,
      3.0,
      3.0,
      2.0,
      2.0,
      2.0,
      2.0,
      2.0,
      3.0,
      3.0,
      2.0,
      2.0,
      2.0,
      3.0,
      2.0,
      2.0,
      2.0,
      3.0,
      2.0,
      2.0,
      2.0,
      2.0,
      3.0,
      4.0,
      2.0,
      2.0,
      2.0,
      3.0,
      2.0,
      2.0,
      4.0,
      3.0,
      2.0,
      2.0,
      2.0,
      2.0,
      2.0,
      2.0,
      2.0,
      3.0,
      3.0,
      2.0,
      3.0,
      4.0,
      2.0,
      4.0,
      2.0,
      2.0,
      3.0,
      2.0,
      2.0,
      3.0,
      3.0,
      2.0,
      3.0,
      3.0,
      4.0,
      2.0,
      2.0,
      2.0,
      2.0,
      2.0,
      2.0,
      3.0,
      2.0,
      3.0,
      3.0,
      3.0,
      2.0,
      2.0,
      2.0,
      2.0,
      2.0,
      2.0,
      3.0,
      3.0,
      3.0,
      3.0,
      3.0,
      2.0,
      2.0,
      3.0,
      3.0,
      2.0,
      2.0,
      2.0,
      3.0,
      2.0,
      2.0,
      3.0,
      4.0,
      3.0,
      3.0,
      2.0,
      2.0,
      3.0,
      2.0,
      2.0,
      2.0,
      2.0,
      4.0,
      2.0,
      2.0,
      2.0,
      2.0,
      2.0,
      3.0,
      2.0,
      3.0,
      2.0,
      2.0,
      3.0,
      2.0,
      3.0,
      2.0,
      3.0,
      2.0,
      3.0,
      2.0,
      3.0,
      3.0,
      2.0,
      3.0,
      3.0,
      2.0,
      2.0,
      3.0,
      2.0,
      3.0,
      2.0,
      3.0,
      2.0,
      3.0,
      2.0,
      2.0,
      4.0,
      2.0,
      2.0,
      3.0,
      3.0,
      3.0,
      3.0,
      2.0,
      2.0,
      2.0,
      2.0,
      3.0,
      3.0,
      2.0,
      2.0,
      2.0,
      3.0,
      3.0,
      2.0,
      2.0,
      2.0,
      2.0,
      2.0,
      2.0,
      2.0,
      3.0,
      4.0,
      3.0,
      3.0,
      3.0,
      3.0,
      2.0,
      2.0,
      2.0,
      2.0,
      2.0,
      3.0,
      3.0,
      3.0,
      2.0,
      2.0,
      2.0,
      3.0,
      5.0,
      2.0,
      2.0,
      2.0,
      3.0,
      2.0,
      4.0,
      2.0,
      3.0,
      3.0,
      3.0,
      2.0,
      2.0,
      3.0,
      2.0,
      2.0,
      3.0,
      2.0,
      2.0,
      3.0,
      3.0,
      2.0,
      2.0,
      2.0,
      2.0,
      2.0,
      3.0,
      2.0,
      4.0,
      2.0,
      4.0,
      3.0,
      3.0,
      2.0,
      3.0,
      3.0,
      3.0,
      3.0,
      2.0,
      3.0,
      2.0,
      3.0,
      2.0,
      4.0,
      2.0,
      2.0,
      3.0,
      3.0,
      3.0,
      2.0,
      3.0,
      2.0,
      3.0,
      3.0,
      3.0,
      2.0,
      3.0,
      2.0,
      2.0,
      2.0,
      3.0,
      4.0,
      2.0,
      4.0,
      2.0,
      4.0,
      2.0,
      2.0,
      3.0,
      3.0,
      4.0,
      2.0,
      2.0,
      3.0,
      5.0,
      3.0,
      2.0,
      3.0,
      3.0,
      2.0,
      4.0,
      2.0,
      2.0,
      2.0,
      2.0,
      3.0,
      2.0,
      3.0,
      3.0,
      3.0,
      4.0,
      2.0,
      3.0,
      3.0,
      2.0,
      3.0,
      2.0,
      3.0,
      3.0,
      3.0,
      3.0,
      2.0,
      3.0,
      3.0,
      3.0,
      2.0,
      2.0,
      2.0,
      3.0,
      2.0,
      3.0,
      3.0,
      2.0,
      2.0,
      2.0,
      4.0,
      2.0,
      3.0,
      2.0,
      3.0,
      3.0,
      2.0,
      2.0,
      3.0,
      2.0,
      2.0,
      2.0,
      3.0,
      3.0,
      3.0,
      3.0,
      2.0,
      2.0,
      2.0,
      2.0,
      2.0,
      3.0,
      3.0,
      2.0,
      3.0,
      3.0,
      3.0,
      2.0,
      2.0,
      2.0,
      3.0,
      3.0,
      2.0,
      2.0,
      2.0,
      2.0,
      2.0,
      3.0,
      2.0,
      4.0,
      3.0,
      3.0,
      3.0,
      2.0,
      2.0,
      3.0,
      5.0,
      2.0,
      2.0,
      3.0,
      3.0,
      2.0,
      2.0,
      3.0,
      3.0,
      2.0,
      2.0,
      3.0,
      2.0,
      3.0,
      2.0,
      3.0,
      3.0,
      2.0,
      2.0,
      2.0,
      4.0,
      3.0,
      3.0,
      2.0,
      5.0,
      2.0,
      3.0,
      2.0,
      2.0,
      3.0,
      3.0,
      3.0,
      2.0,
      2.0,
      2.0,
      3.0,
      2.0,
      2.0,
      3.0,
      2.0,
      2.0,
      2.0,
      3.0,
      2.0,
      2.0,
      2.0,
      2.0,
      3.0,
      2.0,
      2.0,
      2.0,
      2.0,
      2.0,
      2.0,
      2.0,
      2.0,
      2.0,
      3.0,
      2.0,
      2.0,
      3.0,
      2.0,
      4.0,
      3.0,
      3.0,
      3.0,
      3.0,
      2.0,
      3.0,
      4.0,
      2.0,
      2.0,
      2.0,
      2.0,
      2.0,
      3.0,
      5.0,
      2.0,
      2.0,
      3.0,
      3.0,
      2.0,
      2.0,
      2.0,
      2.0,
      3.0,
      4.0,
      2.0,
      2.0,
      2.0,
      2.0,
      2.0,
      2.0,
      2.0,
      2.0,
      2.0,
      3.0,
      3.0,
      3.0,
      2.0,
      2.0,
      4.0,
      3.0,
      2.0,
      3.0,
      4.0,
      2.0,
      3.0,
      3.0,
      3.0,
      2.0,
      3.0,
      3.0,
      2.0,
      3.0,
      2.0,
      2.0,
      2.0,
      2.0,
      2.0,
      2.0,
      2.0,
      2.0,
      3.0,
      4.0,
      2.0,
      3.0,
      2.0,
      3.0,
      2.0,
      3.0,
      3.0,
      2.0,
      5.0,
      2.0,
      3.0,
      2.0,
      3.0,
      3.0,
      3.0,
      3.0,
      2.0,
      2.0,
      2.0,
      3.0,
      2.0,
      2.0,
      2.0,
      2.0,
      3.0,
      3.0,
      4.0,
      3.0,
      3.0,
      2.0,
      2.0,
      3.0,
      3.0,
      2.0,
      2.0,
      4.0,
      2.0,
      2.0,
      4.0,
      3.0,
      3.0,
      2.0,
      2.0,
      2.0,
      3.0,
      3.0,
      2.0,
      3.0,
      2.0,
      2.0,
      2.0,
      2.0,
      3.0,
      2.0,
      2.0,
      3.0,
      2.0,
      2.0,
      2.0,
      3.0,
      3.0,
      3.0,
      4.0,
      2.0,
      2.0,
      2.0,
      2.0,
      2.0,
      4.0,
      3.0,
      3.0,
      3.0,
      3.0,
      3.0,
      2.0,
      3.0,
      3.0,
