{
  "num_entities": 254207,
  "num_relations": 5,
  "mean_degree": 3.1551688191119833,
  "type_edge_frac": 0.3168766660100291
}