{
  "_triangle_count": 170463,
  "_four_cycle_count": 89695,
  "_five_cycle_count": 0,
  "_six_cycle_count": 2438943686,
  "_diamond_count": 282150,
  "_k4_count": 0,
  "_tailed_triangle_count": 30842857265,
  "_star_counts": {
    "__sig_type__": "dict",
    "items": [
      [
        2,
        17956782452
      ],
      [
        3,
        1056574903784005
      ],
      [
        4,
        48382171812328423424
      ],
      [
        5,
        1779812011539488030326784
      ],
      [
        6,
        54722974414588326240575291392
      ],
      [
        7,
        1441018015169026221661930861363200
      ],
      [
        8,
        33280863644543584785381387366303793152
      ],
      [
        9,
        684260227728589060852260132874784302170112
      ],
      [
        10,
        12565721753232381504590698647971061868586336256
      ]
    ]
  },
  "_path_template_zipf": {
    "__sig_type__": "dict",
    "items": [
      [
        2,
        NaN
      ],
      [
        3,
        1.1729550633369352
      ],
      [
        4,
        1.152486752259862
      ],
      [
        5,
        1.1352790410850833
      ],
      [
        6,
        1.1255518367846915
      ],
      [
        7,
        1.1656166799840788
      ],
      [
        8,
        NaN
      ],
      [
        9,
        NaN
      ],
      [
        10,
        NaN
      ]
    ]
  },
  "_path_template_entropy": {
    "__sig_type__": "dict",
    "items": [
      [
        2,
        -0.0
      ],
      [
        3,
        0.00011941628887277925
      ],
      [
        4,
        0.672636819288456
      ],
      [
        5,
        1.5477698635311326
      ],
      [
        6,
        0.009487534101912162
      ],
      [
        7,
        0.872211495234118
      ],
      [
        8,
        NaN
      ],
      [
        9,
        NaN
      ],
      [
        10,
        NaN
      ]
    ]
  },
  "_tree_template_zipf": 1.0752055938574985,
  "_tree_template_entropy": 0.4683314835568819
}